scene,seed,config,goal,solved,seconds,unsafe,calls
empty,0,sequential,front-right_top-down,1,7.3e-05,0,22
empty,0,sequential,front-left_top-down,1,3.6e-05,0,17
empty,0,sequential,high_reach_forward,0,2.000085,0,757323
empty,0,sequential,behind_top-down,1,0.000112,0,37
empty,0,picard_fixed,front-right_top-down,1,0.000304,0,176
empty,0,picard_fixed,front-left_top-down,1,0.000201,0,130
empty,0,picard_fixed,high_reach_forward,0,2.000608,0,813588
empty,0,picard_fixed,behind_top-down,1,0.000287,0,172
empty,0,picard_adaptive,front-right_top-down,1,0.000117,0,29
empty,0,picard_adaptive,front-left_top-down,1,5.7e-05,0,25
empty,0,picard_adaptive,high_reach_forward,0,2.000158,0,742818
empty,0,picard_adaptive,behind_top-down,1,0.000184,0,58
empty,1,picard_fixed,front-right_top-down,1,0.000289,0,167
empty,1,picard_fixed,front-left_top-down,1,0.000183,0,120
empty,1,picard_fixed,high_reach_forward,0,2.000899,0,821633
empty,1,picard_fixed,behind_top-down,1,0.000244,0,232
empty,1,picard_adaptive,front-right_top-down,1,8.1e-05,0,32
empty,1,picard_adaptive,front-left_top-down,1,7.9e-05,0,34
empty,1,picard_adaptive,high_reach_forward,0,2.000288,0,767205
empty,1,picard_adaptive,behind_top-down,1,0.00022,0,136
empty,1,sequential,front-right_top-down,1,5.7e-05,0,23
empty,1,sequential,front-left_top-down,1,5e-05,0,24
empty,1,sequential,high_reach_forward,0,2.000042,0,759852
empty,1,sequential,behind_top-down,1,0.000134,0,121
empty,2,picard_adaptive,front-right_top-down,1,0.000128,0,77
empty,2,picard_adaptive,front-left_top-down,1,7.5e-05,0,63
empty,2,picard_adaptive,high_reach_forward,0,2.000134,0,768060
empty,2,picard_adaptive,behind_top-down,1,0.000241,0,122
empty,2,sequential,front-right_top-down,1,0.000108,0,45
empty,2,sequential,front-left_top-down,1,4e-05,0,47
empty,2,sequential,high_reach_forward,0,2.000037,0,759675
empty,2,sequential,behind_top-down,1,0.00015,0,112
empty,2,picard_fixed,front-right_top-down,1,0.000275,0,143
empty,2,picard_fixed,front-left_top-down,1,0.000142,0,93
empty,2,picard_fixed,high_reach_forward,0,2.000469,0,817210
empty,2,picard_fixed,behind_top-down,1,0.000272,0,187
pillars,0,sequential,between_posts_right,1,0.000281,0,353
pillars,0,sequential,between_posts_left,1,9.6e-05,0,45
pillars,0,sequential,far_side_low,1,0.000142,0,49
pillars,0,sequential,behind_the_field,1,0.00013,0,52
pillars,0,picard_fixed,between_posts_right,1,0.000481,0,1766
pillars,0,picard_fixed,between_posts_left,1,0.000286,0,139
pillars,0,picard_fixed,far_side_low,1,0.000221,0,128
pillars,0,picard_fixed,behind_the_field,1,0.000265,0,167
pillars,0,picard_adaptive,between_posts_right,1,0.000331,0,478
pillars,0,picard_adaptive,between_posts_left,1,0.000152,0,72
pillars,0,picard_adaptive,far_side_low,1,0.000165,0,74
pillars,0,picard_adaptive,behind_the_field,1,0.000184,0,76
pillars,1,picard_fixed,between_posts_right,1,0.000294,0,156
pillars,1,picard_fixed,between_posts_left,1,0.000259,0,190
pillars,1,picard_fixed,far_side_low,1,0.00025,0,156
pillars,1,picard_fixed,behind_the_field,1,0.000292,0,264
pillars,1,picard_adaptive,between_posts_right,1,0.000283,0,99
pillars,1,picard_adaptive,between_posts_left,1,0.000135,0,71
pillars,1,picard_adaptive,far_side_low,1,0.000224,0,93
pillars,1,picard_adaptive,behind_the_field,1,0.000235,0,143
pillars,1,sequential,between_posts_right,1,0.000164,0,75
pillars,1,sequential,between_posts_left,1,8.7e-05,0,49
pillars,1,sequential,far_side_low,1,0.000149,0,86
pillars,1,sequential,behind_the_field,1,0.000168,0,124
pillars,2,picard_adaptive,between_posts_right,1,0.000308,0,129
pillars,2,picard_adaptive,between_posts_left,1,0.000155,0,107
pillars,2,picard_adaptive,far_side_low,1,0.000153,0,38
pillars,2,picard_adaptive,behind_the_field,1,0.000214,0,138
pillars,2,sequential,between_posts_right,1,0.000191,0,85
pillars,2,sequential,between_posts_left,1,9.3e-05,0,66
pillars,2,sequential,far_side_low,1,9.5e-05,0,26
pillars,2,sequential,behind_the_field,1,0.000145,0,120
pillars,2,picard_fixed,between_posts_right,1,0.000437,0,214
pillars,2,picard_fixed,between_posts_left,1,0.000258,0,167
pillars,2,picard_fixed,far_side_low,1,0.000221,0,99
pillars,2,picard_fixed,behind_the_field,1,0.000267,0,285
clutter,0,sequential,high_forward,1,0.000342,0,124
clutter,0,sequential,behind,1,0.0026,0,957
clutter,0,picard_fixed,high_forward,1,0.001238,0,555
clutter,0,picard_fixed,behind,1,0.014891,0,5358
clutter,0,picard_adaptive,high_forward,1,0.000433,0,160
clutter,0,picard_adaptive,behind,1,0.003238,0,1138
clutter,1,picard_fixed,high_forward,1,0.001539,0,563
clutter,1,picard_fixed,behind,1,0.013333,0,1291
clutter,1,picard_adaptive,high_forward,1,0.000467,0,143
clutter,1,picard_adaptive,behind,1,0.002589,0,346
clutter,1,sequential,high_forward,1,0.000349,0,112
clutter,1,sequential,behind,1,0.002016,0,307
clutter,2,picard_adaptive,high_forward,1,0.000562,0,183
clutter,2,picard_adaptive,behind,1,0.00094,0,516
clutter,2,sequential,high_forward,1,0.000434,0,139
clutter,2,sequential,behind,1,0.000705,0,1094
clutter,2,picard_fixed,high_forward,1,0.001524,0,568
clutter,2,picard_fixed,behind,1,0.002804,0,2712
shelf,0,sequential,lower_bay_left,1,0.003713,0,2843
shelf,0,sequential,lower_bay_right,1,0.001306,0,473
shelf,0,sequential,upper_bay_left,1,0.000551,0,206
shelf,0,sequential,upper_bay_right,1,0.000351,0,170
shelf,0,picard_fixed,lower_bay_left,1,0.027372,0,25328
shelf,0,picard_fixed,lower_bay_right,1,0.00665,0,3271
shelf,0,picard_fixed,upper_bay_left,1,0.003357,0,1219
shelf,0,picard_fixed,upper_bay_right,1,0.001978,0,1356
shelf,0,picard_adaptive,lower_bay_left,1,0.005239,0,4119
shelf,0,picard_adaptive,lower_bay_right,1,0.001255,0,573
shelf,0,picard_adaptive,upper_bay_left,1,0.000643,0,238
shelf,0,picard_adaptive,upper_bay_right,1,0.000419,0,232
shelf,1,picard_fixed,lower_bay_left,1,0.019788,0,5774
shelf,1,picard_fixed,lower_bay_right,1,0.008364,1,6248
shelf,1,picard_fixed,upper_bay_left,1,0.009722,0,1373
shelf,1,picard_fixed,upper_bay_right,1,0.003799,0,1446
shelf,1,picard_adaptive,lower_bay_left,1,0.003354,0,993
shelf,1,picard_adaptive,lower_bay_right,1,0.00145,1,1073
shelf,1,picard_adaptive,upper_bay_left,1,0.001977,0,266
shelf,1,picard_adaptive,upper_bay_right,1,0.001003,0,364
shelf,1,sequential,lower_bay_left,1,0.002497,0,610
shelf,1,sequential,lower_bay_right,1,0.001991,1,747
shelf,1,sequential,upper_bay_left,1,0.001104,0,242
shelf,1,sequential,upper_bay_right,1,0.000827,0,310
shelf,2,picard_adaptive,lower_bay_left,1,0.007409,0,1497
shelf,2,picard_adaptive,lower_bay_right,1,0.00179,0,1284
shelf,2,picard_adaptive,upper_bay_left,1,0.000493,0,189
shelf,2,picard_adaptive,upper_bay_right,1,0.000582,0,218
shelf,2,sequential,lower_bay_left,1,0.004158,0,1165
shelf,2,sequential,lower_bay_right,1,0.002443,0,1025
shelf,2,sequential,upper_bay_left,1,0.000405,0,164
shelf,2,sequential,upper_bay_right,1,0.000471,0,183
shelf,2,picard_fixed,lower_bay_left,1,0.044235,0,9006
shelf,2,picard_fixed,lower_bay_right,1,0.01714,0,7870
shelf,2,picard_fixed,upper_bay_left,1,0.002474,0,991
shelf,2,picard_fixed,upper_bay_right,1,0.002014,0,756
corridor,0,sequential,corridor_entrance_from_above,1,0.00039,0,109
corridor,0,sequential,under_the_ceiling,1,0.001116,0,525
corridor,0,sequential,far_end_under_the_ceiling,1,0.001885,0,489
corridor,0,picard_fixed,corridor_entrance_from_above,1,0.001216,0,507
corridor,0,picard_fixed,under_the_ceiling,1,0.010136,0,3843
corridor,0,picard_fixed,far_end_under_the_ceiling,1,0.01152,0,3528
corridor,0,picard_adaptive,corridor_entrance_from_above,1,0.000508,0,137
corridor,0,picard_adaptive,under_the_ceiling,1,0.001879,0,698
corridor,0,picard_adaptive,far_end_under_the_ceiling,1,0.001974,0,637
corridor,1,picard_fixed,corridor_entrance_from_above,1,0.001195,0,273
corridor,1,picard_fixed,under_the_ceiling,1,0.018582,0,7174
corridor,1,picard_fixed,far_end_under_the_ceiling,1,0.029034,0,6704
corridor,1,picard_adaptive,corridor_entrance_from_above,1,0.000469,0,124
corridor,1,picard_adaptive,under_the_ceiling,1,0.002963,0,1318
corridor,1,picard_adaptive,far_end_under_the_ceiling,1,0.005009,0,1135
corridor,1,sequential,corridor_entrance_from_above,1,0.00035,0,95
corridor,1,sequential,under_the_ceiling,1,0.002306,0,929
corridor,1,sequential,far_end_under_the_ceiling,1,0.003777,0,848
corridor,2,picard_adaptive,corridor_entrance_from_above,1,0.000446,0,206
corridor,2,picard_adaptive,under_the_ceiling,1,0.004581,0,1700
corridor,2,picard_adaptive,far_end_under_the_ceiling,1,0.004508,0,1773
corridor,2,sequential,corridor_entrance_from_above,1,0.000324,0,169
corridor,2,sequential,under_the_ceiling,1,0.002639,0,1021
corridor,2,sequential,far_end_under_the_ceiling,1,0.003163,0,1281
corridor,2,picard_fixed,corridor_entrance_from_above,1,0.00105,0,647
corridor,2,picard_fixed,under_the_ceiling,1,0.028143,0,10450
corridor,2,picard_fixed,far_end_under_the_ceiling,1,0.028232,0,10904
