seed,scene,problem,method,eligible,solved,seconds,samples,vertices,path_length,waypoints,audited_states,unsafe_states,min_clearance,min_self_overlap,self_colliding,misses,rad_per_call,coarse_fraction
1,bookshelf_tall,1,isSafe,1,1,0.00113034,1272,14,13.0991,8,656,0,0.00385175,0.00249477,0,0,0.0,0.0
1,bookshelf_tall,1,bubbleCBF,1,1,0.000517994,228,11,10.465,582,582,0,0.00187836,0.00249477,0,0,0.0565062,0.364035
1,bookshelf_tall,1,VAMP,1,1,6.2074e-05,1430,10,12.0032,8,602,2,-0.00306561,0.00249477,0,0,0.0,0.0
1,bookshelf_tall,2,isSafe,1,1,0.00307149,3527,41,20.1589,12,1009,0,0.00209964,0.00249477,0,0,0.0,0.0
1,bookshelf_tall,2,bubbleCBF,1,1,0.000232732,113,8,8.45401,489,489,0,0.000613186,0.00249477,0,0,0.0748143,0.309735
1,bookshelf_tall,2,VAMP,1,1,0.000348214,10080,50,16.8057,10,842,0,0.00531366,0.00249477,0,0,0.0,0.0
1,bookshelf_tall,8,isSafe,1,1,0.000809113,917,13,11.2076,7,562,0,0.000278469,0.00249477,0,0,0.0,0.0
1,bookshelf_tall,8,bubbleCBF,1,1,0.000268686,126,7,8.39503,484,484,0,0.000278469,0.00249477,0,0,0.0666272,0.380952
1,bookshelf_tall,8,VAMP,1,1,0.000124159,3276,20,15.2744,9,765,0,0.000278469,0.00249477,0,0,0.0,0.0
1,bookshelf_tall,9,isSafe,1,1,0.000937679,1054,15,16.2526,10,814,14,-0.00224995,0.00249477,0,0,0.0,0.0
1,bookshelf_tall,9,bubbleCBF,1,1,0.0017784,647,17,12.1973,751,751,1,-0.00224995,0.00249477,0,0,0.034657,0.0602782
1,bookshelf_tall,9,VAMP,1,1,0.000552439,18245,76,12.3636,8,620,2,-0.00224995,0.00249477,0,0,0.0,0.0
1,bookshelf_tall,10,isSafe,1,1,0.00096544,1109,14,9.9575,6,499,1,-3.43804e-05,0.00249477,0,0,0.0,0.0
1,bookshelf_tall,10,bubbleCBF,1,1,0.0100401,3848,59,13.0764,856,856,1,-3.43804e-05,0.00249477,0,0,0.0253932,0.02079
1,bookshelf_tall,10,VAMP,1,1,4.6616e-05,1342,8,9.49149,6,476,8,-0.000544566,0.00249477,0,0,0.0,0.0
1,bookshelf_tall,11,isSafe,1,1,0.0024622,2811,34,10.7873,7,541,0,0.00215429,0.00249477,0,0,0.0,0.0
1,bookshelf_tall,11,bubbleCBF,1,1,0.00205765,801,20,15.9257,1025,1025,0,0.00215429,0.00249477,0,0,0.0302535,0.0836454
1,bookshelf_tall,11,VAMP,1,1,0.000317896,11109,49,22.6633,13,1135,6,-0.00274983,0.00249477,0,0,0.0,0.0
1,bookshelf_tall,15,isSafe,1,1,0.00483679,5509,64,15.7807,9,791,0,0.0035865,0.00249477,0,0,0.0,0.0
1,bookshelf_tall,15,bubbleCBF,1,1,0.00141029,509,14,11.8934,773,773,0,0.000721481,0.00249477,0,0,0.0300198,0.00982318
1,bookshelf_tall,15,VAMP,1,1,0.000158875,3991,24,18.9712,11,950,0,0.000420488,0.00249477,0,0,0.0,0.0
1,bookshelf_tall,17,isSafe,1,1,0.000765475,860,12,13.426,8,673,0,0.000965609,0.00249477,0,0,0.0,0.0
1,bookshelf_tall,17,bubbleCBF,1,1,0.0013051,496,14,10.3934,637,637,0,0.000532688,0.00249477,0,0,0.0339739,0.0362903
1,bookshelf_tall,17,VAMP,1,1,0.000205628,5851,31,13.9068,8,697,0,0.000965609,0.00249477,0,0,0.0,0.0
1,bookshelf_tall,19,isSafe,1,1,0.00029535,325,6,7.62615,5,383,0,0.00164195,0.00249477,0,0,0.0,0.0
1,bookshelf_tall,19,bubbleCBF,1,1,0.00136683,508,13,9.19543,578,578,0,2.07095e-05,0.00249477,0,0,0.031281,0.015748
1,bookshelf_tall,19,VAMP,1,1,9.1389e-05,3274,13,9.16743,6,460,0,0.000523902,0.00249477,0,0,0.0,0.0
1,bookshelf_tall,22,isSafe,1,1,0.00803537,9164,108,13.516,8,677,0,0.00212594,0.00249477,0,0,0.0,0.0
1,bookshelf_tall,22,bubbleCBF,1,1,0.00150468,573,14,11.7729,767,767,0,5.07348e-05,0.00249477,0,0,0.0287171,0.0680628
1,bookshelf_tall,22,VAMP,1,1,0.000133032,3176,22,17.8436,10,894,6,-0.00177673,0.00249477,0,0,0.0,0.0
1,bookshelf_tall,23,isSafe,1,1,0.000868528,989,13,17.4145,10,872,16,-0.00506748,0.00249477,0,0,0.0,0.0
1,bookshelf_tall,23,bubbleCBF,1,1,0.000723972,277,9,7.44887,497,497,1,-2.3831e-05,0.00249477,0,0,0.0286953,0.0180505
1,bookshelf_tall,23,VAMP,1,1,8.1563e-05,1723,14,9.05138,6,454,0,8.30054e-05,0.00249477,0,0,0.0,0.0
1,bookshelf_tall,28,isSafe,1,1,0.003544,4066,43,12.8633,8,645,1,-8.76162e-05,0.00249477,0,0,0.0,0.0
1,bookshelf_tall,28,bubbleCBF,1,1,0.000334388,154,9,7.27161,433,433,1,-1.99463e-05,0.00249477,0,0,0.0472182,0.272727
1,bookshelf_tall,28,VAMP,1,1,0.000243324,9678,35,14.5729,9,730,29,-0.00260246,0.00249477,0,0,0.0,0.0
1,bookshelf_tall,29,isSafe,1,1,0.00228012,2603,28,18.3427,11,919,0,0.00136666,0.00249477,0,0,0.0,0.0
1,bookshelf_tall,29,bubbleCBF,1,1,0.00273224,1057,31,11.2587,739,739,0,0.000287976,0.00249477,0,0,0.0309859,0.0189215
1,bookshelf_tall,29,VAMP,1,1,5.2347e-05,1184,9,10.3008,7,517,0,0.00136666,0.00249477,0,0,0.0,0.0
1,bookshelf_tall,33,isSafe,1,1,0.0015964,1832,20,14.4456,9,724,3,-0.0006161,0.00249477,0,0,0.0,0.0
1,bookshelf_tall,33,bubbleCBF,1,1,0.000301317,139,7,7.03028,416,416,2,-0.000584279,0.00249477,0,0,0.056705,0.258993
1,bookshelf_tall,33,VAMP,1,1,3.0978e-05,478,7,4.4546,4,224,5,-0.00358375,0.00249477,0,0,0.0,0.0
1,bookshelf_tall,36,isSafe,1,1,0.00496837,5686,66,14.3103,9,717,10,-0.00231148,0.00249477,0,0,0.0,0.0
1,bookshelf_tall,36,bubbleCBF,1,1,0.00182827,678,15,14.011,892,892,16,-0.000561222,0.00249477,0,0,0.0340123,0.10177
1,bookshelf_tall,36,VAMP,1,1,0.00041336,13724,62,15.6624,9,785,6,-0.00174692,0.000494608,0,0,0.0,0.0
1,bookshelf_tall,40,isSafe,1,1,0.050982,53995,674,20.2939,12,1016,0,0.00421794,0.00249477,0,0,0.0,0.0
1,bookshelf_tall,40,bubbleCBF,1,1,0.000805724,324,13,10.4922,667,667,0,0.0004225,0.00249477,0,0,0.0361172,0.0864198
1,bookshelf_tall,40,VAMP,1,1,0.000160316,4921,24,15.5176,9,777,0,0.00084136,0.00249477,0,0,0.0,0.0
1,bookshelf_tall,41,isSafe,1,1,0.000650128,738,12,12.0222,8,603,0,0.00667436,0.00249477,0,0,0.0,0.0
1,bookshelf_tall,41,bubbleCBF,1,1,0.000653394,255,10,8.81813,598,598,3,-0.000314797,0.00249477,0,0,0.0345809,0.0745098
1,bookshelf_tall,41,VAMP,1,1,0.000111082,3104,20,15.2165,9,762,5,-0.00390799,0.00249477,0,0,0.0,0.0
1,bookshelf_tall,42,isSafe,1,1,0.0027784,3194,38,10.6092,7,532,0,0.00155056,0.00249477,0,0,0.0,0.0
1,bookshelf_tall,42,bubbleCBF,1,1,0.000684191,268,12,6.98452,459,459,0,0.000700638,0.00249477,0,0,0.0287891,0.0186567
1,bookshelf_tall,42,VAMP,1,1,0.000232,8835,33,8.42796,6,423,0,0.00368594,0.00249477,0,0,0.0,0.0
1,bookshelf_tall,46,isSafe,1,1,0.00178837,2056,21,15.8868,9,796,3,-0.0011766,0.00249477,0,0,0.0,0.0
1,bookshelf_tall,46,bubbleCBF,1,1,0.000117959,59,6,6.22526,336,336,1,-0.00100912,0.00249477,0,0,0.105513,0.440678
1,bookshelf_tall,46,VAMP,1,1,2.6829e-05,324,6,7.76205,5,390,2,-0.00100912,0.00249477,0,0,0.0,0.0
1,bookshelf_tall,47,isSafe,1,1,0.00112243,1267,17,14.4096,9,722,0,0.00173604,0.00249477,0,0,0.0,0.0
1,bookshelf_tall,47,bubbleCBF,1,1,0.00949218,3590,55,20.3976,1312,1312,0,0.000596482,0.00249477,0,0,0.0257548,0.0398329
1,bookshelf_tall,47,VAMP,1,1,0.000130712,4091,20,13.6207,8,683,5,-0.00293957,0.00249477,0,0,0.0,0.0
1,bookshelf_thin,2,isSafe,1,1,0.000980595,1103,15,13.3998,8,671,0,0.00329709,0.00249477,0,0,0.0,0.0
1,bookshelf_thin,2,bubbleCBF,1,1,0.00212926,762,23,11.5355,820,820,8,-0.000579523,0.00249477,0,0,0.0269751,0.0223097
1,bookshelf_thin,2,VAMP,1,1,0.000110589,2539,18,14.1787,9,710,0,0.00329709,0.00249477,0,0,0.0,0.0
1,bookshelf_thin,3,isSafe,1,1,0.000392272,437,7,7.97527,5,400,0,0.00144607,0.00249477,0,0,0.0,0.0
1,bookshelf_thin,3,bubbleCBF,1,1,9.7956e-05,53,6,6.4324,344,344,0,0.00144607,0.00249477,0,0,0.121366,0.603774
1,bookshelf_thin,3,VAMP,1,1,2.9592e-05,229,6,6.60493,5,332,1,-0.0010605,0.00249477,0,0,0.0,0.0
1,bookshelf_thin,8,isSafe,1,1,0.0145484,16600,158,15.6403,9,784,0,0.000200806,0.00249477,0,0,0.0,0.0
1,bookshelf_thin,8,bubbleCBF,1,1,0.000398151,180,10,11.1698,636,636,0,0.000129005,0.00249477,0,0,0.0681538,0.35
1,bookshelf_thin,8,VAMP,1,1,0.00217978,62626,190,21.487,13,1076,5,-0.00105373,0.00249477,0,0,0.0,0.0
1,bookshelf_thin,9,isSafe,1,1,0.000455703,516,8,10.0304,7,503,0,0.000265528,0.00249477,0,0,0.0,0.0
1,bookshelf_thin,9,bubbleCBF,1,1,0.000191363,98,6,6.76566,385,385,0,0.00227968,0.00249477,0,0,0.0690373,0.591837
1,bookshelf_thin,9,VAMP,1,1,0.000200123,4945,20,14.8025,9,742,3,-0.00303758,0.00249477,0,0,0.0,0.0
1,bookshelf_thin,12,isSafe,1,1,0.00118179,1340,18,10.2701,7,515,0,0.00101537,0.00249477,0,0,0.0,0.0
1,bookshelf_thin,12,bubbleCBF,1,1,0.00157284,605,16,11.1121,715,715,6,-0.00439246,0.00249477,0,0,0.0289037,0.0561983
1,bookshelf_thin,12,VAMP,1,1,0.000211326,4975,29,15.7832,9,791,0,0.00101537,0.00122748,0,0,0.0,0.0
1,bookshelf_thin,13,isSafe,1,1,0.00096594,1090,14,7.55638,5,379,1,-0.000129268,0.00249477,0,0,0.0,0.0
1,bookshelf_thin,13,bubbleCBF,1,1,0.00178406,667,18,11.0113,684,684,1,-0.000129268,0.00249477,0,0,0.0309913,0.077961
1,bookshelf_thin,13,VAMP,1,1,0.00018669,4075,22,9.62489,6,483,3,-0.0032646,0.00249477,0,0,0.0,0.0
1,bookshelf_thin,14,isSafe,1,1,0.00350591,4026,43,15.6374,9,783,0,0.00117002,0.00249477,0,0,0.0,0.0
1,bookshelf_thin,14,bubbleCBF,1,1,0.000583202,230,8,6.68554,378,378,0,0.000119887,0.00249477,0,0,0.0465952,0.217391
1,bookshelf_thin,14,VAMP,1,1,2.9908e-05,421,6,6.69584,5,336,3,-0.00047569,0.00249477,0,0,0.0,0.0
1,bookshelf_thin,16,isSafe,1,1,0.00115278,1313,17,13.2792,8,665,1,-0.000457134,0.00249477,0,0,0.0,0.0
1,bookshelf_thin,16,bubbleCBF,1,1,0.000683291,284,9,10.645,647,647,3,-0.00183255,0.00249477,0,0,0.0421368,0.204225
1,bookshelf_thin,16,VAMP,1,1,0.000146189,3365,21,13.434,9,673,1,-0.000457134,0.00249477,0,0,0.0,0.0
1,bookshelf_thin,17,isSafe,1,1,0.00484145,5557,61,17.9883,10,901,0,0.00109988,0.00249477,0,0,0.0,0.0
1,bookshelf_thin,17,bubbleCBF,1,1,0.000277267,113,7,6.62083,382,382,0,0.000224415,0.00249477,0,0,0.0623345,0.159292
1,bookshelf_thin,17,VAMP,1,1,6.1305e-05,1400,10,6.94162,5,349,0,0.00109988,0.00249477,0,0,0.0,0.0
1,bookshelf_thin,18,isSafe,1,1,0.00571033,6509,72,14.5156,9,727,0,0.00465497,0.00249477,0,0,0.0,0.0
1,bookshelf_thin,18,bubbleCBF,1,1,0.000777189,306,11,11.5303,696,696,1,-0.00184067,0.00249477,0,0,0.0413811,0.0947712
1,bookshelf_thin,18,VAMP,1,1,0.000591604,16846,69,13.9576,8,699,0,0.0033593,0.00249477,0,0,0.0,0.0
1,bookshelf_thin,19,isSafe,1,1,0.00685917,7814,89,13.8509,8,694,0,0.000601655,0.00249477,0,0,0.0,0.0
1,bookshelf_thin,19,bubbleCBF,1,1,0.00505097,1871,32,12.7763,782,782,7,-0.0018047,0.00249477,0,0,0.0267134,0.0502405
1,bookshelf_thin,19,VAMP,1,1,0.000424284,14031,52,14.5904,9,731,0,0.00191011,0.00249477,0,0,0.0,0.0
1,bookshelf_thin,20,isSafe,1,1,0.18003,187055,1842,24.3221,14,1218,0,0.00677303,0.00249477,0,0,0.0,0.0
1,bookshelf_thin,20,bubbleCBF,1,1,0.000935458,379,11,9.29481,572,572,67,-0.00451957,0.00249477,0,0,0.0403854,0.155673
1,bookshelf_thin,20,VAMP,1,1,0.0020901,69455,213,11.2214,7,563,0,0.00677303,0.00249477,0,0,0.0,0.0
1,bookshelf_thin,21,isSafe,1,1,0.00229131,2614,32,21.4876,12,1076,0,0.000433359,0.00249477,0,0,0.0,0.0
1,bookshelf_thin,21,bubbleCBF,1,1,0.000391509,159,8,7.14247,459,459,0,0.000433359,0.00249477,0,0,0.0449212,0.132075
1,bookshelf_thin,21,VAMP,1,1,0.000184967,3647,25,8.27248,6,415,6,-0.00290462,0.000696803,0,0,0.0,0.0
1,bookshelf_thin,22,isSafe,1,1,0.00768686,8757,102,15.8215,9,793,7,-0.00281402,0.00249477,0,0,0.0,0.0
1,bookshelf_thin,22,bubbleCBF,1,1,0.00306834,1145,25,18.1865,1177,1177,25,-0.000597017,0.00249477,0,0,0.0317846,0.0611354
1,bookshelf_thin,22,VAMP,1,1,0.00014868,3544,22,15.5246,9,778,0,0.000516744,0.000115908,0,0,0.0,0.0
1,bookshelf_thin,23,isSafe,1,1,0.00345014,3969,46,16.9366,10,848,0,0.000382886,0.00249477,0,0,0.0,0.0
1,bookshelf_thin,23,bubbleCBF,1,1,0.00117254,457,14,11.9323,777,777,10,-0.000359047,0.00249477,0,0,0.0345299,0.0940919
1,bookshelf_thin,23,VAMP,1,1,0.000145652,3624,22,20.9266,13,1048,0,0.000382886,0.000739132,0,0,0.0,0.0
1,bookshelf_thin,25,isSafe,1,1,0.00357809,4095,44,15.2288,9,763,13,-0.0011379,0.00249477,0,0,0.0,0.0
1,bookshelf_thin,25,bubbleCBF,1,1,0.00201667,773,23,12.3901,728,728,0,0.00163466,0.00249477,0,0,0.0360529,0.0620957
1,bookshelf_thin,25,VAMP,1,1,0.000678356,20357,79,18.4451,11,924,13,-0.0026303,0.00249477,0,0,0.0,0.0
1,bookshelf_thin,27,isSafe,1,1,0.00105897,1182,16,11.1251,7,558,4,-0.0011336,0.00249477,0,0,0.0,0.0
1,bookshelf_thin,27,bubbleCBF,1,1,0.00112389,485,17,8.72623,518,518,1,-0.000108746,0.00249477,0,0,0.0417704,0.0927835
1,bookshelf_thin,27,VAMP,1,1,0.000191756,4270,25,8.88602,6,446,1,-0.000108746,0.00249477,0,0,0.0,0.0
1,bookshelf_thin,28,isSafe,1,1,0.000963739,1078,14,9.64076,6,484,1,-7.22629e-05,0.00249477,0,0,0.0,0.0
1,bookshelf_thin,28,bubbleCBF,1,1,0.000648322,262,8,8.73972,505,505,0,4.19343e-05,0.00249477,0,0,0.0422761,0.137405
1,bookshelf_thin,28,VAMP,1,1,0.000196782,6338,27,10.4443,7,524,0,0.00346774,0.00249477,0,0,0.0,0.0
1,bookshelf_thin,29,isSafe,1,1,0.0029125,3346,26,10.9969,7,551,0,0.000634083,0.00249477,0,0,0.0,0.0
1,bookshelf_thin,29,bubbleCBF,1,1,0.000121289,65,5,5.82214,328,328,0,0.00172207,0.00249477,0,0,0.0895713,0.661538
1,bookshelf_thin,29,VAMP,1,1,3.0032e-05,213,6,6.35244,5,319,4,-0.00305619,0.00249477,0,0,0.0,0.0
1,bookshelf_thin,30,isSafe,1,1,0.00113495,1300,17,11.8656,7,595,2,-0.00213581,0.00249477,0,0,0.0,0.0
1,bookshelf_thin,30,bubbleCBF,1,1,0.000237304,94,6,6.01398,366,366,17,-0.000380963,0.00249477,0,0,0.0639785,0.202128
1,bookshelf_thin,30,VAMP,1,1,0.000521931,13353,70,16.4088,10,822,0,0.00273135,0.00249477,0,0,0.0,0.0
1,table_under_pick,2,isSafe,1,1,0.000577579,637,10,10.4459,7,524,0,0.00416586,0.00249477,0,0,0.0,0.0
1,table_under_pick,2,bubbleCBF,1,1,0.000523729,219,8,8.15513,496,496,66,-0.00173829,0.00249477,0,0,0.0388262,0.191781
1,table_under_pick,2,VAMP,1,1,3.7583e-05,938,9,12.3238,8,618,0,0.000426174,0.00249477,0,0,0.0,0.0
1,table_under_pick,3,isSafe,1,1,0.00029852,327,6,7.93516,5,398,1,-3.73503e-05,0.00249477,0,0,0.0,0.0
1,table_under_pick,3,bubbleCBF,1,1,0.000721699,314,12,11.0879,692,692,0,0.000535975,0.00249477,0,0,0.0472706,0.283439
1,table_under_pick,3,VAMP,1,1,2.9471e-05,905,7,9.82855,6,493,5,-0.00045976,0.00249477,0,0,0.0,0.0
1,table_under_pick,4,isSafe,1,1,0.000948734,1085,15,16.9976,10,851,1,-0.000164383,0.00249477,0,0,0.0,0.0
1,table_under_pick,4,bubbleCBF,1,1,0.00126712,483,15,12.5169,823,823,18,-0.00225331,0.00249477,0,0,0.0308706,0.0414079
1,table_under_pick,4,VAMP,1,1,6.7892e-05,2943,15,14.7841,9,741,3,-0.00220698,0.00249477,0,0,0.0,0.0
1,table_under_pick,7,isSafe,1,1,0.000521766,560,9,12.4207,8,623,0,0.00403709,0.00249477,0,0,0.0,0.0
1,table_under_pick,7,bubbleCBF,1,1,0.000510241,210,8,7.88798,471,471,0,0.000971116,0.00249477,0,0,0.0376423,0.166667
1,table_under_pick,7,VAMP,1,1,3.2301e-05,848,8,8.02233,6,403,0,0.00312242,0.00249477,0,0,0.0,0.0
1,table_under_pick,8,isSafe,1,1,0.000552884,611,9,12.6207,8,633,0,0.000812988,0.00249477,0,0,0.0,0.0
1,table_under_pick,8,bubbleCBF,1,1,0.00324722,1317,29,18.4062,1220,1220,0,0.00282775,0.00249477,0,0,0.0272712,0.0455581
1,table_under_pick,8,VAMP,1,1,6.7865e-05,2794,14,11.9272,7,598,4,-0.0012779,0.00249477,0,0,0.0,0.0
1,table_under_pick,10,isSafe,1,1,0.000907013,1020,14,15.2042,9,762,0,0.00420427,0.00249477,0,0,0.0,0.0
1,table_under_pick,10,bubbleCBF,1,1,0.00111411,472,12,11.6146,748,748,0,0.00147002,0.00249477,0,0,0.0278696,0.0148305
1,table_under_pick,10,VAMP,1,1,8.4823e-05,3577,18,16.4418,10,824,1,-0.000205505,0.00239375,0,0,0.0,0.0
1,table_under_pick,13,isSafe,1,1,0.000612074,687,10,14.7632,9,740,0,0.00407851,0.00249477,0,0,0.0,0.0
1,table_under_pick,13,bubbleCBF,1,1,0.000888873,355,11,9.72654,705,705,0,0.000747635,0.00249477,0,0,0.028298,0.0028169
1,table_under_pick,13,VAMP,1,1,0.000125153,4666,22,17.9655,10,900,0,0.00356501,0.00249477,0,0,0.0,0.0
1,table_under_pick,14,isSafe,1,1,0.00199919,2282,26,15.9211,9,798,2,-0.00236085,0.00249477,0,0,0.0,0.0
1,table_under_pick,14,bubbleCBF,1,1,0.00176482,719,17,11.7104,711,711,0,0.000644699,0.00249477,0,0,0.0317266,0.109875
1,table_under_pick,14,VAMP,1,1,4.6066e-05,1304,10,12.3546,8,619,1,-0.000891105,0.000907888,0,0,0.0,0.0
1,table_under_pick,15,isSafe,1,1,0.000673624,759,11,13.5483,8,679,3,-0.00317438,0.00249477,0,0,0.0,0.0
1,table_under_pick,15,bubbleCBF,1,1,0.0011993,503,16,14.5008,867,867,3,-0.000325756,0.00249477,0,0,0.0366454,0.105368
1,table_under_pick,15,VAMP,1,1,0.000104759,4713,18,15.8386,9,793,4,-0.00269955,0.00249477,0,0,0.0,0.0
1,table_under_pick,16,isSafe,1,1,0.000641303,714,11,12.627,8,633,0,0.00406449,0.00249477,0,0,0.0,0.0
1,table_under_pick,16,bubbleCBF,1,1,0.00218196,910,24,15.1641,994,994,31,-0.00136462,0.00249477,0,0,0.0298997,0.0769231
1,table_under_pick,16,VAMP,1,1,5.6533e-05,1706,14,16.5417,10,829,0,0.0011406,0.00249477,0,0,0.0,0.0
1,table_under_pick,18,isSafe,1,1,0.00122908,1416,18,18.7165,11,937,2,-0.00191874,0.00249477,0,0,0.0,0.0
1,table_under_pick,18,bubbleCBF,1,1,0.00088287,386,12,10.6017,632,632,1,-0.000677302,0.00249477,0,0,0.0442882,0.212435
1,table_under_pick,18,VAMP,1,1,3.6975e-05,1166,7,9.95513,6,499,3,-0.000831452,0.00249477,0,0,0.0,0.0
1,table_under_pick,20,isSafe,1,1,0.00294766,3380,37,19.6998,12,986,6,-0.000622328,0.00249477,0,0,0.0,0.0
1,table_under_pick,20,bubbleCBF,1,1,0.00095951,392,12,11.6095,728,728,0,0.00231608,0.00249477,0,0,0.0374662,0.122449
1,table_under_pick,20,VAMP,1,1,7.0166e-05,4166,11,12.8833,8,646,0,0.000589602,0.00249477,0,0,0.0,0.0
1,table_under_pick,22,isSafe,1,1,0.00131176,1505,20,15.5901,10,781,0,0.00198697,0.00249477,0,0,0.0,0.0
1,table_under_pick,22,bubbleCBF,1,1,0.00208627,865,24,20.1804,1333,1333,16,-0.00204888,0.00249477,0,0,0.0306269,0.0531792
1,table_under_pick,22,VAMP,1,1,6.1754e-05,3447,11,14.658,9,734,0,0.00400395,0.00249477,0,0,0.0,0.0
1,table_under_pick,23,isSafe,1,1,0.000777958,887,12,13.5976,8,681,2,-0.00130309,0.00249477,0,0,0.0,0.0
1,table_under_pick,23,bubbleCBF,1,1,0.000529204,219,8,8.08785,507,507,6,-0.00223017,0.00249477,0,0,0.0371099,0.155251
1,table_under_pick,23,VAMP,1,1,9.758e-05,3776,21,17.2067,10,862,2,-0.00255446,0.00249477,0,0,0.0,0.0
1,table_under_pick,24,isSafe,1,1,0.00170381,1953,23,14.58,9,731,4,-0.00242929,0.00249477,0,0,0.0,0.0
1,table_under_pick,24,bubbleCBF,1,1,0.00478763,1820,34,15.0051,942,942,19,-0.000163191,0.00249477,0,0,0.0290434,0.0538462
1,table_under_pick,24,VAMP,1,1,0.000181072,8248,26,13.4486,8,674,0,0.000331864,0.00249477,0,0,0.0,0.0
1,table_under_pick,25,isSafe,1,1,0.00080679,901,13,14.6576,9,734,0,0.000805854,0.00249477,0,0,0.0,0.0
1,table_under_pick,25,bubbleCBF,1,1,0.00125408,525,15,9.9843,582,582,0,0.000637017,0.00249477,0,0,0.0350768,0.118095
1,table_under_pick,25,VAMP,1,1,0.000100319,4256,19,14.3029,9,717,0,0.00152791,0.00249477,0,0,0.0,0.0
1,table_under_pick,26,isSafe,1,1,0.000892328,1014,14,10.858,7,544,1,-0.000928192,0.00249477,0,0,0.0,0.0
1,table_under_pick,26,bubbleCBF,1,1,0.00322522,1294,28,21.0324,1353,1353,8,-0.0010724,0.00249477,0,0,0.0285475,0.0772798
1,table_under_pick,26,VAMP,1,1,0.000111742,4567,22,23.8463,13,1194,3,-0.00111733,0.00249477,0,0,0.0,0.0
1,table_under_pick,30,isSafe,1,1,0.000457339,509,8,11.5219,7,578,0,0.00366402,0.00249477,0,0,0.0,0.0
1,table_under_pick,30,bubbleCBF,1,1,0.0039184,1556,34,15.7963,1014,1014,0,0.000492787,0.00249477,0,0,0.0314206,0.0899743
1,table_under_pick,30,VAMP,1,1,9.8324e-05,5382,19,14.0685,9,705,0,0.00162606,0.00249477,0,0,0.0,0.0
1,table_under_pick,31,isSafe,1,1,0.000389666,420,8,10.0206,7,503,0,0.00414311,0.00249477,0,0,0.0,0.0
1,table_under_pick,31,bubbleCBF,1,1,0.0044263,1696,36,14.9784,997,997,23,-0.00196281,0.00249477,0,0,0.0304347,0.09375
1,table_under_pick,31,VAMP,1,1,6.0927e-05,2118,15,18.1651,11,910,0,0.00158577,0.000456747,0,0,0.0,0.0
1,table_under_pick,32,isSafe,1,1,0.000907597,1035,14,14.9413,9,749,0,0.000320007,0.00249477,0,0,0.0,0.0
1,table_under_pick,32,bubbleCBF,1,1,0.000694108,275,9,10.1208,616,616,2,-0.00240663,0.00249477,0,0,0.0384622,0.101818
1,table_under_pick,32,VAMP,1,1,0.000153456,6297,28,22.7966,13,1141,0,0.0036308,0.00249477,0,0,0.0,0.0
1,bookshelf_small,1,isSafe,1,1,0.000517151,574,8,11.7875,7,591,0,0.00345058,0.00249477,0,0,0.0,0.0
1,bookshelf_small,1,bubbleCBF,1,1,0.000134241,73,6,6.87244,375,375,0,0.00344432,0.00249477,0,0,0.0941431,0.671233
1,bookshelf_small,1,VAMP,1,1,2.9911e-05,857,9,10.4575,7,524,9,-0.00325645,0.00249477,0,0,0.0,0.0
1,bookshelf_small,3,isSafe,1,1,0.00446588,5133,54,16.9548,10,849,0,0.00559665,0.00249477,0,0,0.0,0.0
1,bookshelf_small,3,bubbleCBF,1,1,0.00117085,461,15,12.4129,803,803,0,0.000619699,0.00249477,0,0,0.0413202,0.140998
1,bookshelf_small,3,VAMP,1,1,0.00112546,60685,186,22.8056,13,1142,0,0.00443869,0.00249477,0,0,0.0,0.0
1,bookshelf_small,5,isSafe,1,1,0.000995966,1134,14,13.3757,8,670,4,-0.00118638,0.00249477,0,0,0.0,0.0
1,bookshelf_small,5,bubbleCBF,1,1,0.00105445,436,14,11.1127,726,726,1,-0.00118638,0.00249477,0,0,0.0387307,0.119266
1,bookshelf_small,5,VAMP,1,1,0.000483641,24667,89,16.2968,10,816,1,-0.00118638,0.00249477,0,0,0.0,0.0
1,bookshelf_small,6,isSafe,1,1,0.00138467,1596,21,11.0509,7,554,0,0.00093275,0.00249477,0,0,0.0,0.0
1,bookshelf_small,6,bubbleCBF,1,1,0.00437291,1689,42,15.6557,974,974,5,-0.000672122,0.00249477,0,0,0.0302727,0.0313795
1,bookshelf_small,6,VAMP,1,1,7.4337e-05,3003,16,17.1691,10,860,0,0.00093275,0.00249477,0,0,0.0,0.0
1,bookshelf_small,7,isSafe,1,1,0.00103263,1174,16,17.3609,10,870,7,-0.000189703,0.00249477,0,0,0.0,0.0
1,bookshelf_small,7,bubbleCBF,1,1,0.000960118,371,11,9.44405,613,613,19,-0.00175787,0.00249477,0,0,0.0339597,0.0916442
1,bookshelf_small,7,VAMP,1,1,0.000100442,3505,22,13.9559,8,699,11,-0.00342535,0.00249477,0,0,0.0,0.0
1,bookshelf_small,8,isSafe,1,1,0.00251758,2895,32,11.9432,7,599,0,0.00143977,0.00249477,0,0,0.0,0.0
1,bookshelf_small,8,bubbleCBF,1,1,0.000203138,87,6,5.75993,324,324,0,0.00220876,0.00249477,0,0,0.066206,0.206897
1,bookshelf_small,8,VAMP,1,1,3.3059e-05,948,9,11.4265,7,573,18,-0.00187848,0.00249477,0,0,0.0,0.0
1,bookshelf_small,13,isSafe,1,1,0.00404029,4629,48,9.47527,6,475,8,-0.000439467,0.00249477,0,0,0.0,0.0
1,bookshelf_small,13,bubbleCBF,1,1,0.00425499,1634,29,16.5025,1030,1030,43,-0.00243002,0.00249477,0,0,0.0310832,0.0691554
1,bookshelf_small,13,VAMP,1,1,0.0577177,1417967,3964,27.3573,17,1369,41,-0.00323147,0.00249477,0,0,0.0,0.0
1,bookshelf_small,14,isSafe,1,1,0.000297807,317,6,7.78298,5,391,0,0.00662459,0.00249477,0,0,0.0,0.0
1,bookshelf_small,14,bubbleCBF,1,1,0.00031203,119,7,7.717,453,453,0,0.000671083,0.00249477,0,0,0.0648487,0.226891
1,bookshelf_small,14,VAMP,1,1,1.5689e-05,213,6,6.39378,5,321,0,0.00662459,0.00249477,0,0,0.0,0.0
1,bookshelf_small,17,isSafe,1,1,0.000925533,1065,13,8.09908,6,406,0,0.00303828,0.00249477,0,0,0.0,0.0
1,bookshelf_small,17,bubbleCBF,1,1,0.000206932,91,6,6.94804,380,380,0,0.00204095,0.00249477,0,0,0.0763521,0.296703
1,bookshelf_small,17,VAMP,1,1,2.1175e-05,372,7,9.45867,6,474,0,0.00223088,0.00249477,0,0,0.0,0.0
1,bookshelf_small,18,isSafe,1,1,0.00102506,1172,14,10.8631,7,545,0,0.00134846,0.00249477,0,0,0.0,0.0
1,bookshelf_small,18,bubbleCBF,1,1,0.000102964,53,6,6.66556,364,364,2,-0.000215404,0.00249477,0,0,0.125765,0.54717
1,bookshelf_small,18,VAMP,1,1,6.8799e-05,3550,16,9.27721,6,465,0,0.00167381,0.00249477,0,0,0.0,0.0
1,bookshelf_small,20,isSafe,1,1,0.000759092,852,13,12.6386,8,633,0,0.00109159,0.00249477,0,0,0.0,0.0
1,bookshelf_small,20,bubbleCBF,1,1,0.00229016,888,26,22.7437,1438,1438,0,0.00111563,0.00249477,0,0,0.0337619,0.0641892
1,bookshelf_small,20,VAMP,1,1,3.3704e-05,1011,9,10.8052,7,542,7,-0.00318925,0.00249477,0,0,0.0,0.0
1,bookshelf_small,21,isSafe,1,1,0.000257947,276,6,4.42897,4,223,0,0.00142496,0.00249477,0,0,0.0,0.0
1,bookshelf_small,21,bubbleCBF,1,1,0.000948303,350,12,9.577,586,586,38,-0.00113525,0.00249477,0,0,0.0339125,0.0485714
1,bookshelf_small,21,VAMP,1,1,9.2738e-05,3779,20,8.10157,6,407,0,0.00370496,0.00249477,0,0,0.0,0.0
1,bookshelf_small,23,isSafe,1,1,0.000853312,957,13,15.6293,9,783,4,-0.00109454,0.00249477,0,0,0.0,0.0
1,bookshelf_small,23,bubbleCBF,1,1,0.000628417,256,9,7.4141,402,402,1,-0.00109454,0.00249477,0,0,0.0408611,0.109375
1,bookshelf_small,23,VAMP,1,1,2.5627e-05,536,8,10.4775,7,525,1,-0.00109454,0.00249477,0,0,0.0,0.0
1,bookshelf_small,24,isSafe,1,1,0.0332831,36698,419,15.5376,9,778,5,-0.00116888,0.00249477,0,0,0.0,0.0
1,bookshelf_small,24,bubbleCBF,1,1,0.000620878,248,10,9.44052,562,562,25,-0.00387387,0.00249477,0,0,0.0380666,0.0443548
1,bookshelf_small,24,VAMP,1,1,0.00113934,52736,183,19.6023,11,982,7,-0.00378338,0.00249477,0,0,0.0,0.0
1,bookshelf_small,25,isSafe,1,1,0.000605025,667,11,12.4014,8,622,6,-0.000888541,0.00249477,0,0,0.0,0.0
1,bookshelf_small,25,bubbleCBF,1,1,0.000756941,285,10,8.0471,526,526,12,-0.00098592,0.00249477,0,0,0.029692,0.0421053
1,bookshelf_small,25,VAMP,1,1,0.000231436,9298,50,18.5331,11,928,0,0.00177971,0.00249477,0,0,0.0,0.0
1,bookshelf_small,27,isSafe,1,1,0.0311119,34181,382,19.3368,12,968,42,-0.00595419,0.00249477,0,0,0.0,0.0
1,bookshelf_small,27,bubbleCBF,1,1,0.000352622,135,7,7.75888,466,466,0,0.000165666,0.00249477,0,0,0.0574732,0.148148
1,bookshelf_small,27,VAMP,1,1,0.000185476,8395,38,20.6144,12,1032,0,0.000200122,0.00249477,0,0,0.0,0.0
1,bookshelf_small,28,isSafe,1,1,0.00467856,5359,60,19.4662,11,975,20,-0.00463599,0.00249477,0,0,0.0,0.0
1,bookshelf_small,28,bubbleCBF,1,1,0.0024819,977,20,11.9166,800,800,51,-0.00173115,0.00249477,0,0,0.0259836,0.0225179
1,bookshelf_small,28,VAMP,1,1,0.000149112,6886,31,14.7277,10,738,0,0.00491288,0.00249477,0,0,0.0,0.0
1,bookshelf_small,29,isSafe,1,1,0.000823562,924,12,13.2354,8,663,0,0.00344573,0.00249477,0,0,0.0,0.0
1,bookshelf_small,29,bubbleCBF,1,1,0.00253349,1064,28,14.7302,904,904,20,-0.00213927,0.00249477,0,0,0.0317696,0.0770677
1,bookshelf_small,29,VAMP,1,1,4.3232e-05,1601,13,15.4879,9,776,0,0.00548559,0.00249477,0,0,0.0,0.0
1,bookshelf_small,31,isSafe,1,1,0.00177166,2018,25,18.3167,11,917,0,0.00651743,0.00249477,0,0,0.0,0.0
1,bookshelf_small,31,bubbleCBF,1,1,0.000191871,98,6,7.47432,433,433,0,0.000819219,0.00249477,0,0,0.0762685,0.397959
1,bookshelf_small,31,VAMP,1,1,0.000146272,5750,30,15.5932,9,781,0,0.00112244,0.00249477,0,0,0.0,0.0
1,bookshelf_small,34,isSafe,1,1,0.00153532,1744,22,12.8475,8,644,0,0.000575329,0.00249477,0,0,0.0,0.0
1,bookshelf_small,34,bubbleCBF,1,1,0.000490014,208,10,7.71407,437,437,1,-0.000687969,0.00249477,0,0,0.0630342,0.25
1,bookshelf_small,34,VAMP,1,1,0.000309078,13693,62,14.1159,9,707,11,-0.00381171,0.00249477,0,0,0.0,0.0
1,box,1,isSafe,1,1,0.000677807,772,12,12.1233,8,608,0,0.00361278,0.00249477,0,0,0.0,0.0
1,box,1,bubbleCBF,1,1,0.000147272,70,5,5.17302,293,293,0,0.00152362,0.00249477,0,0,0.0739003,0.371429
1,box,1,VAMP,1,1,0.000204744,10068,38,15.3867,9,771,0,0.0544659,0.00249477,0,0,0.0,0.0
1,box,2,isSafe,1,1,0.000495239,543,9,12.965,8,650,0,0.0199948,0.00249477,0,0,0.0,0.0
1,box,2,bubbleCBF,1,1,0.00175945,695,19,9.47685,514,514,0,0.00158284,0.00249477,0,0,0.0397258,0.11223
1,box,2,VAMP,1,1,3.787e-05,900,9,11.6274,7,583,0,0.0290752,0.00249477,0,0,0.0,0.0
1,box,3,isSafe,1,1,0.000988396,1138,16,12.4972,8,626,0,0.0332324,0.00249477,0,0,0.0,0.0
1,box,3,bubbleCBF,1,1,0.000223614,100,6,5.65731,321,321,0,0.00110352,0.00249477,0,0,0.0565731,0.33
1,box,3,VAMP,1,1,8.0313e-05,3239,19,15.9893,9,801,0,0.000130118,0.00249477,0,0,0.0,0.0
1,box,4,isSafe,1,1,0.00146888,1687,21,11.6686,7,585,0,0.00303495,0.00249477,0,0,0.0,0.0
1,box,4,bubbleCBF,1,1,0.000638466,284,11,8.70464,531,531,0,0.000127682,0.00249477,0,0,0.0411512,0.158451
1,box,4,VAMP,1,1,3.3611e-05,881,9,11.1957,7,561,0,0.0413301,0.00249477,0,0,0.0,0.0
1,box,5,isSafe,1,1,0.000737904,824,12,13.0835,8,656,0,0.0411002,0.00249477,0,0,0.0,0.0
1,box,5,bubbleCBF,1,1,0.00046984,187,8,8.0677,447,447,0,0.00131823,0.00249477,0,0,0.0518432,0.165775
1,box,5,VAMP,1,1,9.6249e-05,3408,22,15.0773,9,755,0,0.0416617,0.00174529,0,0,0.0,0.0
1,box,6,isSafe,1,1,0.000962054,1085,14,11.3891,7,571,0,0.0111307,0.00249477,0,0,0.0,0.0
1,box,6,bubbleCBF,1,1,0.00023001,96,6,5.21777,310,310,0,0.00182575,0.00249477,0,0,0.0543518,0.229167
1,box,6,VAMP,1,1,5.9423e-05,2428,14,14.9376,9,748,0,0.0205751,0.00249477,0,0,0.0,0.0
1,box,7,isSafe,1,1,0.00117776,1340,18,19.1472,11,959,0,0.0206665,0.00249477,0,0,0.0,0.0
1,box,7,bubbleCBF,1,1,0.000348465,142,7,6.55397,407,407,0,0.00164862,0.00249477,0,0,0.0461547,0.204225
1,box,7,VAMP,1,1,3.0592e-05,664,9,12.2683,8,615,3,-0.00402826,0.00249477,0,0,0.0,0.0
1,box,8,isSafe,1,1,0.00136647,1555,20,14.0279,9,703,0,0.0172515,0.00249477,0,0,0.0,0.0
1,box,8,bubbleCBF,1,1,0.00138568,544,16,13.9691,846,846,0,0.000162694,0.00249477,0,0,0.038224,0.104779
1,box,8,VAMP,1,1,5.7263e-05,1477,13,15.272,9,765,0,0.0454449,0.00249477,0,0,0.0,0.0
1,box,9,isSafe,1,1,0.000952199,1077,15,17.3503,10,869,3,-0.00321842,0.00249477,0,0,0.0,0.0
1,box,9,bubbleCBF,1,1,0.00158788,618,16,5.76976,342,342,0,0.000784339,0.00249477,0,0,0.0351769,0.0841424
1,box,9,VAMP,1,1,9.1132e-05,3381,19,16.1156,10,807,2,-0.00209109,0.00249477,0,0,0.0,0.0
1,box,10,isSafe,1,1,0.000684681,775,12,8.39592,6,421,0,0.0644627,0.00249477,0,0,0.0,0.0
1,box,10,bubbleCBF,1,1,0.000364171,166,8,6.32081,379,379,0,0.00363842,0.00249477,0,0,0.0489875,0.23494
1,box,10,VAMP,1,1,2.0591e-05,358,7,6.70155,5,337,0,0.000698696,0.00249477,0,0,0.0,0.0
1,box,11,isSafe,1,1,0.000348834,391,7,8.46128,6,425,0,0.0298408,0.00249477,0,0,0.0,0.0
1,box,11,bubbleCBF,1,1,0.000245577,112,6,5.89767,352,352,0,0.000453749,0.00249477,0,0,0.0526578,0.25
1,box,11,VAMP,1,1,8.2947e-05,2577,18,21.2531,12,1064,0,0.0130577,0.00184293,0,0,0.0,0.0
1,box,12,isSafe,1,1,0.000400611,445,8,10.1544,7,509,0,0.0403072,0.00249477,0,0,0.0,0.0
1,box,12,bubbleCBF,1,1,0.000591446,241,10,8.16192,517,517,0,0.00100793,0.00249477,0,0,0.0342737,0.120332
1,box,12,VAMP,1,1,5.5836e-05,2179,12,9.40395,6,472,3,-0.0026741,0.00249477,0,0,0.0,0.0
1,box,13,isSafe,1,1,0.0029521,3366,39,21.7525,12,1089,0,0.0106941,0.00249477,0,0,0.0,0.0
1,box,13,bubbleCBF,1,1,0.000197035,81,5,4.99181,290,290,0,0.00296608,0.00249477,0,0,0.0616272,0.17284
1,box,13,VAMP,1,1,0.000143061,5805,29,11.2721,7,565,0,0.012466,0.00249477,0,0,0.0,0.0
1,box,14,isSafe,1,1,0.000486822,537,9,10.7043,7,537,0,0.0245683,0.00249477,0,0,0.0,0.0
1,box,14,bubbleCBF,1,1,0.000183829,83,6,5.27944,310,310,1,-8.71042e-06,0.00249477,0,0,0.0636077,0.325301
1,box,14,VAMP,1,1,3.0213e-05,884,8,9.68112,6,486,0,0.00200809,0.00249477,0,0,0.0,0.0
1,box,15,isSafe,1,1,0.00135324,1543,20,15.4266,9,773,0,0.0381745,0.00249477,0,0,0.0,0.0
1,box,15,bubbleCBF,1,1,0.000243257,113,5,4.96916,305,305,0,0.00134089,0.00249477,0,0,0.0439749,0.353982
1,box,15,VAMP,1,1,7.5128e-05,2618,18,11.7352,7,588,0,0.0118411,0.00249477,0,0,0.0,0.0
1,box,16,isSafe,1,1,0.00114213,1307,17,12.3599,8,619,0,0.00292242,0.00249477,0,0,0.0,0.0
1,box,16,bubbleCBF,1,1,0.000153847,76,6,7.25163,392,392,0,0.00322728,0.00249477,0,0,0.0954162,0.460526
1,box,16,VAMP,1,1,0.000161771,8329,32,10.7287,7,538,0,0.00477431,0.00249477,0,0,0.0,0.0
1,box,17,isSafe,1,1,0.000419129,466,8,10.7354,7,538,0,0.00877491,0.00249477,0,0,0.0,0.0
1,box,17,bubbleCBF,1,1,0.000216274,89,6,5.34036,298,298,0,0.000669188,0.00249477,0,0,0.060004,0.168539
1,box,17,VAMP,1,1,1.7298e-05,335,6,6.01063,5,302,1,-0.000136578,0.00249477,0,0,0.0,0.0
1,box,18,isSafe,1,1,0.000317407,342,7,8.24215,6,414,0,0.00346452,0.00249477,0,0,0.0,0.0
1,box,18,bubbleCBF,1,1,0.000801132,339,12,11.4755,676,676,0,0.000678787,0.00249477,0,0,0.042115,0.159292
1,box,18,VAMP,1,1,7.9431e-05,2736,19,12.5612,8,630,0,0.0192368,0.00249477,0,0,0.0,0.0
1,box,19,isSafe,1,1,0.000629735,700,11,8.45711,6,424,0,0.00752775,0.00249477,0,0,0.0,0.0
1,box,19,bubbleCBF,1,1,0.000412205,187,8,8.17347,480,480,0,0.00449635,0.00249477,0,0,0.0460676,0.176471
1,box,19,VAMP,1,1,5.3512e-05,1571,12,15.2387,9,763,0,0.0154035,0.00249477,0,0,0.0,0.0
1,box,20,isSafe,1,1,0.00123711,1400,18,10.3247,7,518,0,0.0332905,0.00249477,0,0,0.0,0.0
1,box,20,bubbleCBF,1,1,0.000189523,84,6,5.92407,336,336,0,0.00421722,0.00249477,0,0,0.0705246,0.214286
1,box,20,VAMP,1,1,4.3789e-05,1326,10,12.7921,8,641,0,0.0309684,0.00249477,0,0,0.0,0.0
1,table_pick,1,isSafe,1,1,0.000739596,835,12,10.7421,7,539,3,-0.00191828,0.00249477,0,0,0.0,0.0
1,table_pick,1,bubbleCBF,1,1,0.000273617,117,7,7.81895,461,461,0,0.000662033,0.00249477,0,0,0.0668286,0.273504
1,table_pick,1,VAMP,1,1,0.000121219,4137,22,17.2673,10,865,4,-0.00158099,0.00249477,0,0,0.0,0.0
1,table_pick,2,isSafe,1,1,0.00108591,1237,16,13.6803,8,686,0,0.000164618,0.00249477,0,0,0.0,0.0
1,table_pick,2,bubbleCBF,1,1,0.000188327,87,7,8.28367,462,462,0,0.00065764,0.00249477,0,0,0.0952146,0.333333
1,table_pick,2,VAMP,1,1,8.3399e-05,2322,15,11.5015,7,577,0,0.000297981,0.00249477,0,0,0.0,0.0
1,table_pick,3,isSafe,1,1,0.00380556,4390,50,13.9371,9,698,0,0.00220117,0.00249477,0,0,0.0,0.0
1,table_pick,3,bubbleCBF,1,1,0.000419429,165,8,8.90288,557,557,0,0.00113514,0.00249477,0,0,0.0539568,0.175758
1,table_pick,3,VAMP,1,1,0.000547044,18725,77,14.104,9,707,0,0.00356395,0.00249477,0,0,0.0,0.0
1,table_pick,4,isSafe,1,1,0.000321709,348,6,7.83331,5,393,2,-0.0017006,0.00249477,0,0,0.0,0.0
1,table_pick,4,bubbleCBF,1,1,0.000193891,99,7,8.14851,451,451,0,0.0014904,0.00249477,0,0,0.0823082,0.525253
1,table_pick,4,VAMP,1,1,4.9713e-05,899,9,9.51346,6,477,2,-0.000886781,0.00249477,0,0,0.0,0.0
1,table_pick,5,isSafe,1,1,0.00167498,1899,23,14.9929,9,751,0,0.00018514,0.00249477,0,0,0.0,0.0
1,table_pick,5,bubbleCBF,1,1,0.000168386,80,7,8.8989,487,487,3,-0.00269154,0.00249477,0,0,0.111236,0.325
1,table_pick,5,VAMP,1,1,4.0714e-05,1360,9,11.7987,7,591,2,-0.00143864,0.00249477,0,0,0.0,0.0
1,table_pick,6,isSafe,1,1,0.000421654,468,8,6.48431,5,326,2,-0.00207743,0.00249477,0,0,0.0,0.0
1,table_pick,6,bubbleCBF,1,1,0.000188721,86,6,5.93668,342,342,0,0.000148683,0.00249477,0,0,0.0690312,0.360465
1,table_pick,6,VAMP,1,1,4.0503e-05,892,9,7.26003,5,365,2,-0.00132894,0.00249477,0,0,0.0,0.0
1,table_pick,7,isSafe,1,1,0.00060724,676,9,3.93088,3,198,3,-0.00243671,0.00249477,0,0,0.0,0.0
1,table_pick,7,bubbleCBF,1,1,0.000120359,58,6,5.68497,318,318,0,0.00143624,0.00249477,0,0,0.0980167,0.431034
1,table_pick,7,VAMP,1,1,5.102e-05,1230,10,3.80586,3,192,0,0.000295005,0.00249477,0,0,0.0,0.0
1,table_pick,8,isSafe,1,1,0.000560833,621,8,5.61904,4,282,1,-0.0013596,0.00249477,0,0,0.0,0.0
1,table_pick,8,bubbleCBF,1,1,0.000166962,76,6,5.08163,300,300,0,0.000314442,0.00249477,0,0,0.0668635,0.25
1,table_pick,8,VAMP,1,1,2.8707e-05,462,7,4.02132,4,203,2,-0.00225196,0.00249477,0,0,0.0,0.0
1,table_pick,9,isSafe,1,1,0.000718366,817,12,14.8938,9,746,3,-0.00158465,0.00249477,0,0,0.0,0.0
1,table_pick,9,bubbleCBF,1,1,0.000318873,137,8,8.51313,493,493,0,0.0009019,0.00249477,0,0,0.0621396,0.357664
1,table_pick,9,VAMP,1,1,0.000137805,3938,21,11.2772,7,565,0,0.000984829,0.00249477,0,0,0.0,0.0
1,table_pick,10,isSafe,1,1,0.00391812,4508,50,11.5892,7,581,4,-0.00162883,0.00249477,0,0,0.0,0.0
1,table_pick,10,bubbleCBF,1,1,0.000139218,63,6,6.54243,356,356,0,0.00195773,0.00249477,0,0,0.103848,0.396825
1,table_pick,10,VAMP,1,1,4.9844e-05,1031,9,9.31786,6,467,5,-0.00290048,0.00249477,0,0,0.0,0.0
1,table_pick,11,isSafe,1,1,0.00136884,1574,18,7.40101,5,372,2,-0.00219335,0.00249477,0,0,0.0,0.0
1,table_pick,11,bubbleCBF,1,1,0.000106646,53,5,5.07575,270,270,0,0.00370701,0.00249477,0,0,0.0957688,0.471698
1,table_pick,11,VAMP,1,1,3.9194e-05,1216,9,11.2409,7,564,2,-0.00190043,0.00249477,0,0,0.0,0.0
1,table_pick,12,isSafe,1,1,0.000563117,639,8,9.63001,6,483,1,-0.000916006,0.00249477,0,0,0.0,0.0
1,table_pick,12,bubbleCBF,1,1,0.000142026,72,7,8.50841,462,462,0,0.00208469,0.00249477,0,0,0.118172,0.736111
1,table_pick,12,VAMP,1,1,6.6307e-05,1522,12,10.692,7,536,1,-0.000943313,0.00249477,0,0,0.0,0.0
1,table_pick,13,isSafe,1,1,0.000782534,892,12,10.2051,7,512,2,-0.00272592,0.00249477,0,0,0.0,0.0
1,table_pick,13,bubbleCBF,1,1,0.000475745,206,8,8.4781,540,540,0,0.000541752,0.00249477,0,0,0.0411558,0.291262
1,table_pick,13,VAMP,1,1,7.0589e-05,3074,13,10.802,7,542,5,-0.000385993,0.00249477,0,0,0.0,0.0
1,table_pick,14,isSafe,1,1,0.00101701,1148,12,11.7946,7,591,0,0.00229061,0.00249477,0,0,0.0,0.0
1,table_pick,14,bubbleCBF,1,1,0.000177593,88,8,9.1853,504,504,0,0.00240639,0.00249477,0,0,0.104378,0.420455
1,table_pick,14,VAMP,1,1,9.5438e-05,3417,16,13.5421,8,679,1,-0.00235249,0.00249477,0,0,0.0,0.0
1,table_pick,15,isSafe,1,1,0.000776261,871,12,6.99491,5,351,0,0.00275396,0.00249477,0,0,0.0,0.0
1,table_pick,15,bubbleCBF,1,1,0.00015135,77,5,5.85413,327,327,0,0.00165124,0.00249477,0,0,0.0760277,0.493506
1,table_pick,15,VAMP,1,1,6.1156e-05,1973,13,8.87468,6,445,0,0.00354725,0.00249477,0,0,0.0,0.0
1,table_pick,16,isSafe,1,1,0.000229996,246,5,3.79414,3,191,3,-0.00492289,0.00249477,0,0,0.0,0.0
1,table_pick,16,bubbleCBF,1,1,0.000206072,94,5,5.79668,316,316,0,0.00293095,0.00249477,0,0,0.069652,0.276596
1,table_pick,16,VAMP,1,1,4.0919e-05,964,9,5.66137,4,285,2,-0.00251825,0.00249477,0,0,0.0,0.0
1,table_pick,17,isSafe,1,1,0.000811564,914,13,13.0818,8,656,0,0.00192656,0.00249477,0,0,0.0,0.0
1,table_pick,17,bubbleCBF,1,1,0.000197993,90,7,8.03654,447,447,0,0.0010614,0.00249477,0,0,0.0892949,0.344444
1,table_pick,17,VAMP,1,1,5.6693e-05,1298,11,9.99692,6,501,0,0.00372576,0.00249477,0,0,0.0,0.0
1,table_pick,18,isSafe,1,1,0.000585385,647,10,10.6933,7,536,0,0.000643342,0.00249477,0,0,0.0,0.0
1,table_pick,18,bubbleCBF,1,1,0.000734465,316,12,12.323,756,756,18,-0.000720966,0.00249477,0,0,0.0405098,0.189873
1,table_pick,18,VAMP,1,1,0.000219692,8635,34,18.4495,11,924,2,-0.00290507,0.00249477,0,0,0.0,0.0
1,table_pick,19,isSafe,1,1,0.0009237,1041,14,14.5108,9,727,5,-0.0034047,0.00249477,0,0,0.0,0.0
1,table_pick,19,bubbleCBF,1,1,0.000222355,108,7,8.33301,473,473,12,-0.00144673,0.00249477,0,0,0.0771575,0.398148
1,table_pick,19,VAMP,1,1,4.4737e-05,1083,8,9.36034,6,470,1,-0.000939799,0.00249477,0,0,0.0,0.0
1,table_pick,20,isSafe,1,1,0.000601373,656,7,3.70446,3,187,2,-0.00304657,0.00249477,0,0,0.0,0.0
1,table_pick,20,bubbleCBF,1,1,7.8925e-05,39,5,4.92485,267,267,0,0.00364218,0.00249477,0,0,0.126278,0.794872
1,table_pick,20,VAMP,1,1,7.4144e-05,2175,13,2.94044,3,149,1,-0.00101871,0.00249477,0,0,0.0,0.0
1,cage,1,isSafe,1,1,0.0286982,31524,384,21.0522,12,1054,0,0.00494332,0.00249477,0,0,0.0,0.0
1,cage,1,bubbleCBF,1,1,0.0182798,7055,106,12.3174,732,732,2,-6.08114e-05,0.00249477,0,0,0.0243765,0.0279235
1,cage,1,VAMP,1,1,0.0142017,413514,1367,19.2671,12,965,0,0.0172634,0.00249477,0,0,0.0,0.0
1,cage,2,isSafe,1,1,0.066215,68697,923,13.6409,10,684,0,0.0121604,0.00249477,0,0,0.0,0.0
1,cage,2,bubbleCBF,1,1,0.00521231,2004,41,18.3518,1120,1120,0,0.00156882,0.00249477,0,0,0.0302673,0.0314371
1,cage,2,VAMP,1,1,0.00219357,85749,294,19.5436,12,979,0,0.00854296,0.00249477,0,0,0.0,0.0
1,cage,3,isSafe,1,1,0.0177932,19797,233,10.8122,7,542,0,0.00190674,0.00249477,0,0,0.0,0.0
1,cage,3,bubbleCBF,1,1,0.00716035,2682,47,13.2706,823,823,1,-0.00101548,0.00249477,0,0,0.027516,0.0600298
1,cage,3,VAMP,1,1,0.00386155,139532,445,17.1833,10,861,14,-0.00240311,0.00249477,0,0,0.0,0.0
1,cage,4,isSafe,1,1,0.307987,265533,4134,22.5328,15,1128,0,0.00533337,0.00249477,0,0,0.0,0.0
1,cage,4,bubbleCBF,1,1,0.0584109,21809,290,26.2732,1701,1701,0,0.000694822,0.00249477,0,0,0.0246718,0.0391123
1,cage,4,VAMP,1,1,0.0760305,1354716,4726,24.8707,16,1245,18,-0.00329234,0.00249477,0,0,0.0,0.0
1,cage,5,isSafe,1,1,0.0289142,31764,390,17.0986,10,856,0,0.00225073,0.00249477,0,0,0.0,0.0
1,cage,5,bubbleCBF,1,1,0.00253543,971,24,14.0445,868,868,0,0.00128162,0.00249477,0,0,0.0324683,0.0628218
1,cage,5,VAMP,1,1,0.00356213,135751,462,24.8927,15,1246,0,0.00872259,0.00249477,0,0,0.0,0.0
1,cage,6,isSafe,1,1,0.0481682,51437,671,13.5164,10,677,0,0.0157598,0.00249477,0,0,0.0,0.0
1,cage,6,bubbleCBF,1,1,0.0134426,5096,88,27.8179,1806,1806,0,0.000318449,0.00249477,0,0,0.0263735,0.053179
1,cage,6,VAMP,1,1,0.00838942,289147,904,19.0943,11,956,0,0.00211572,0.00249477,0,0,0.0,0.0
1,cage,7,isSafe,1,1,0.164223,155568,2333,18.8095,12,942,1,-5.51895e-05,0.00249477,0,0,0.0,0.0
1,cage,7,bubbleCBF,1,1,0.0170338,6285,107,15.3678,955,955,0,0.00134015,0.00249477,0,0,0.0259201,0.0318218
1,cage,7,VAMP,1,1,0.0442287,933973,3131,29.8654,18,1495,8,-0.00310546,0.00249477,0,0,0.0,0.0
1,cage,8,isSafe,1,1,0.00992296,11251,128,14.2283,9,713,0,0.00322937,0.00249477,0,0,0.0,0.0
1,cage,8,bubbleCBF,1,1,0.00847351,3366,62,22.5756,1376,1376,0,0.00196008,0.00249477,0,0,0.0286978,0.0484254
1,cage,8,VAMP,1,1,0.014938,449875,1448,11.0571,8,554,0,0.00945034,0.00249477,0,0,0.0,0.0
1,cage,9,isSafe,1,1,0.0481093,51406,653,10.3598,7,519,0,0.0133993,0.00249477,0,0,0.0,0.0
1,cage,9,bubbleCBF,1,1,0.0304526,11467,151,17.6806,1119,1119,11,-0.00334472,0.00249477,0,0,0.0248263,0.0431673
1,cage,9,VAMP,1,1,0.0156374,454380,1441,15.4878,10,776,0,0.0095005,0.00249477,0,0,0.0,0.0
1,cage,10,isSafe,1,1,0.0518002,55119,726,22.4049,14,1122,0,0.00691211,0.00249477,0,0,0.0,0.0
1,cage,10,bubbleCBF,1,1,0.0162602,6148,109,33.4264,2105,2105,0,0.000688956,0.00249477,0,0,0.0268349,0.0390371
1,cage,10,VAMP,1,1,0.0104633,334710,1042,26.6358,15,1333,5,-0.00103848,0.00249477,0,0,0.0,0.0
1,cage,11,isSafe,1,1,0.119715,116962,1686,19.3615,12,970,0,0.00452282,0.00249477,0,0,0.0,0.0
1,cage,11,bubbleCBF,1,1,0.0194864,7272,113,20.9376,1306,1306,1,-0.000245998,0.00249477,0,0,0.0252898,0.0378163
1,cage,11,VAMP,1,1,0.00371426,136116,459,18.5355,12,928,0,0.0057309,0.00249477,0,0,0.0,0.0
1,cage,12,isSafe,1,1,0.0313561,34143,413,19.8089,12,992,0,0.00379677,0.00249477,0,0,0.0,0.0
1,cage,12,bubbleCBF,1,1,0.0161542,6063,102,17.7674,1088,1088,0,0.00160127,0.00100119,0,0,0.0278943,0.0392545
1,cage,12,VAMP,1,1,0.037937,861977,2816,18.6562,12,934,4,-0.00275,0.00249477,0,0,0.0,0.0
1,cage,13,isSafe,1,1,0.0369629,40112,501,24.8455,14,1244,0,0.00238142,0.00249477,0,0,0.0,0.0
1,cage,13,bubbleCBF,1,1,0.0210694,8047,118,22.9997,1423,1423,0,0.0002343,0.00249477,0,0,0.0256675,0.0310675
1,cage,13,VAMP,1,1,0.0050036,183469,597,19.6905,11,986,0,0.00347253,0.00249477,0,0,0.0,0.0
1,cage,14,isSafe,1,1,0.0670106,70045,909,28.1114,16,1407,0,0.00121347,0.00249477,0,0,0.0,0.0
1,cage,14,bubbleCBF,1,1,0.017977,6671,97,29.4452,1841,1841,1,-0.000743387,0.00249477,0,0,0.0274877,0.0499176
1,cage,14,VAMP,1,1,0.00467654,176393,532,18.4087,11,922,2,-5.50166e-05,0.00249477,0,0,0.0,0.0
1,cage,15,isSafe,1,1,0.263221,239291,3653,19.9454,14,999,0,0.00835568,0.00249477,0,0,0.0,0.0
1,cage,15,bubbleCBF,1,1,0.0263293,9836,144,29.4329,1861,1861,7,-0.000593215,0.00249477,0,0,0.025602,0.0355836
1,cage,15,VAMP,1,1,0.000829394,35704,127,18.0296,11,903,0,0.00885457,0.00249477,0,0,0.0,0.0
1,cage,16,isSafe,1,1,0.0834338,84714,1147,26.2531,15,1314,0,0.00592978,0.00249477,0,0,0.0,0.0
1,cage,16,bubbleCBF,1,1,0.0180663,6717,102,23.0107,1497,1497,0,0.00022602,0.00249477,0,0,0.0262484,0.0465982
1,cage,16,VAMP,1,1,4.6553e-05,671,10,12.124,8,608,0,0.00544012,0.00249477,0,0,0.0,0.0
1,cage,17,isSafe,1,1,0.106219,106752,1498,16.5687,10,830,5,-0.00184203,0.00249477,0,0,0.0,0.0
1,cage,17,bubbleCBF,1,1,0.0122198,4540,82,13.6209,819,819,0,0.000867066,0.00249477,0,0,0.0286991,0.0453744
1,cage,17,VAMP,1,1,0.00317934,123656,400,26.5226,16,1328,2,-0.000280551,0.00249477,0,0,0.0,0.0
1,cage,18,isSafe,1,1,0.0666614,70338,914,20.3042,12,1017,0,0.000696103,0.00249477,0,0,0.0,0.0
1,cage,18,bubbleCBF,1,1,0.0274016,10309,158,18.8174,1197,1197,5,-0.00208286,0.00249477,0,0,0.0249701,0.0315259
1,cage,18,VAMP,1,1,0.0702866,1268800,4437,43.888,26,2196,0,0.00505859,0.00249477,0,0,0.0,0.0
1,cage,19,isSafe,1,1,0.0743957,75909,1023,20.24,13,1013,7,-0.000571748,0.00249477,0,0,0.0,0.0
1,cage,19,bubbleCBF,1,1,0.0352321,13052,173,23.3422,1459,1459,2,-0.000816863,0.00249477,0,0,0.0245631,0.0390745
1,cage,19,VAMP,1,1,0.00558789,203340,624,14.1356,9,708,17,-0.00311325,0.00249477,0,0,0.0,0.0
1,cage,20,isSafe,1,1,0.0885345,89056,1230,18.7744,11,940,0,0.00135046,0.00249477,0,0,0.0,0.0
1,cage,20,bubbleCBF,1,1,0.00715432,2589,53,18.7855,1175,1175,0,0.000131939,0.00249477,0,0,0.0298974,0.0517574
1,cage,20,VAMP,1,1,0.155812,2387172,8299,27.377,16,1370,0,0.00645802,0.00249477,0,0,0.0,0.0
