seed,scene,problem,method,eligible,solved,seconds,samples,vertices,path_length,waypoints,audited_states,unsafe_states,min_clearance,min_self_overlap,self_colliding,misses,rad_per_call,coarse_fraction,primary_samples,productive_samples,vertices_per_sample,picard_attempts,picard_accepted,picard_fallbacks,hop_floored,hop_at_region,hop_edge_limited,qp_calls,qp_rows,qp_solves
1,bookshelf_tall,4,isSafe,0,0,0,0,0,0,0,0,0,inf,inf,0,0,0,0,0,0,0,0,0,0,0,0,0,0,0,0
1,bookshelf_tall,4,qpFixed,0,0,0,0,0,0,0,0,0,inf,inf,0,0,0,0,0,0,0,0,0,0,0,0,0,0,0,0
1,bookshelf_tall,4,qpPlain,0,0,0,0,0,0,0,0,0,inf,inf,0,0,0,0,0,0,0,0,0,0,0,0,0,0,0,0
1,bookshelf_tall,4,qpAdaptive,0,0,0,0,0,0,0,0,0,inf,inf,0,0,0,0,0,0,0,0,0,0,0,0,0,0,0,0
1,bookshelf_tall,4,qpFreeGate,0,0,0,0,0,0,0,0,0,inf,inf,0,0,0,0,0,0,0,0,0,0,0,0,0,0,0,0
1,bookshelf_tall,4,qpEnvelope,0,0,0,0,0,0,0,0,0,inf,inf,0,0,0,0,0,0,0,0,0,0,0,0,0,0,0,0
1,bookshelf_tall,11,isSafe,1,1,0.0209234,9128,47,15.2502,9,764,0,0.00577893,0.00249477,0,0,0,0,311,42,0.151125,0,0,0,0,0,0,0,0,0
1,bookshelf_tall,11,qpFixed,1,1,0.00941103,1053,10,7.33384,594,594,0,0.00265307,0.00249477,0,0,0.0108887,0,2,2,5,0,0,0,1,0,0,1053,298850,961
1,bookshelf_tall,11,qpPlain,1,1,0.00934286,1053,10,7.33384,594,594,0,0.00265307,0.00249477,0,0,0.0108887,0,2,2,5,0,0,0,1,0,0,1053,361179,1053
1,bookshelf_tall,11,qpAdaptive,1,1,0.00763723,783,10,7.32904,544,544,0,0.00265366,0.00249477,0,0,0.0146399,0.256705,2,2,5,0,0,0,0.740741,0.252874,0.0063857,783,231032,755
1,bookshelf_tall,11,qpFreeGate,1,1,0.200939,34128,75,23.2693,2316,2316,0,0.00615429,0.00249477,0,0,0.0037365,0,325,68,0.230769,0,0,0,1,0,0,0,0,0
1,bookshelf_tall,11,qpEnvelope,1,1,0.00608072,586,10,7.34086,503,503,0,0.00264835,0.00249477,0,0,0.0196726,0.167235,2,2,5,0,0,0,0.829352,0.158703,0.0119454,586,175762,571
1,bookshelf_tall,19,isSafe,1,1,0.021061,9311,48,18.5083,11,927,0,0.00623182,0.00249477,0,0,0,0,222,43,0.216216,0,0,0,0,0,0,0,0,0
1,bookshelf_tall,19,qpFixed,1,1,0.0111394,1380,20,11.6779,886,886,0,0.00563495,0.00249477,0,0,0.0122455,0,4,4,5,0,0,0,1,0,0,1380,395791,994
1,bookshelf_tall,19,qpPlain,1,1,0.011609,1380,20,11.6779,886,886,0,0.00563495,0.00249477,0,0,0.0122455,0,4,4,5,0,0,0,1,0,0,1380,473340,1380
1,bookshelf_tall,19,qpAdaptive,1,1,0.00808623,896,18,11.6636,791,791,0,0.00561679,0.00249477,0,0,0.018832,0.21875,4,4,4.5,0,0,0,0.779018,0.205357,0.015625,896,266441,751
1,bookshelf_tall,19,qpFreeGate,1,1,0.0121717,2034,11,12.7975,1019,1019,0,0.00695511,0.00249477,0,0,0.00756081,0,11,6,1,0,0,0,1,0,0,0,0,0
1,bookshelf_tall,19,qpEnvelope,1,1,0.00597268,612,16,11.6493,721,721,0,0.00530382,0.00249477,0,0,0.0275049,0.169935,4,4,4,0,0,0,0.825163,0.151961,0.0228758,612,184518,561
1,bookshelf_tall,27,isSafe,0,0,0,0,0,0,0,0,0,inf,inf,0,0,0,0,0,0,0,0,0,0,0,0,0,0,0,0
1,bookshelf_tall,27,qpFixed,0,0,0,0,0,0,0,0,0,inf,inf,0,0,0,0,0,0,0,0,0,0,0,0,0,0,0,0
1,bookshelf_tall,27,qpPlain,0,0,0,0,0,0,0,0,0,inf,inf,0,0,0,0,0,0,0,0,0,0,0,0,0,0,0,0
1,bookshelf_tall,27,qpAdaptive,0,0,0,0,0,0,0,0,0,inf,inf,0,0,0,0,0,0,0,0,0,0,0,0,0,0,0,0
1,bookshelf_tall,27,qpFreeGate,0,0,0,0,0,0,0,0,0,inf,inf,0,0,0,0,0,0,0,0,0,0,0,0,0,0,0,0
1,bookshelf_tall,27,qpEnvelope,0,0,0,0,0,0,0,0,0,inf,inf,0,0,0,0,0,0,0,0,0,0,0,0,0,0,0,0
1,bookshelf_tall,34,isSafe,0,0,0,0,0,0,0,0,0,inf,inf,0,0,0,0,0,0,0,0,0,0,0,0,0,0,0,0
1,bookshelf_tall,34,qpFixed,0,0,0,0,0,0,0,0,0,inf,inf,0,0,0,0,0,0,0,0,0,0,0,0,0,0,0,0
1,bookshelf_tall,34,qpPlain,0,0,0,0,0,0,0,0,0,inf,inf,0,0,0,0,0,0,0,0,0,0,0,0,0,0,0,0
1,bookshelf_tall,34,qpAdaptive,0,0,0,0,0,0,0,0,0,inf,inf,0,0,0,0,0,0,0,0,0,0,0,0,0,0,0,0
1,bookshelf_tall,34,qpFreeGate,0,0,0,0,0,0,0,0,0,inf,inf,0,0,0,0,0,0,0,0,0,0,0,0,0,0,0,0
1,bookshelf_tall,34,qpEnvelope,0,0,0,0,0,0,0,0,0,inf,inf,0,0,0,0,0,0,0,0,0,0,0,0,0,0,0,0
1,bookshelf_tall,41,isSafe,1,1,0.00356658,1575,10,13.4756,8,675,0,0.00333988,0.00249477,0,0,0,0,14,6,0.714286,0,0,0,0,0,0,0,0,0
1,bookshelf_tall,41,qpFixed,1,1,0.0353026,4321,25,11.3707,980,980,0,0.00363024,0.00249477,0,0,0.00947835,0,14,12,1.78571,0,0,0,1,0,0,4321,1110762,3706
1,bookshelf_tall,41,qpPlain,1,1,0.0384089,4321,25,11.3707,980,980,0,0.00363024,0.00249477,0,0,0.00947835,0,14,12,1.78571,0,0,0,1,0,0,4321,1482103,4321
1,bookshelf_tall,41,qpAdaptive,1,1,0.0291634,3260,24,11.3808,842,842,0,0.00363531,0.00249477,0,0,0.0125851,0.219632,14,12,1.71429,0,0,0,0.778528,0.217485,0.00398773,3260,860370,3096
1,bookshelf_tall,41,qpFreeGate,1,1,0.0208579,3428,14,13.6249,1315,1315,0,0.00647669,0.00249477,0,0,0.00579138,0,18,10,0.777778,0,0,0,1,0,0,0,0,0
1,bookshelf_tall,41,qpEnvelope,1,1,0.0223092,2305,24,11.4263,724,724,0,0.00359794,0.00249477,0,0,0.0179074,0.162256,14,12,1.71429,0,0,0,0.83731,0.155315,0.00737527,2305,620213,2243
1,bookshelf_tall,48,isSafe,1,0,10.0001,2887089,32103,0,0,0,0,inf,inf,0,0,0,0,289245,32101,0.110989,0,0,0,0,0,0,0,0,0
1,bookshelf_tall,48,qpFixed,1,0,10.0016,1181039,2317,0,0,0,0,inf,inf,0,0,0.00557077,0,5436,2197,0.426233,0,0,0,1,0,0,1181039,356164450,1129141
1,bookshelf_tall,48,qpPlain,1,0,10.0014,1179269,2315,0,0,0,0,inf,inf,0,0,0.00557265,0,5427,2195,0.426571,0,0,0,1,0,0,1179269,404489267,1179269
1,bookshelf_tall,48,qpAdaptive,1,0,10.0003,1108869,2375,0,0,0,0,inf,inf,0,0,0.00609587,0.0589971,5609,2255,0.423427,0,0,0,0.940709,0.0583659,0.000925269,1108869,335103214,1096274
1,bookshelf_tall,48,qpFreeGate,1,0,10.0004,1736671,2787,0,0,0,0,inf,inf,0,0,0.00236472,0,15882,2785,0.175482,0,0,0,1,0,0,0,0,0
1,bookshelf_tall,48,qpEnvelope,1,0,10.0016,1112916,2501,0,0,0,0,inf,inf,0,0,0.00642639,0.0110458,6004,2384,0.416556,0,0,0,0.988887,0.0100835,0.00102973,1112916,336468451,1108669
1,bookshelf_tall,55,isSafe,1,1,0.0563583,24527,120,11.0814,7,556,0,0.004577,0.00249477,0,0,0,0,1058,117,0.113422,0,0,0,0,0,0,0,0,0
1,bookshelf_tall,55,qpFixed,1,1,0.00377856,493,6,6.67577,494,494,0,0.00537055,0.00249477,0,0,0.0135411,0,1,1,6,0,0,0,1,0,0,493,142488,235
1,bookshelf_tall,55,qpPlain,1,1,0.00383889,493,6,6.67577,494,494,0,0.00537055,0.00249477,0,0,0.0135411,0,1,1,6,0,0,0,1,0,0,493,169099,493
1,bookshelf_tall,55,qpAdaptive,1,1,0.0022698,267,6,6.6739,438,438,0,0.00537055,0.00249477,0,0,0.0249959,0.340824,1,1,6,0,0,0,0.659176,0.329588,0.011236,267,83202,225
1,bookshelf_tall,55,qpFreeGate,1,1,0.116099,19834,56,11.482,1309,1309,0,0.00344416,0.00249477,0,0,0.00378582,0,156,42,0.358974,0,0,0,1,0,0,0,0,0
1,bookshelf_tall,55,qpEnvelope,1,1,0.00114631,107,6,6.68822,386,386,0,0.00537055,0.00249477,0,0,0.0625067,0.663551,1,1,6,0,0,0,0.336449,0.626168,0.0373832,107,33231,89
1,bookshelf_tall,62,isSafe,1,1,0.035487,15724,76,16.0157,10,802,0,0.00572261,0.00249477,0,0,0,0,484,72,0.157025,0,0,0,0,0,0,0,0,0
1,bookshelf_tall,62,qpFixed,1,1,0.00751522,1034,9,10.4829,882,882,0,0.00415409,0.00249477,0,0,0.0109819,0,2,2,4.5,0,0,0,1,0,0,1034,290277,503
1,bookshelf_tall,62,qpPlain,1,1,0.00804137,1034,9,10.4829,882,882,0,0.00415409,0.00249477,0,0,0.0109819,0,2,2,4.5,0,0,0,1,0,0,1034,354662,1034
1,bookshelf_tall,62,qpAdaptive,1,1,0.00501566,573,9,10.4829,730,730,0,0.00415419,0.00249477,0,0,0.0198173,0.118674,2,2,4.5,0,0,0,0.877836,0.113438,0.008726,573,175850,503
1,bookshelf_tall,62,qpFreeGate,1,1,0.222382,37802,103,22.3902,1979,1979,0,0.00572261,0.00249477,0,0,0.00463979,0,395,95,0.260759,0,0,0,1,0,0,0,0,0
1,bookshelf_tall,62,qpEnvelope,1,1,0.00405104,439,9,10.4847,665,665,0,0.00411466,0.00249477,0,0,0.0258699,0.107062,2,2,4.5,0,0,0,0.892938,0.0933941,0.0136674,439,134445,418
1,bookshelf_tall,70,isSafe,1,1,0.0043894,1908,12,12.2364,8,613,0,0.00314818,0.00249477,0,0,0,0,51,8,0.235294,0,0,0,0,0,0,0,0,0
1,bookshelf_tall,70,qpFixed,1,1,0.0383053,4669,27,12.6617,1048,1048,0,0.0033938,0.00249477,0,0,0.00883433,0,11,11,2.45455,0,0,0,1,0,0,4669,1294230,4518
1,bookshelf_tall,70,qpPlain,1,1,0.0399378,4669,27,12.6617,1048,1048,0,0.0033938,0.00249477,0,0,0.00883433,0,11,11,2.45455,0,0,0,1,0,0,4669,1601467,4669
1,bookshelf_tall,70,qpAdaptive,1,1,0.0310265,3487,27,12.6648,940,940,0,0.0033938,0.00249477,0,0,0.0118299,0.31345,11,11,2.45455,0,0,0,0.685116,0.310869,0.00401491,3487,989500,3457
1,bookshelf_tall,70,qpFreeGate,1,1,0.2303,40392,67,27.3006,3032,3032,0,0.00315899,0.00249477,0,0,0.00288149,0,333,60,0.201201,0,0,0,1,0,0,0,0,0
1,bookshelf_tall,70,qpEnvelope,1,1,0.0267437,2844,27,12.6761,891,891,0,0.0033938,0.00249477,0,0,0.0145297,0.268284,11,11,2.45455,0,0,0,0.729255,0.264416,0.00632911,2844,817009,2829
1,bookshelf_tall,77,isSafe,1,1,0.0282945,11819,60,14.6454,9,734,0,0.00962253,0.00249477,0,0,0,0,412,56,0.145631,0,0,0,0,0,0,0,0,0
1,bookshelf_tall,77,qpFixed,1,1,0.0127236,1504,18,12.7175,1095,1095,0,0.00334552,0.00249477,0,0,0.00982133,0,4,3,4.5,0,0,0,1,0,0,1504,438022,1245
1,bookshelf_tall,77,qpPlain,1,1,0.0130785,1504,18,12.7175,1095,1095,0,0.00334552,0.00249477,0,0,0.00982133,0,4,3,4.5,0,0,0,1,0,0,1504,515872,1504
1,bookshelf_tall,77,qpAdaptive,1,1,0.0095126,1010,18,12.7582,919,919,0,0.00334448,0.00249477,0,0,0.0146625,0.140594,4,3,4.5,0,0,0,0.856436,0.129703,0.0138614,1010,305518,957
1,bookshelf_tall,77,qpFreeGate,1,1,0.102464,17440,40,17.5025,1591,1591,0,0.00962253,0.00249477,0,0,0.00368448,0,139,35,0.28777,0,0,0,1,0,0,0,0,0
1,bookshelf_tall,77,qpEnvelope,1,1,0.00843978,863,18,12.8411,856,856,0,0.003322,0.00249477,0,0,0.0172372,0.0753187,4,3,4.5,0,0,0,0.918888,0.0648899,0.0162225,863,260997,842
1,bookshelf_tall,84,isSafe,1,1,0.00156213,812,7,8.03249,6,403,0,0.00303427,0.00249477,0,0,0,0,4,2,1.75,0,0,0,0,0,0,0,0,0
1,bookshelf_tall,84,qpFixed,1,1,0.00241001,297,5,4.15069,298,298,0,0.00303427,0.00249477,0,0,0.0139754,0,1,1,5,0,0,0,1,0,0,297,82765,211
1,bookshelf_tall,84,qpPlain,1,1,0.00236812,297,5,4.15069,298,298,0,0.00303427,0.00249477,0,0,0.0139754,0,1,1,5,0,0,0,1,0,0,297,101871,297
1,bookshelf_tall,84,qpAdaptive,1,1,0.00146645,179,5,4.15263,274,274,0,0.00303427,0.00249477,0,0,0.0231991,0.329609,1,1,5,0,0,0,0.659218,0.324022,0.0167598,179,53122,156
1,bookshelf_tall,84,qpFreeGate,1,1,0.0544097,9477,36,12.7307,958,958,0,0.00303427,0.00249477,0,0,0.00490105,0,66,20,0.545455,0,0,0,1,0,0,0,0,0
1,bookshelf_tall,84,qpEnvelope,1,1,0.000776219,74,5,4.16568,243,243,0,0.00303427,0.00249477,0,0,0.056293,0.689189,1,1,5,0,0,0,0.297297,0.662162,0.0405405,74,22270,68
1,bookshelf_tall,91,isSafe,1,1,0.0623049,27323,138,13.737,8,688,0,0.0023527,0.00249477,0,0,0,0,1312,135,0.105183,0,0,0,0,0,0,0,0,0
1,bookshelf_tall,91,qpFixed,1,1,0.00487457,645,7,9.06749,646,646,0,0.00577966,0.00249477,0,0,0.0140581,0,1,1,7,0,0,0,1,0,0,645,183938,314
1,bookshelf_tall,91,qpPlain,1,1,0.00508199,645,7,9.06749,646,646,0,0.00577966,0.00249477,0,0,0.0140581,0,1,1,7,0,0,0,1,0,0,645,221235,645
1,bookshelf_tall,91,qpAdaptive,1,1,0.0031149,359,7,9.06885,588,588,0,0.00575771,0.00249477,0,0,0.0252614,0.142061,1,1,7,0,0,0,0.857939,0.133705,0.00835655,359,109704,313
1,bookshelf_tall,91,qpFreeGate,1,1,0.165136,29021,72,14.2452,1444,1444,0,0.0048076,0.00249477,0,0,0.00380856,0,284,65,0.253521,0,0,0,1,0,0,0,0,0
1,bookshelf_tall,91,qpEnvelope,1,1,0.00231298,251,7,9.08295,546,546,0,0.00555807,0.00249477,0,0,0.0361871,0.167331,1,1,7,0,0,0,0.832669,0.155378,0.0119522,251,76969,233
1,bookshelf_tall,100,isSafe,0,0,0,0,0,0,0,0,0,inf,inf,0,0,0,0,0,0,0,0,0,0,0,0,0,0,0,0
1,bookshelf_tall,100,qpFixed,0,0,0,0,0,0,0,0,0,inf,inf,0,0,0,0,0,0,0,0,0,0,0,0,0,0,0,0
1,bookshelf_tall,100,qpPlain,0,0,0,0,0,0,0,0,0,inf,inf,0,0,0,0,0,0,0,0,0,0,0,0,0,0,0,0
1,bookshelf_tall,100,qpAdaptive,0,0,0,0,0,0,0,0,0,inf,inf,0,0,0,0,0,0,0,0,0,0,0,0,0,0,0,0
1,bookshelf_tall,100,qpFreeGate,0,0,0,0,0,0,0,0,0,inf,inf,0,0,0,0,0,0,0,0,0,0,0,0,0,0,0,0
1,bookshelf_tall,100,qpEnvelope,0,0,0,0,0,0,0,0,0,inf,inf,0,0,0,0,0,0,0,0,0,0,0,0,0,0,0,0
1,bookshelf_thin,7,isSafe,0,0,0,0,0,0,0,0,0,inf,inf,0,0,0,0,0,0,0,0,0,0,0,0,0,0,0,0
1,bookshelf_thin,7,qpFixed,0,0,0,0,0,0,0,0,0,inf,inf,0,0,0,0,0,0,0,0,0,0,0,0,0,0,0,0
1,bookshelf_thin,7,qpPlain,0,0,0,0,0,0,0,0,0,inf,inf,0,0,0,0,0,0,0,0,0,0,0,0,0,0,0,0
1,bookshelf_thin,7,qpAdaptive,0,0,0,0,0,0,0,0,0,inf,inf,0,0,0,0,0,0,0,0,0,0,0,0,0,0,0,0
1,bookshelf_thin,7,qpFreeGate,0,0,0,0,0,0,0,0,0,inf,inf,0,0,0,0,0,0,0,0,0,0,0,0,0,0,0,0
1,bookshelf_thin,7,qpEnvelope,0,0,0,0,0,0,0,0,0,inf,inf,0,0,0,0,0,0,0,0,0,0,0,0,0,0,0,0
1,bookshelf_thin,14,isSafe,1,1,0.00968731,4154,22,7.89891,5,396,0,0.00292829,0.00249477,0,0,0,0,74,19,0.297297,0,0,0,0,0,0,0,0,0
1,bookshelf_thin,14,qpFixed,1,1,0.00272346,387,8,5.77642,388,388,0,0.00454408,0.00249477,0,0,0.0149262,0,1,1,8,0,0,0,1,0,0,387,102644,188
1,bookshelf_thin,14,qpPlain,1,1,0.0028078,387,8,5.77642,388,388,0,0.00454408,0.00249477,0,0,0.0149262,0,1,1,8,0,0,0,1,0,0,387,132741,387
1,bookshelf_thin,14,qpAdaptive,1,1,0.00130248,188,9,5.79407,344,344,0,0.00454909,0.00249477,0,0,0.0308195,0.223404,1,1,9,0,0,0,0.760638,0.207447,0.0319149,188,47294,133
1,bookshelf_thin,14,qpFreeGate,1,1,0.0929585,16270,48,11.1644,949,949,0,0.00438531,0.00249477,0,0,0.00465661,0,135,41,0.355556,0,0,0,1,0,0,0,0,0
1,bookshelf_thin,14,qpEnvelope,1,1,0.00103416,129,6,5.81032,322,322,0,0.00456961,0.00249477,0,0,0.0450413,0.147287,1,1,6,0,0,0,0.844961,0.124031,0.0310078,129,31429,102
1,bookshelf_thin,21,isSafe,1,1,0.0158745,6515,34,18.438,11,923,0,0.00183362,0.00249477,0,0,0,0,150,30,0.226667,0,0,0,0,0,0,0,0,0
1,bookshelf_thin,21,qpFixed,1,1,0.00981059,1249,15,6.84311,547,547,0,0.00437812,0.00249477,0,0,0.0131386,0,3,3,5,0,0,0,1,0,0,1249,326266,668
1,bookshelf_thin,21,qpPlain,1,1,0.0107942,1249,15,6.84311,547,547,0,0.00437812,0.00249477,0,0,0.0131386,0,3,3,5,0,0,0,1,0,0,1249,428407,1249
1,bookshelf_thin,21,qpAdaptive,1,1,0.00401041,460,16,6.86467,470,470,0,0.00437978,0.00249477,0,0,0.0357457,0.458696,3,3,5.33333,0,0,0,0.530435,0.436957,0.0326087,460,124453,383
1,bookshelf_thin,21,qpFreeGate,1,1,0.130931,21801,62,10.0759,855,855,0,0.00443336,0.00249477,0,0,0.00482466,0,242,58,0.256198,0,0,0,1,0,0,0,0,0
1,bookshelf_thin,21,qpEnvelope,1,1,0.0026282,264,12,6.91341,398,398,0,0.00438394,0.00249477,0,0,0.0625313,0.359848,3,3,4,0,0,0,0.640152,0.318182,0.0416667,264,72074,229
1,bookshelf_thin,28,isSafe,1,1,0.00263095,1110,8,8.70274,6,437,0,0.00108564,0.00249477,0,0,0,0,10,4,0.8,0,0,0,0,0,0,0,0,0
1,bookshelf_thin,28,qpFixed,1,1,0.00428732,555,7,6.72647,556,556,0,0.00363173,0.00249477,0,0,0.0121198,0,1,1,7,0,0,0,1,0,0,555,151107,275
1,bookshelf_thin,28,qpPlain,1,1,0.00448381,555,7,6.72647,556,556,0,0.00363173,0.00249477,0,0,0.0121198,0,1,1,7,0,0,0,1,0,0,555,190365,555
1,bookshelf_thin,28,qpAdaptive,1,1,0.00264348,298,7,6.73532,489,489,0,0.00363173,0.00249477,0,0,0.0226018,0.241611,1,1,7,0,0,0,0.758389,0.228188,0.0134228,298,84467,253
1,bookshelf_thin,28,qpFreeGate,1,1,0.139813,24438,64,26.3644,2130,2130,0,0.00868707,0.00249477,0,0,0.00385086,0,196,49,0.326531,0,0,0,1,0,0,0,0,0
1,bookshelf_thin,28,qpEnvelope,1,1,0.00222025,243,7,6.73677,473,473,0,0.00363173,0.00249477,0,0,0.0277234,0.1893,1,1,7,0,0,0,0.806584,0.176955,0.0164609,243,68007,218
1,bookshelf_thin,35,isSafe,0,0,0,0,0,0,0,0,0,inf,inf,0,0,0,0,0,0,0,0,0,0,0,0,0,0,0,0
1,bookshelf_thin,35,qpFixed,0,0,0,0,0,0,0,0,0,inf,inf,0,0,0,0,0,0,0,0,0,0,0,0,0,0,0,0
1,bookshelf_thin,35,qpPlain,0,0,0,0,0,0,0,0,0,inf,inf,0,0,0,0,0,0,0,0,0,0,0,0,0,0,0,0
1,bookshelf_thin,35,qpAdaptive,0,0,0,0,0,0,0,0,0,inf,inf,0,0,0,0,0,0,0,0,0,0,0,0,0,0,0,0
1,bookshelf_thin,35,qpFreeGate,0,0,0,0,0,0,0,0,0,inf,inf,0,0,0,0,0,0,0,0,0,0,0,0,0,0,0,0
1,bookshelf_thin,35,qpEnvelope,0,0,0,0,0,0,0,0,0,inf,inf,0,0,0,0,0,0,0,0,0,0,0,0,0,0,0,0
1,bookshelf_thin,42,isSafe,0,0,0,0,0,0,0,0,0,inf,inf,0,0,0,0,0,0,0,0,0,0,0,0,0,0,0,0
1,bookshelf_thin,42,qpFixed,0,0,0,0,0,0,0,0,0,inf,inf,0,0,0,0,0,0,0,0,0,0,0,0,0,0,0,0
1,bookshelf_thin,42,qpPlain,0,0,0,0,0,0,0,0,0,inf,inf,0,0,0,0,0,0,0,0,0,0,0,0,0,0,0,0
1,bookshelf_thin,42,qpAdaptive,0,0,0,0,0,0,0,0,0,inf,inf,0,0,0,0,0,0,0,0,0,0,0,0,0,0,0,0
1,bookshelf_thin,42,qpFreeGate,0,0,0,0,0,0,0,0,0,inf,inf,0,0,0,0,0,0,0,0,0,0,0,0,0,0,0,0
1,bookshelf_thin,42,qpEnvelope,0,0,0,0,0,0,0,0,0,inf,inf,0,0,0,0,0,0,0,0,0,0,0,0,0,0,0,0
1,bookshelf_thin,49,isSafe,0,0,0,0,0,0,0,0,0,inf,inf,0,0,0,0,0,0,0,0,0,0,0,0,0,0,0,0
1,bookshelf_thin,49,qpFixed,0,0,0,0,0,0,0,0,0,inf,inf,0,0,0,0,0,0,0,0,0,0,0,0,0,0,0,0
1,bookshelf_thin,49,qpPlain,0,0,0,0,0,0,0,0,0,inf,inf,0,0,0,0,0,0,0,0,0,0,0,0,0,0,0,0
1,bookshelf_thin,49,qpAdaptive,0,0,0,0,0,0,0,0,0,inf,inf,0,0,0,0,0,0,0,0,0,0,0,0,0,0,0,0
1,bookshelf_thin,49,qpFreeGate,0,0,0,0,0,0,0,0,0,inf,inf,0,0,0,0,0,0,0,0,0,0,0,0,0,0,0,0
1,bookshelf_thin,49,qpEnvelope,0,0,0,0,0,0,0,0,0,inf,inf,0,0,0,0,0,0,0,0,0,0,0,0,0,0,0,0
1,bookshelf_thin,56,isSafe,1,1,0.0113735,4644,24,15.3858,9,771,0,0.00905226,0.00249477,0,0,0,0,90,20,0.266667,0,0,0,0,0,0,0,0,0
1,bookshelf_thin,56,qpFixed,1,1,0.00397261,502,6,7.04632,571,571,0,0.00581537,0.00249477,0,0,0.0140365,0,1,1,6,0,0,0,1,0,0,502,138611,255
1,bookshelf_thin,56,qpPlain,1,1,0.00429936,502,6,7.04632,571,571,0,0.00581537,0.00249477,0,0,0.0140365,0,1,1,6,0,0,0,1,0,0,502,172186,502
1,bookshelf_thin,56,qpAdaptive,1,1,0.00233536,263,6,7.07017,474,474,0,0.00580993,0.00249477,0,0,0.0268828,0.18251,1,1,6,0,0,0,0.81749,0.171103,0.0114068,263,75855,222
1,bookshelf_thin,56,qpFreeGate,1,1,0.063733,10846,34,17.0622,1325,1325,0,0.00904972,0.00249477,0,0,0.00498067,0,90,29,0.377778,0,0,0,1,0,0,0,0,0
1,bookshelf_thin,56,qpEnvelope,1,1,0.00200667,202,6,7.09142,457,457,0,0.00573897,0.00249477,0,0,0.0351061,0.247525,1,1,6,0,0,0,0.752475,0.232673,0.0148515,202,58128,180
1,bookshelf_thin,63,isSafe,1,1,0.00788642,3412,19,13.082,8,656,0,0.00220829,0.00249477,0,0,0,0,53,15,0.358491,0,0,0,0,0,0,0,0,0
1,bookshelf_thin,63,qpFixed,1,1,0.0149059,1984,16,14.6479,1187,1187,0,0.00371227,0.00249477,0,0,0.0118168,0,5,5,3.2,0,0,0,1,0,0,1984,512084,1150
1,bookshelf_thin,63,qpPlain,1,1,0.0164262,1984,16,14.6479,1187,1187,0,0.00371227,0.00249477,0,0,0.0118168,0,5,5,3.2,0,0,0,1,0,0,1984,680512,1984
1,bookshelf_thin,63,qpAdaptive,1,1,0.00779424,932,16,14.6672,966,966,0,0.00366857,0.00249477,0,0,0.0252036,0.412017,5,5,3.2,0,0,0,0.58691,0.400215,0.0128755,932,239880,798
1,bookshelf_thin,63,qpFreeGate,1,1,0.0979084,17109,53,15.8083,1354,1354,0,0.00449435,0.00249477,0,0,0.00450092,0,145,40,0.365517,0,0,0,1,0,0,0,0,0
1,bookshelf_thin,63,qpEnvelope,1,1,0.00454151,485,15,14.6676,871,871,0,0.00367872,0.00249477,0,0,0.0484079,0.292784,5,5,3,0,0,0,0.705155,0.268041,0.0268041,485,121096,458
1,bookshelf_thin,70,isSafe,0,0,0,0,0,0,0,0,0,inf,inf,0,0,0,0,0,0,0,0,0,0,0,0,0,0,0,0
1,bookshelf_thin,70,qpFixed,0,0,0,0,0,0,0,0,0,inf,inf,0,0,0,0,0,0,0,0,0,0,0,0,0,0,0,0
1,bookshelf_thin,70,qpPlain,0,0,0,0,0,0,0,0,0,inf,inf,0,0,0,0,0,0,0,0,0,0,0,0,0,0,0,0
1,bookshelf_thin,70,qpAdaptive,0,0,0,0,0,0,0,0,0,inf,inf,0,0,0,0,0,0,0,0,0,0,0,0,0,0,0,0
1,bookshelf_thin,70,qpFreeGate,0,0,0,0,0,0,0,0,0,inf,inf,0,0,0,0,0,0,0,0,0,0,0,0,0,0,0,0
1,bookshelf_thin,70,qpEnvelope,0,0,0,0,0,0,0,0,0,inf,inf,0,0,0,0,0,0,0,0,0,0,0,0,0,0,0,0
1,bookshelf_thin,78,isSafe,0,0,0,0,0,0,0,0,0,inf,inf,0,0,0,0,0,0,0,0,0,0,0,0,0,0,0,0
1,bookshelf_thin,78,qpFixed,0,0,0,0,0,0,0,0,0,inf,inf,0,0,0,0,0,0,0,0,0,0,0,0,0,0,0,0
1,bookshelf_thin,78,qpPlain,0,0,0,0,0,0,0,0,0,inf,inf,0,0,0,0,0,0,0,0,0,0,0,0,0,0,0,0
1,bookshelf_thin,78,qpAdaptive,0,0,0,0,0,0,0,0,0,inf,inf,0,0,0,0,0,0,0,0,0,0,0,0,0,0,0,0
1,bookshelf_thin,78,qpFreeGate,0,0,0,0,0,0,0,0,0,inf,inf,0,0,0,0,0,0,0,0,0,0,0,0,0,0,0,0
1,bookshelf_thin,78,qpEnvelope,0,0,0,0,0,0,0,0,0,inf,inf,0,0,0,0,0,0,0,0,0,0,0,0,0,0,0,0
1,bookshelf_thin,85,isSafe,1,1,0.00427167,1895,12,12.344,8,619,0,0.00165744,0.00249477,0,0,0,0,24,7,0.5,0,0,0,0,0,0,0,0,0
1,bookshelf_thin,85,qpFixed,1,1,0.00723266,859,9,9.98959,862,862,0,0.00304168,0.00249477,0,0,0.0116293,0,1,1,9,0,0,0,1,0,0,859,245633,601
1,bookshelf_thin,85,qpPlain,1,1,0.00752517,859,9,9.98959,862,862,0,0.00304168,0.00249477,0,0,0.0116293,0,1,1,9,0,0,0,1,0,0,859,294637,859
1,bookshelf_thin,85,qpAdaptive,1,1,0.00579881,624,9,9.9909,813,813,0,0.00304168,0.00249477,0,0,0.0160111,0.0641026,1,1,9,0,0,0,0.934295,0.0592949,0.00641026,624,185711,594
1,bookshelf_thin,85,qpFreeGate,1,1,0.245603,43159,103,20.4824,2060,2060,0,0.00443009,0.00249477,0,0,0.00378798,0,329,91,0.31307,0,0,0,1,0,0,0,0,0
1,bookshelf_thin,85,qpEnvelope,1,1,0.00551022,589,9,9.99826,797,797,0,0.00304545,0.00249477,0,0,0.016975,0.0441426,1,1,9,0,0,0,0.95416,0.0390492,0.00679117,589,174991,575
1,bookshelf_thin,92,isSafe,1,1,0.00687309,2844,16,15.8252,9,793,0,0.00270161,0.00249477,0,0,0,0,35,11,0.457143,0,0,0,0,0,0,0,0,0
1,bookshelf_thin,92,qpFixed,1,1,0.011939,1508,10,11.5118,943,943,0,0.00351438,0.00249477,0,0,0.00935894,0,4,3,2.5,0,0,0,1,0,0,1508,377603,1184
1,bookshelf_thin,92,qpPlain,1,1,0.0135146,1508,10,11.5118,943,943,0,0.00351438,0.00249477,0,0,0.00935894,0,4,3,2.5,0,0,0,1,0,0,1508,517244,1508
1,bookshelf_thin,92,qpAdaptive,1,1,0.00915311,1075,10,11.5111,817,817,0,0.00351408,0.00249477,0,0,0.0131271,0.249302,4,3,2.5,0,0,0,0.746047,0.247442,0.00651163,1075,264483,1009
1,bookshelf_thin,92,qpFreeGate,1,1,0.026312,4368,22,13.642,1046,1046,0,0.00707539,0.00249477,0,0,0.00675447,0,33,12,0.666667,0,0,0,1,0,0,0,0,0
1,bookshelf_thin,92,qpEnvelope,1,1,0.00701439,782,10,11.5175,732,732,0,0.00351405,0.00249477,0,0,0.0180624,0.136829,4,3,2.5,0,0,0,0.861893,0.129156,0.00895141,782,191710,766
1,bookshelf_thin,99,isSafe,1,0,10.0001,2871511,31868,0,0,0,0,inf,inf,0,0,0,0,261915,31866,0.121673,0,0,0,0,0,0,0,0,0
1,bookshelf_thin,99,qpFixed,1,0,10.0021,1206381,2335,0,0,0,0,inf,inf,0,0,0.00561161,0,5525,2224,0.422624,0,0,0,1,0,0,1206381,362253260,1140942
1,bookshelf_thin,99,qpPlain,1,0,10.0003,1201509,2326,0,0,0,0,inf,inf,0,0,0.00561349,0,5501,2215,0.422832,0,0,0,1,0,0,1201509,412117587,1201509
1,bookshelf_thin,99,qpAdaptive,1,0,10.0008,1135423,2408,0,0,0,0,inf,inf,0,0,0.00616613,0.0526905,5752,2296,0.418637,0,0,0,0.947056,0.051972,0.000972327,1135423,341999477,1121229
1,bookshelf_thin,99,qpFreeGate,1,0,10.0007,1735784,2926,0,0,0,0,inf,inf,0,0,0.00248842,0,15684,2922,0.18656,0,0,0,1,0,0,0,0,0
1,bookshelf_thin,99,qpEnvelope,1,0,10.0013,1119119,2493,0,0,0,0,inf,inf,0,0,0.00641118,0.00611463,5893,2371,0.423044,0,0,0,0.993848,0.00513351,0.00101866,1119119,336696320,1114648
1,table_under_pick,6,isSafe,0,0,0,0,0,0,0,0,0,inf,inf,0,0,0,0,0,0,0,0,0,0,0,0,0,0,0,0
1,table_under_pick,6,qpFixed,0,0,0,0,0,0,0,0,0,inf,inf,0,0,0,0,0,0,0,0,0,0,0,0,0,0,0,0
1,table_under_pick,6,qpPlain,0,0,0,0,0,0,0,0,0,inf,inf,0,0,0,0,0,0,0,0,0,0,0,0,0,0,0,0
1,table_under_pick,6,qpAdaptive,0,0,0,0,0,0,0,0,0,inf,inf,0,0,0,0,0,0,0,0,0,0,0,0,0,0,0,0
1,table_under_pick,6,qpFreeGate,0,0,0,0,0,0,0,0,0,inf,inf,0,0,0,0,0,0,0,0,0,0,0,0,0,0,0,0
1,table_under_pick,6,qpEnvelope,0,0,0,0,0,0,0,0,0,inf,inf,0,0,0,0,0,0,0,0,0,0,0,0,0,0,0,0
1,table_under_pick,13,isSafe,1,1,0.0059338,2431,14,14.9686,9,750,0,0.00766899,0.00249477,0,0,0,0,65,10,0.215385,0,0,0,0,0,0,0,0,0
1,table_under_pick,13,qpFixed,1,1,0.0326323,3957,24,13.3861,1159,1159,0,0.00315371,0.00249477,0,0,0.00947611,0,10,9,2.4,0,0,0,1,0,0,3957,1161714,3605
1,table_under_pick,13,qpPlain,1,1,0.0337694,3957,24,13.3861,1159,1159,0,0.00315371,0.00249477,0,0,0.00947611,0,10,9,2.4,0,0,0,1,0,0,3957,1357251,3957
1,table_under_pick,13,qpAdaptive,1,1,0.0285561,3185,24,13.3846,1058,1058,0,0.0031504,0.00249477,0,0,0.0117759,0.19529,10,9,2.4,0,0,0,0.80314,0.192779,0.00408163,3185,930089,3088
1,table_under_pick,13,qpFreeGate,1,1,0.0582279,9789,29,16.6963,1427,1427,0,0.00762428,0.00249477,0,0,0.00429994,0,77,22,0.376623,0,0,0,1,0,0,0,0,0
1,table_under_pick,13,qpEnvelope,1,1,0.021641,2272,24,13.3654,960,960,0,0.00313273,0.00249477,0,0,0.0163478,0.197183,10,9,2.4,0,0,0,0.801937,0.191021,0.00704225,2272,650868,2222
1,table_under_pick,20,isSafe,1,1,0.00805392,3484,19,18.3484,11,919,0,0.00390373,0.00249477,0,0,0,0,57,14,0.333333,0,0,0,0,0,0,0,0,0
1,table_under_pick,20,qpFixed,1,1,0.053313,7018,37,18.2663,1578,1578,0,0.0031867,0.00249477,0,0,0.00856518,0,25,18,1.48,0,0,0,1,0,0,7018,1779658,5553
1,table_under_pick,20,qpPlain,1,1,0.0603895,7018,37,18.2663,1578,1578,0,0.0031867,0.00249477,0,0,0.00856518,0,25,18,1.48,0,0,0,1,0,0,7018,2407174,7018
1,table_under_pick,20,qpAdaptive,1,1,0.0405419,5024,37,18.2743,1253,1253,0,0.00320232,0.00249477,0,0,0.0119745,0.168591,25,18,1.48,0,0,0,0.830812,0.165008,0.00417994,5024,1225093,4783
1,table_under_pick,20,qpFreeGate,1,1,0.0658111,11050,47,16.762,1462,1462,0,0.00447178,0.00249477,0,0,0.0060727,0,92,35,0.51087,0,0,0,1,0,0,0,0,0
1,table_under_pick,20,qpEnvelope,1,1,0.0335075,3999,36,18.3336,1101,1101,0,0.00319902,0.00249477,0,0,0.0151006,0.12053,25,18,1.44,0,0,0,0.87847,0.115029,0.00650163,3999,972472,3911
1,table_under_pick,27,isSafe,1,0,10.0002,2805723,30816,0,0,0,0,inf,inf,0,0,0,0,268121,30814,0.114933,0,0,0,0,0,0,0,0,0
1,table_under_pick,27,qpFixed,1,0,10.0005,1198839,2316,0,0,0,0,inf,inf,0,0,0.00559942,0,5464,2213,0.423865,0,0,0,1,0,0,1198839,363267104,1144347
1,table_under_pick,27,qpPlain,1,0,10.0002,1187777,2300,0,0,0,0,inf,inf,0,0,0.00560508,0,5409,2197,0.425217,0,0,0,1,0,0,1187777,407407511,1187777
1,table_under_pick,27,qpAdaptive,1,0,10.0005,1116101,2388,0,0,0,0,inf,inf,0,0,0.00621707,0.0639225,5684,2286,0.420127,0,0,0,0.935765,0.0632408,0.000994535,1116101,339106146,1102821
1,table_under_pick,27,qpFreeGate,1,0,10.0004,1722993,2706,0,0,0,0,inf,inf,0,0,0.00234305,0,15436,2700,0.175304,0,0,0,1,0,0,0,0,0
1,table_under_pick,27,qpEnvelope,1,0,10.0002,1107973,2478,0,0,0,0,inf,inf,0,0,0.00654594,0.00996414,5996,2378,0.413276,0,0,0,0.989974,0.00893706,0.00108848,1107973,336677054,1103534
1,table_under_pick,34,isSafe,1,1,0.00461909,2065,12,15.1598,9,759,0,0.000275349,0.00249477,0,0,0,0,56,8,0.214286,0,0,0,0,0,0,0,0,0
1,table_under_pick,34,qpFixed,1,1,0.028926,3534,25,12.6418,1058,1058,0,0.00339118,0.00249477,0,0,0.0101711,0,12,11,2.08333,0,0,0,1,0,0,3534,965047,3137
1,table_under_pick,34,qpPlain,1,1,0.0304477,3534,25,12.6418,1058,1058,0,0.00339118,0.00249477,0,0,0.0101711,0,12,11,2.08333,0,0,0,1,0,0,3534,1212162,3534
1,table_under_pick,34,qpAdaptive,1,1,0.0222056,2562,25,12.6471,981,981,0,0.00339954,0.00249477,0,0,0.0140395,0.314598,12,11,2.08333,0,0,0,0.68306,0.311866,0.00507416,2562,689043,2398
1,table_under_pick,34,qpFreeGate,1,1,0.0339748,5913,25,13.5647,1540,1540,0,0.0047503,0.00249477,0,0,0.00425731,0,50,16,0.5,0,0,0,1,0,0,0,0,0
1,table_under_pick,34,qpEnvelope,1,1,0.0163838,1706,25,12.6571,845,845,0,0.00350309,0.00249477,0,0,0.0211702,0.294842,12,11,2.08333,0,0,0,0.702814,0.285463,0.0117233,1706,466454,1640
1,table_under_pick,41,isSafe,0,0,0,0,0,0,0,0,0,inf,inf,0,0,0,0,0,0,0,0,0,0,0,0,0,0,0,0
1,table_under_pick,41,qpFixed,0,0,0,0,0,0,0,0,0,inf,inf,0,0,0,0,0,0,0,0,0,0,0,0,0,0,0,0
1,table_under_pick,41,qpPlain,0,0,0,0,0,0,0,0,0,inf,inf,0,0,0,0,0,0,0,0,0,0,0,0,0,0,0,0
1,table_under_pick,41,qpAdaptive,0,0,0,0,0,0,0,0,0,inf,inf,0,0,0,0,0,0,0,0,0,0,0,0,0,0,0,0
1,table_under_pick,41,qpFreeGate,0,0,0,0,0,0,0,0,0,inf,inf,0,0,0,0,0,0,0,0,0,0,0,0,0,0,0,0
1,table_under_pick,41,qpEnvelope,0,0,0,0,0,0,0,0,0,inf,inf,0,0,0,0,0,0,0,0,0,0,0,0,0,0,0,0
1,table_under_pick,48,isSafe,1,1,0.00641859,2648,15,21.2035,12,1062,0,0.00180239,0.00249477,0,0,0,0,51,10,0.294118,0,0,0,0,0,0,0,0,0
1,table_under_pick,48,qpFixed,1,1,0.0128507,1703,13,12.5412,1220,1220,0,0.00362233,0.00249477,0,0,0.00971401,0,4,4,3.25,0,0,0,1,0,0,1703,402684,1210
1,table_under_pick,48,qpPlain,1,1,0.0146925,1703,13,12.5412,1220,1220,0,0.00362233,0.00249477,0,0,0.00971401,0,4,4,3.25,0,0,0,1,0,0,1703,584129,1703
1,table_under_pick,48,qpAdaptive,1,1,0.00757495,940,13,12.5599,977,977,0,0.00352621,0.00249477,0,0,0.0176331,0.237234,4,4,3.25,0,0,0,0.762766,0.229787,0.00744681,940,216483,870
1,table_under_pick,48,qpFreeGate,1,1,0.0297165,4875,14,14.3824,1296,1296,0,0.00793922,0.00249477,0,0,0.00493204,0,28,9,0.5,0,0,0,1,0,0,0,0,0
1,table_under_pick,48,qpEnvelope,1,1,0.00651173,686,13,12.5906,880,880,0,0.0034405,0.00249477,0,0,0.0242496,0.282799,4,4,3.25,0,0,0,0.717201,0.271137,0.0116618,686,155450,642
1,table_under_pick,55,isSafe,1,1,0.00573794,2440,14,15.6395,9,783,0,0.00789116,0.00249477,0,0,0,0,38,10,0.368421,0,0,0,0,0,0,0,0,0
1,table_under_pick,55,qpFixed,1,1,0.00574464,710,8,8.91243,694,694,0,0.00469362,0.00249477,0,0,0.0125894,0,2,2,4,0,0,0,1,0,0,710,200993,497
1,table_under_pick,55,qpPlain,1,1,0.00581674,710,8,8.91243,694,694,0,0.00469362,0.00249477,0,0,0.0125894,0,2,2,4,0,0,0,1,0,0,710,243530,710
1,table_under_pick,55,qpAdaptive,1,1,0.003843,443,8,8.91262,607,607,0,0.00459013,0.00249477,0,0,0.0201775,0.268623,2,2,4,0,0,0,0.731377,0.261851,0.00677201,443,126576,407
1,table_under_pick,55,qpFreeGate,1,1,0.0171793,2932,10,8.52919,801,801,0,0.00789116,0.00249477,0,0,0.00490714,0,26,6,0.384615,0,0,0,1,0,0,0,0,0
1,table_under_pick,55,qpEnvelope,1,1,0.00308758,305,8,8.92636,573,573,0,0.0043347,0.00249477,0,0,0.0293612,0.35082,2,2,4,0,0,0,0.645902,0.344262,0.00983607,305,88273,286
1,table_under_pick,63,isSafe,1,1,0.00385181,1594,10,13.4118,8,672,0,0.00188794,0.00249477,0,0,0,0,27,6,0.37037,0,0,0,0,0,0,0,0,0
1,table_under_pick,63,qpFixed,1,1,0.0314303,3821,32,27.5628,2217,2217,0,0.00326571,0.00249477,0,0,0.010537,0,13,13,2.46154,0,0,0,1,0,0,3821,1067445,3383
1,table_under_pick,63,qpPlain,1,1,0.0330554,3821,32,27.5628,2217,2217,0,0.00326571,0.00249477,0,0,0.010537,0,13,13,2.46154,0,0,0,1,0,0,3821,1310603,3821
1,table_under_pick,63,qpAdaptive,1,1,0.0300571,3073,32,27.5821,2054,2054,0,0.00326485,0.00249477,0,0,0.01312,0.201432,13,13,2.46154,0,0,0,0.796941,0.198178,0.00488122,3073,859932,2853
1,table_under_pick,63,qpFreeGate,1,1,0.0194956,3221,13,9.53751,996,996,0,0.00439199,0.00249477,0,0,0.00512435,0,19,8,0.684211,0,0,0,1,0,0,0,0,0
1,table_under_pick,63,qpEnvelope,1,1,0.0212705,2301,32,27.6269,1847,1847,0,0.00328271,0.00249477,0,0,0.0175534,0.113864,13,13,2.46154,0,0,0,0.883963,0.107345,0.00869187,2301,634760,2205
1,table_under_pick,70,isSafe,1,1,0.00688271,2836,16,15.4368,9,773,0,0.00233964,0.00249477,0,0,0,0,49,11,0.326531,0,0,0,0,0,0,0,0,0
1,table_under_pick,70,qpFixed,1,1,0.061629,7642,49,27.6725,2353,2353,0,0.00300435,0.00249477,0,0,0.00900135,0,27,22,1.81481,0,0,0,1,0,0,7642,1863049,7076
1,table_under_pick,70,qpPlain,1,1,0.0712984,7642,49,27.6725,2353,2353,0,0.00300435,0.00249477,0,0,0.00900135,0,27,22,1.81481,0,0,0,1,0,0,7642,2621206,7642
1,table_under_pick,70,qpAdaptive,1,1,0.0504379,5380,53,21.7276,1712,1712,0,0.00332928,0.00249477,0,0,0.0131973,0.281041,23,20,2.30435,0,0,0,0.716862,0.276817,0.00632088,5380,1354755,5167
1,table_under_pick,70,qpFreeGate,1,1,0.0850792,14573,42,13.4254,1172,1172,0,0.00510721,0.00249477,0,0,0.00452029,0,125,37,0.336,0,0,0,1,0,0,0,0,0
1,table_under_pick,70,qpEnvelope,1,1,0.0595306,6516,62,34.9016,2418,2418,0,0.00300369,0.00249477,0,0,0.0148221,0.16682,40,30,1.55,0,0,0,0.83144,0.16334,0.00521953,6516,1607232,6269
1,table_under_pick,77,isSafe,1,1,0.0125391,5080,26,15.6186,9,782,0,0.00242604,0.00249477,0,0,0,0,209,22,0.124402,0,0,0,0,0,0,0,0,0
1,table_under_pick,77,qpFixed,1,1,0.094294,11833,67,32.2241,2751,2751,0,0.00312003,0.00249477,0,0,0.0090188,0,44,35,1.52273,0,0,0,1,0,0,11833,2973805,11109
1,table_under_pick,77,qpPlain,1,1,0.106136,11833,67,32.2241,2751,2751,0,0.00312003,0.00249477,0,0,0.0090188,0,44,35,1.52273,0,0,0,1,0,0,11833,4058719,11833
1,table_under_pick,77,qpAdaptive,1,1,0.0846972,9818,67,32.2535,2519,2519,0,0.00311908,0.00249477,0,0,0.0108772,0.179263,44,35,1.52273,0,0,0,0.819413,0.177837,0.00275005,9818,2464192,9423
1,table_under_pick,77,qpFreeGate,1,1,0.186844,32907,60,22.736,2523,2523,0,0.00515589,0.00249477,0,0,0.00314399,0,256,52,0.234375,0,0,0,1,0,0,0,0,0
1,table_under_pick,77,qpEnvelope,1,1,0.0769184,7775,67,32.2882,2281,2281,0,0.00311829,0.00249477,0,0,0.013802,0.146367,44,35,1.52273,0,0,0,0.852476,0.142894,0.00463023,7775,1957448,7575
1,table_under_pick,84,isSafe,1,1,0.00357084,1545,9,12.9123,8,647,0,0.00725809,0.00249477,0,0,0,0,26,5,0.346154,0,0,0,0,0,0,0,0,0
1,table_under_pick,84,qpFixed,1,1,0.0101169,1271,11,12.1585,947,947,0,0.00411166,0.00249477,0,0,0.0127252,0,2,2,5.5,0,0,0,1,0,0,1271,331329,579
1,table_under_pick,84,qpPlain,1,1,0.0109904,1271,11,12.1585,947,947,0,0.00411166,0.00249477,0,0,0.0127252,0,2,2,5.5,0,0,0,1,0,0,1271,435953,1271
1,table_under_pick,84,qpAdaptive,1,1,0.00423416,446,11,12.1671,758,758,0,0.00406343,0.00249477,0,0,0.036304,0.506726,2,2,5.5,0,0,0,0.488789,0.495516,0.0156951,446,129038,381
1,table_under_pick,84,qpFreeGate,1,1,0.0360182,5968,21,16.5587,1603,1603,0,0.00758156,0.00249477,0,0,0.00521607,0,39,12,0.538462,0,0,0,1,0,0,0,0,0
1,table_under_pick,84,qpEnvelope,1,1,0.003014,278,11,12.1801,713,713,0,0.0039409,0.00249477,0,0,0.0582906,0.539568,2,2,5.5,0,0,0,0.460432,0.510791,0.028777,278,80877,244
1,table_under_pick,91,isSafe,0,0,0,0,0,0,0,0,0,inf,inf,0,0,0,0,0,0,0,0,0,0,0,0,0,0,0,0
1,table_under_pick,91,qpFixed,0,0,0,0,0,0,0,0,0,inf,inf,0,0,0,0,0,0,0,0,0,0,0,0,0,0,0,0
1,table_under_pick,91,qpPlain,0,0,0,0,0,0,0,0,0,inf,inf,0,0,0,0,0,0,0,0,0,0,0,0,0,0,0,0
1,table_under_pick,91,qpAdaptive,0,0,0,0,0,0,0,0,0,inf,inf,0,0,0,0,0,0,0,0,0,0,0,0,0,0,0,0
1,table_under_pick,91,qpFreeGate,0,0,0,0,0,0,0,0,0,inf,inf,0,0,0,0,0,0,0,0,0,0,0,0,0,0,0,0
1,table_under_pick,91,qpEnvelope,0,0,0,0,0,0,0,0,0,inf,inf,0,0,0,0,0,0,0,0,0,0,0,0,0,0,0,0
1,table_under_pick,98,isSafe,0,0,0,0,0,0,0,0,0,inf,inf,0,0,0,0,0,0,0,0,0,0,0,0,0,0,0,0
1,table_under_pick,98,qpFixed,0,0,0,0,0,0,0,0,0,inf,inf,0,0,0,0,0,0,0,0,0,0,0,0,0,0,0,0
1,table_under_pick,98,qpPlain,0,0,0,0,0,0,0,0,0,inf,inf,0,0,0,0,0,0,0,0,0,0,0,0,0,0,0,0
1,table_under_pick,98,qpAdaptive,0,0,0,0,0,0,0,0,0,inf,inf,0,0,0,0,0,0,0,0,0,0,0,0,0,0,0,0
1,table_under_pick,98,qpFreeGate,0,0,0,0,0,0,0,0,0,inf,inf,0,0,0,0,0,0,0,0,0,0,0,0,0,0,0,0
1,table_under_pick,98,qpEnvelope,0,0,0,0,0,0,0,0,0,inf,inf,0,0,0,0,0,0,0,0,0,0,0,0,0,0,0,0
1,bookshelf_small,5,isSafe,0,0,0,0,0,0,0,0,0,inf,inf,0,0,0,0,0,0,0,0,0,0,0,0,0,0,0,0
1,bookshelf_small,5,qpFixed,0,0,0,0,0,0,0,0,0,inf,inf,0,0,0,0,0,0,0,0,0,0,0,0,0,0,0,0
1,bookshelf_small,5,qpPlain,0,0,0,0,0,0,0,0,0,inf,inf,0,0,0,0,0,0,0,0,0,0,0,0,0,0,0,0
1,bookshelf_small,5,qpAdaptive,0,0,0,0,0,0,0,0,0,inf,inf,0,0,0,0,0,0,0,0,0,0,0,0,0,0,0,0
1,bookshelf_small,5,qpFreeGate,0,0,0,0,0,0,0,0,0,inf,inf,0,0,0,0,0,0,0,0,0,0,0,0,0,0,0,0
1,bookshelf_small,5,qpEnvelope,0,0,0,0,0,0,0,0,0,inf,inf,0,0,0,0,0,0,0,0,0,0,0,0,0,0,0,0
1,bookshelf_small,13,isSafe,1,1,0.431285,176596,1032,8.06084,6,405,0,0.00955819,0.00249477,0,0,0,0,10158,1029,0.101595,0,0,0,0,0,0,0,0,0
1,bookshelf_small,13,qpFixed,1,1,0.044037,5300,29,16.8825,1672,1672,0,0.00320691,0.00249477,0,0,0.00896099,0,19,14,1.52632,0,0,0,1,0,0,5300,1508387,4424
1,bookshelf_small,13,qpPlain,1,1,0.0461173,5300,29,16.8825,1672,1672,0,0.00320691,0.00249477,0,0,0.00896099,0,19,14,1.52632,0,0,0,1,0,0,5300,1817900,5300
1,bookshelf_small,13,qpAdaptive,1,1,0.0350991,3792,29,16.9024,1450,1450,0,0.00320725,0.00249477,0,0,0.0125394,0.21097,19,14,1.52632,0,0,0,0.787975,0.207806,0.00421941,3792,1108867,3700
1,bookshelf_small,13,qpFreeGate,1,1,0.108868,18370,49,19.5849,1747,1747,0,0.00440768,0.00249477,0,0,0.00454635,0,141,41,0.347518,0,0,0,1,0,0,0,0,0
1,bookshelf_small,13,qpEnvelope,1,1,0.0247129,2462,29,17.0011,1326,1326,0,0.00319655,0.00249477,0,0,0.01944,0.17303,19,14,1.52632,0,0,0,0.82697,0.163688,0.009342,2462,713738,2432
1,bookshelf_small,20,isSafe,1,1,0.00297935,1397,9,9.23446,6,463,0,0.00170403,0.00249477,0,0,0,0,22,5,0.409091,0,0,0,0,0,0,0,0,0
1,bookshelf_small,20,qpFixed,1,1,0.00281911,387,5,5.44819,388,388,0,0.00841635,0.00249477,0,0,0.014078,0,1,1,5,0,0,0,1,0,0,387,104174,128
1,bookshelf_small,20,qpPlain,1,1,0.00297468,387,5,5.44819,388,388,0,0.00841635,0.00249477,0,0,0.014078,0,1,1,5,0,0,0,1,0,0,387,132741,387
1,bookshelf_small,20,qpAdaptive,1,1,0.00144332,170,5,5.44851,333,333,0,0.00841635,0.00249477,0,0,0.03205,0.511765,1,1,5,0,0,0,0.482353,0.5,0.0176471,170,50545,120
1,bookshelf_small,20,qpFreeGate,1,1,0.0407481,7072,25,10.8572,1228,1228,0,0.0050346,0.00249477,0,0,0.00416538,0,46,15,0.543478,0,0,0,1,0,0,0,0,0
1,bookshelf_small,20,qpEnvelope,1,1,0.000717641,63,5,5.45113,302,302,0,0.00841635,0.00249477,0,0,0.0865259,0.666667,1,1,5,0,0,0,0.333333,0.619048,0.047619,63,18797,47
1,bookshelf_small,28,isSafe,1,1,0.00171133,915,7,9.10139,6,457,0,0.00596396,0.00249477,0,0,0,0,2,2,3.5,0,0,0,0,0,0,0,0,0
1,bookshelf_small,28,qpFixed,1,1,0.00600353,744,7,9.02267,745,745,0,0.00371695,0.00249477,0,0,0.0121272,0,1,1,7,0,0,0,1,0,0,744,225493,437
1,bookshelf_small,28,qpPlain,1,1,0.00604785,744,7,9.02267,745,745,0,0.00371695,0.00249477,0,0,0.0121272,0,1,1,7,0,0,0,1,0,0,744,255192,744
1,bookshelf_small,28,qpAdaptive,1,1,0.00445788,486,7,9.0232,676,676,0,0.00371752,0.00249477,0,0,0.0185662,0.0781893,1,1,7,0,0,0,0.921811,0.0720165,0.00617284,486,152727,428
1,bookshelf_small,28,qpFreeGate,1,1,0.0483765,8112,24,16.4762,1599,1599,0,0.0059785,0.00249477,0,0,0.0041189,0,47,16,0.510638,0,0,0,1,0,0,0,0,0
1,bookshelf_small,28,qpEnvelope,1,1,0.00378824,394,7,9.02858,637,637,0,0.00365936,0.00249477,0,0,0.0229152,0.0913706,1,1,7,0,0,0,0.908629,0.0837563,0.00761421,394,123961,365
1,bookshelf_small,36,isSafe,1,1,0.00450096,2039,12,6.82585,5,343,0,0.01017,0.00249477,0,0,0,0,58,8,0.206897,0,0,0,0,0,0,0,0,0
1,bookshelf_small,36,qpFixed,1,1,0.00300033,376,10,5.72314,377,377,0,0.0101775,0.00249477,0,0,0.0152211,0,1,1,10,0,0,0,1,0,0,376,96942,138
1,bookshelf_small,36,qpPlain,1,1,0.00297311,376,10,5.72314,377,377,0,0.0101775,0.00249477,0,0,0.0152211,0,1,1,10,0,0,0,1,0,0,376,128968,376
1,bookshelf_small,36,qpAdaptive,1,1,0.00175469,214,10,5.7232,372,372,0,0.0101775,0.00249477,0,0,0.0267439,0.635514,1,1,10,0,0,0,0.331776,0.630841,0.0373832,214,59187,118
1,bookshelf_small,36,qpFreeGate,1,1,0.0169833,2902,15,7.74158,743,743,0,0.00439948,0.00249477,0,0,0.00632972,0,13,7,1.15385,0,0,0,1,0,0,0,0,0
1,bookshelf_small,36,qpEnvelope,1,1,0.000690434,60,8,5.7233,313,313,0,0.0101775,0.00249477,0,0,0.0953883,0.683333,1,1,8,0,0,0,0.266667,0.633333,0.1,60,17730,32
1,bookshelf_small,43,isSafe,1,0,10,2791166,30823,0,0,0,0,inf,inf,0,0,0,0,257187,30821,0.119847,0,0,0,0,0,0,0,0,0
1,bookshelf_small,43,qpFixed,1,0,10.0014,1188192,2279,0,0,0,0,inf,inf,0,0,0.00561371,0,5422,2158,0.420325,0,0,0,1,0,0,1188192,358415618,1130036
1,bookshelf_small,43,qpPlain,1,0,10.0006,1191567,2286,0,0,0,0,inf,inf,0,0,0.00561376,0,5439,2165,0.420298,0,0,0,1,0,0,1191567,408707481,1191567
1,bookshelf_small,43,qpAdaptive,1,0,10.0007,1122081,2341,0,0,0,0,inf,inf,0,0,0.00613144,0.0468478,5615,2222,0.416919,0,0,0,0.952919,0.0461679,0.000913484,1122081,339512703,1108819
1,bookshelf_small,43,qpFreeGate,1,0,10.0001,1713773,3002,0,0,0,0,inf,inf,0,0,0.00253201,0,16615,2999,0.18068,0,0,0,1,0,0,0,0,0
1,bookshelf_small,43,qpEnvelope,1,0,10.0014,1118476,2419,0,0,0,0,inf,inf,0,0,0.0063645,0.00593754,5834,2298,0.414638,0,0,0,0.994024,0.00501844,0.000957554,1118476,338083027,1113796
1,bookshelf_small,50,isSafe,1,1,0.0118498,5007,27,12.1986,8,611,0,0.00318368,0.00249477,0,0,0,0,172,23,0.156977,0,0,0,0,0,0,0,0,0
1,bookshelf_small,50,qpFixed,1,1,0.0395746,4483,36,19.2574,1752,1752,0,0.00308406,0.00249477,0,0,0.00910067,0,15,12,2.4,0,0,0,1,0,0,4483,1341535,4047
1,bookshelf_small,50,qpPlain,1,1,0.0400656,4483,36,19.2574,1752,1752,0,0.00308406,0.00249477,0,0,0.00910067,0,15,12,2.4,0,0,0,1,0,0,4483,1537669,4483
1,bookshelf_small,50,qpAdaptive,1,1,0.0342777,3589,33,19.2596,1682,1682,0,0.00308116,0.00249477,0,0,0.0112205,0.199777,15,12,2.2,0,0,0,0.79738,0.198718,0.0039019,3589,1097348,3463
1,bookshelf_small,50,qpFreeGate,1,1,0.312062,53495,99,8.98225,979,979,0,0.00700309,0.00249477,0,0,0.00300632,0,388,90,0.255155,0,0,0,1,0,0,0,0,0
1,bookshelf_small,50,qpEnvelope,1,1,0.0278214,2716,31,22.4502,1728,1728,0,0.00308402,0.00249477,0,0,0.01608,0.177467,17,13,1.82353,0,0,0,0.820626,0.171639,0.00773481,2716,837906,2658
1,bookshelf_small,57,isSafe,1,1,0.0169014,7033,38,10.7354,7,538,0,0.004159,0.00249477,0,0,0,0,209,34,0.181818,0,0,0,0,0,0,0,0,0
1,bookshelf_small,57,qpFixed,1,1,0.012683,1572,12,11.109,950,950,0,0.00559137,0.00249477,0,0,0.0104043,0,3,3,4,0,0,0,1,0,0,1572,463157,1065
1,bookshelf_small,57,qpPlain,1,1,0.013113,1572,12,11.109,950,950,0,0.00559137,0.00249477,0,0,0.0104043,0,3,3,4,0,0,0,1,0,0,1572,539196,1572
1,bookshelf_small,57,qpAdaptive,1,1,0.00792933,850,12,11.1074,734,734,0,0.00559137,0.00249477,0,0,0.0192397,0.258824,3,3,4,0,0,0,0.74,0.252941,0.00705882,850,255492,807
1,bookshelf_small,57,qpFreeGate,1,1,0.225511,38232,97,15.5857,1264,1264,0,0.00538651,0.00249477,0,0,0.00406502,0,368,93,0.263587,0,0,0,1,0,0,0,0,0
1,bookshelf_small,57,qpEnvelope,1,1,0.00620172,611,12,11.1192,658,658,0,0.00559137,0.00249477,0,0,0.0268067,0.274959,3,3,4,0,0,0,0.721768,0.263502,0.01473,611,182028,586
1,bookshelf_small,64,isSafe,1,1,0.0676541,29538,147,23.1295,13,1158,0,0.00315292,0.00249477,0,0,0,0,1209,142,0.121588,0,0,0,0,0,0,0,0,0
1,bookshelf_small,64,qpFixed,1,1,0.00725492,905,9,10.6092,906,906,0,0.00326066,0.00249477,0,0,0.0117229,0,1,1,9,0,0,0,1,0,0,905,258691,514
1,bookshelf_small,64,qpPlain,1,1,0.00761152,905,9,10.6092,906,906,0,0.00326066,0.00249477,0,0,0.0117229,0,1,1,9,0,0,0,1,0,0,905,310415,905
1,bookshelf_small,64,qpAdaptive,1,1,0.00519699,551,9,10.5982,780,780,0,0.00228612,0.00249477,0,0,0.0192345,0.105263,1,1,9,0,0,0,0.894737,0.0980036,0.00725953,551,168900,509
1,bookshelf_small,64,qpFreeGate,1,1,0.248503,42706,92,24.5259,2148,2148,0,0.00394094,0.00249477,0,0,0.0036118,0,344,86,0.267442,0,0,0,1,0,0,0,0,0
1,bookshelf_small,64,qpEnvelope,1,1,0.00365695,379,8,10.247,699,699,0,0.00326364,0.00249477,0,0,0.0270369,0.131926,1,1,8,0,0,0,0.868074,0.124011,0.00791557,379,116090,351
1,bookshelf_small,71,isSafe,1,1,0.0234313,9895,46,13.9878,8,701,0,0.00396702,0.00249477,0,0,0,0,276,42,0.166667,0,0,0,0,0,0,0,0,0
1,bookshelf_small,71,qpFixed,1,1,0.00474639,636,7,9.54953,637,637,0,0.00449286,0.00249477,0,0,0.015015,0,1,1,7,0,0,0,1,0,0,636,174174,195
1,bookshelf_small,71,qpPlain,1,1,0.00497744,636,7,9.54953,637,637,0,0.00449286,0.00249477,0,0,0.015015,0,1,1,7,0,0,0,1,0,0,636,218148,636
1,bookshelf_small,71,qpAdaptive,1,1,0.00146842,177,7,9.55193,556,556,0,0.00448294,0.00249477,0,0,0.0539657,0.621469,1,1,7,0,0,0,0.361582,0.610169,0.0282486,177,54224,115
1,bookshelf_small,71,qpFreeGate,1,1,0.261696,44765,113,20.1044,1766,1766,0,0.00634515,0.00249477,0,0,0.00419756,0,474,106,0.238397,0,0,0,1,0,0,0,0,0
1,bookshelf_small,71,qpEnvelope,1,1,0.000939843,99,7,9.55764,527,527,0,0.00448734,0.00249477,0,0,0.0965418,0.414141,1,1,7,0,0,0,0.585859,0.363636,0.0505051,99,30665,73
1,bookshelf_small,78,isSafe,1,1,0.0220099,9302,46,20.3977,12,1021,0,0.00794266,0.00249477,0,0,0,0,258,42,0.178295,0,0,0,0,0,0,0,0,0
1,bookshelf_small,78,qpFixed,1,1,0.00930987,1184,11,9.50196,799,799,0,0.0070095,0.00249477,0,0,0.0110008,0,3,3,3.66667,0,0,0,1,0,0,1184,308952,812
1,bookshelf_small,78,qpPlain,1,1,0.0101254,1184,11,9.50196,799,799,0,0.0070095,0.00249477,0,0,0.0110008,0,3,3,3.66667,0,0,0,1,0,0,1184,406112,1184
1,bookshelf_small,78,qpAdaptive,1,1,0.00676056,773,11,9.50861,713,713,0,0.00701406,0.00249477,0,0,0.01688,0.298836,3,3,3.66667,0,0,0,0.698577,0.293661,0.00776197,773,206537,688
1,bookshelf_small,78,qpFreeGate,1,1,0.161718,27677,71,16.3228,1265,1265,0,0.00794266,0.00249477,0,0,0.00431789,0,258,67,0.275194,0,0,0,1,0,0,0,0,0
1,bookshelf_small,78,qpEnvelope,1,1,0.00418268,426,11,9.514,602,602,0,0.00702168,0.00249477,0,0,0.030814,0.260563,3,3,3.66667,0,0,0,0.737089,0.241784,0.0211268,426,115250,401
1,bookshelf_small,85,isSafe,1,1,0.0287458,12425,60,14.6268,9,733,0,0.00154385,0.00249477,0,0,0,0,416,56,0.144231,0,0,0,0,0,0,0,0,0
1,bookshelf_small,85,qpFixed,1,1,0.0282238,3460,27,14.4219,1113,1113,0,0.00251578,0.00249477,0,0,0.0107311,0,10,10,2.7,0,0,0,1,0,0,3460,982037,2952
1,bookshelf_small,85,qpPlain,1,1,0.0294027,3460,27,14.4219,1113,1113,0,0.00251578,0.00249477,0,0,0.0107311,0,10,10,2.7,0,0,0,1,0,0,3460,1186780,3460
1,bookshelf_small,85,qpAdaptive,1,1,0.0233854,2634,28,14.4221,1062,1062,0,0.00250572,0.00249477,0,0,0.0141439,0.183751,10,10,2.8,0,0,0,0.812073,0.180714,0.00721336,2634,769861,2510
1,bookshelf_small,85,qpFreeGate,1,1,0.350331,60288,145,16.8219,1507,1507,0,0.00573982,0.00249477,0,0,0.00372764,0,556,128,0.260791,0,0,0,1,0,0,0,0,0
1,bookshelf_small,85,qpEnvelope,1,1,0.00962029,1005,17,14.7164,981,981,0,0.00273179,0.00249477,0,0,0.0204811,0.19403,4,4,4.25,0,0,0,0.80398,0.185075,0.0109453,1005,290561,982
1,bookshelf_small,93,isSafe,1,1,0.0013506,540,5,5.35953,4,269,0,0.00797132,0.00249477,0,0,0,0,1,1,5,0,0,0,0,0,0,0,0,0
1,bookshelf_small,93,qpFixed,1,1,0.00244599,390,5,5.35977,391,391,0,0.00797132,0.00249477,0,0,0.013743,0,1,1,5,0,0,0,1,0,0,390,98553,6
1,bookshelf_small,93,qpPlain,1,1,0.00273728,390,5,5.35977,391,391,0,0.00797132,0.00249477,0,0,0.013743,0,1,1,5,0,0,0,1,0,0,390,133770,390
1,bookshelf_small,93,qpAdaptive,1,1,0.000363226,53,5,5.35978,292,292,0,0.00797132,0.00249477,0,0,0.101128,0.792453,1,1,5,0,0,0,0.207547,0.735849,0.0566038,53,14124,4
1,bookshelf_small,93,qpFreeGate,1,1,0.00231246,391,5,5.35955,392,392,0,0.00797132,0.00249477,0,0,0.0137073,0,1,1,5,0,0,0,1,0,0,0,0,0
1,bookshelf_small,93,qpEnvelope,1,1,0.000238457,26,5,5.35999,280,280,0,0.00797132,0.00249477,0,0,0.206154,0.807692,1,1,5,0,0,0,0.192308,0.692308,0.115385,26,7023,2
1,bookshelf_small,100,isSafe,1,1,0.036073,15754,76,18.049,11,904,0,0.00208936,0.00249477,0,0,0,0,594,72,0.127946,0,0,0,0,0,0,0,0,0
1,bookshelf_small,100,qpFixed,1,1,0.0112275,1422,15,13.0608,1058,1058,0,0.00349376,0.00249477,0,0,0.0113472,0,4,4,3.75,0,0,0,1,0,0,1422,422339,1118
1,bookshelf_small,100,qpPlain,1,1,0.0113996,1422,15,13.0608,1058,1058,0,0.00349376,0.00249477,0,0,0.0113472,0,4,4,3.75,0,0,0,1,0,0,1422,487746,1422
1,bookshelf_small,100,qpAdaptive,1,1,0.00682806,780,15,13.1352,921,921,0,0.00349376,0.00249477,0,0,0.0207943,0.411538,4,4,3.75,0,0,0,0.580769,0.401282,0.0179487,780,241091,708
1,bookshelf_small,100,qpFreeGate,1,1,0.0975839,16493,53,19.8742,1793,1793,0,0.00394509,0.00249477,0,0,0.00506204,0,184,48,0.288043,0,0,0,1,0,0,0,0,0
1,bookshelf_small,100,qpEnvelope,1,1,0.00459981,485,15,13.1877,838,838,0,0.00346816,0.00249477,0,0,0.0334827,0.303093,4,4,3.75,0,0,0,0.690722,0.280412,0.028866,485,150024,445
1,box,7,isSafe,1,1,0.0114777,4970,26,15.7775,9,790,0,0.00625003,0.00249477,0,0,0,0,101,23,0.257426,0,0,0,0,0,0,0,0,0
1,box,7,qpFixed,1,1,0.0171137,2237,15,13.2518,1122,1122,0,0.00445844,0.00249477,0,0,0.0106673,0,6,6,2.5,0,0,0,1,0,0,2237,565284,1497
1,box,7,qpPlain,1,1,0.0191362,2237,15,13.2518,1122,1122,0,0.00445844,0.00249477,0,0,0.0106673,0,6,6,2.5,0,0,0,1,0,0,2237,767291,2237
1,box,7,qpAdaptive,1,1,0.0105435,1174,15,13.2658,885,885,0,0.00441119,0.00249477,0,0,0.0203685,0.164395,6,6,2.5,0,0,0,0.833049,0.159284,0.0076661,1174,308981,1114
1,box,7,qpFreeGate,1,1,0.114678,19420,49,12.5527,1281,1281,0,0.0141657,0.00249477,0,0,0.00410026,0,126,37,0.388889,0,0,0,1,0,0,0,0,0
1,box,7,qpEnvelope,1,1,0.0090225,949,15,13.2833,817,817,0,0.0042115,0.00249477,0,0,0.0252665,0.155954,6,6,2.5,0,0,0,0.842993,0.14647,0.0105374,949,249872,921
1,box,14,isSafe,1,1,0.00300459,1370,10,10.7498,8,539,0,0.0204922,0.00249477,0,0,0,0,10,6,1,0,0,0,0,0,0,0,0,0
1,box,14,qpFixed,1,1,0.00306915,419,6,5.53204,420,420,0,0.00799648,0.00249477,0,0,0.013203,0,1,1,6,0,0,0,1,0,0,419,91313,204
1,box,14,qpPlain,1,1,0.00367658,419,6,5.53204,420,420,0,0.00799648,0.00249477,0,0,0.013203,0,1,1,6,0,0,0,1,0,0,419,143717,419
1,box,14,qpAdaptive,1,1,0.00122527,147,6,5.52298,339,339,0,0.00792117,0.00249477,0,0,0.0375713,0.734694,1,1,6,0,0,0,0.251701,0.721088,0.0272109,147,32498,110
1,box,14,qpFreeGate,1,1,0.0118899,2073,14,10.3824,1029,1029,0,0.00925323,0.00249477,0,0,0.00629337,0,10,6,1.4,0,0,0,1,0,0,0,0,0
1,box,14,qpEnvelope,1,1,0.000666333,61,6,5.50332,300,300,0,0.00776975,0.00249477,0,0,0.0902184,0.590164,1,1,6,0,0,0,0.409836,0.52459,0.0655738,61,14008,36
1,box,21,isSafe,1,1,0.00241361,1075,8,8.53239,6,428,0,0.00956734,0.00249477,0,0,0,0,6,3,1.33333,0,0,0,0,0,0,0,0,0
1,box,21,qpFixed,1,1,0.00456983,675,7,7.96166,676,676,0,0.0164542,0.00249477,0,0,0.0117951,0,1,1,7,0,0,0,1,0,0,675,163013,147
1,box,21,qpPlain,1,1,0.00521879,675,7,7.96166,676,676,0,0.0164542,0.00249477,0,0,0.0117951,0,1,1,7,0,0,0,1,0,0,675,231525,675
1,box,21,qpAdaptive,1,1,0.00120789,137,7,7.96116,460,460,0,0.0165444,0.00249477,0,0,0.0581106,0.824818,1,1,7,0,0,0,0.167883,0.79562,0.0364964,137,39021,82
1,box,21,qpFreeGate,1,1,0.0328788,5533,22,14.7614,1230,1230,0,0.0206345,0.00249477,0,0,0.00627082,0,28,14,0.785714,0,0,0,1,0,0,0,0,0
1,box,21,qpEnvelope,1,1,0.000628727,54,7,7.95999,428,428,0,0.0159244,0.00249477,0,0,0.147407,1,1,1,7,0,0,0,0,0.907407,0.0925926,54,15290,33
1,box,28,isSafe,1,1,0.00254324,1069,8,8.41913,6,422,0,0.00290062,0.00249477,0,0,0,0,10,4,0.8,0,0,0,0,0,0,0,0,0
1,box,28,qpFixed,1,1,0.003664,463,6,6.69306,464,464,0,0.0115271,0.00249477,0,0,0.0144559,0,1,1,6,0,0,0,1,0,0,463,130697,161
1,box,28,qpPlain,1,1,0.0037124,463,6,6.69306,464,464,0,0.0115271,0.00249477,0,0,0.0144559,0,1,1,6,0,0,0,1,0,0,463,158809,463
1,box,28,qpAdaptive,1,1,0.00129935,144,6,6.69631,389,389,0,0.0113423,0.00249477,0,0,0.0465022,0.527778,1,1,6,0,0,0,0.465278,0.513889,0.0208333,144,42562,101
1,box,28,qpFreeGate,1,1,0.0226177,3732,17,13.1498,1350,1350,0,0.00796582,0.00249477,0,0,0.00559974,0,23,9,0.73913,0,0,0,1,0,0,0,0,0
1,box,28,qpEnvelope,1,1,0.00079604,66,6,6.69762,364,364,0,0.0104916,0.00249477,0,0,0.101479,0.590909,1,1,6,0,0,0,0.409091,0.545455,0.0454545,66,19524,47
1,box,35,isSafe,1,1,0.00728435,2912,16,11.7009,7,587,0,0.0315504,0.00249477,0,0,0,0,70,13,0.228571,0,0,0,0,0,0,0,0,0
1,box,35,qpFixed,1,1,0.00581317,809,8,7.44464,538,538,0,0.0325255,0.00249477,0,0,0.0129349,0,2,2,4,0,0,0,1,0,0,809,209213,383
1,box,35,qpPlain,1,1,0.00638188,809,8,7.44464,538,538,0,0.0325255,0.00249477,0,0,0.0129349,0,2,2,4,0,0,0,1,0,0,809,277487,809
1,box,35,qpAdaptive,1,1,0.0024737,305,8,7.44941,423,423,0,0.0325222,0.00249477,0,0,0.0343195,0.498361,2,2,4,0,0,0,0.498361,0.488525,0.0131148,305,78662,244
1,box,35,qpFreeGate,1,1,0.112638,19070,51,17.9693,1733,1733,0,0.00588029,0.00249477,0,0,0.00389886,0,119,42,0.428571,0,0,0,1,0,0,0,0,0
1,box,35,qpEnvelope,1,1,0.00144273,163,8,7.45589,391,391,0,0.0328386,0.00249477,0,0,0.0642628,0.245399,2,2,4,0,0,0,0.754601,0.220859,0.0245399,163,40932,143
1,box,42,isSafe,1,1,0.00292749,1283,9,8.46148,6,425,0,0.0349193,0.00249477,0,0,0,0,18,5,0.5,0,0,0,0,0,0,0,0,0
1,box,42,qpFixed,1,1,0.00582323,845,7,7.266,582,582,0,0.0201619,0.00249477,0,0,0.011296,0,2,2,3.5,0,0,0,1,0,0,845,213406,377
1,box,42,qpPlain,1,1,0.00654452,845,7,7.266,582,582,0,0.0201619,0.00249477,0,0,0.011296,0,2,2,3.5,0,0,0,1,0,0,845,289835,845
1,box,42,qpAdaptive,1,1,0.00226575,289,7,7.26776,413,413,0,0.0205575,0.00249477,0,0,0.0330297,0.560554,2,2,3.5,0,0,0,0.439446,0.546713,0.0138408,289,76964,250
1,box,42,qpFreeGate,1,1,0.0525669,8997,28,9.35776,991,991,0,0.00711343,0.00249477,0,0,0.00429277,0,50,21,0.56,0,0,0,1,0,0,0,0,0
1,box,42,qpEnvelope,1,1,0.0012855,137,7,7.2739,388,388,0,0.0212525,0.00249477,0,0,0.0697435,0.459854,2,2,3.5,0,0,0,0.540146,0.423358,0.0364964,137,36381,123
1,box,49,isSafe,1,1,0.0110701,4602,24,17.8841,10,896,0,0.00963692,0.00249477,0,0,0,0,89,19,0.269663,0,0,0,0,0,0,0,0,0
1,box,49,qpFixed,1,1,0.0035434,475,6,5.91493,476,476,0,0.00624453,0.00249477,0,0,0.0124525,0,1,1,6,0,0,0,1,0,0,475,125086,213
1,box,49,qpPlain,1,1,0.00368001,475,6,5.91493,476,476,0,0.00624453,0.00249477,0,0,0.0124525,0,1,1,6,0,0,0,1,0,0,475,162925,475
1,box,49,qpAdaptive,1,1,0.00132233,153,6,5.91832,373,373,0,0.00613546,0.00249477,0,0,0.0386818,0.490196,1,1,6,0,0,0,0.509804,0.470588,0.0196078,153,43864,134
1,box,49,qpFreeGate,1,1,0.0662081,11354,38,8.20632,848,848,0,0.0219115,0.00249477,0,0,0.00433167,0,70,25,0.542857,0,0,0,1,0,0,0,0,0
1,box,49,qpEnvelope,1,1,0.000921541,87,6,5.92786,338,338,0,0.00590424,0.00249477,0,0,0.0681364,0.563218,1,1,6,0,0,0,0.436782,0.517241,0.045977,87,25074,78
1,box,56,isSafe,1,1,0.0127873,5498,29,16.6871,10,836,0,0.0239388,0.00249477,0,0,0,0,105,23,0.27619,0,0,0,0,0,0,0,0,0
1,box,56,qpFixed,1,1,0.0187183,2223,20,23.2223,1831,1831,0,0.00367372,0.00249477,0,0,0.0112536,0,7,6,2.85714,0,0,0,1,0,0,2223,652851,1728
1,box,56,qpPlain,1,1,0.0194852,2223,20,23.2223,1831,1831,0,0.00367372,0.00249477,0,0,0.0112536,0,7,6,2.85714,0,0,0,1,0,0,2223,762489,2223
1,box,56,qpAdaptive,1,1,0.0144741,1544,20,23.3304,1681,1681,0,0.00366898,0.00249477,0,0,0.0162351,0.175518,7,6,2.85714,0,0,0,0.823187,0.169689,0.00712435,1544,456645,1461
1,box,56,qpFreeGate,1,1,0.105351,17339,44,17.6404,1374,1374,0,0.0297421,0.00249477,0,0,0.00482385,0,105,34,0.419048,0,0,0,1,0,0,0,0,0
1,box,56,qpEnvelope,1,1,0.0120201,1206,20,23.3241,1530,1530,0,0.00355919,0.00249477,0,0,0.0207788,0.0729685,7,6,2.85714,0,0,0,0.926202,0.0605307,0.013267,1206,358202,1189
1,box,63,isSafe,1,1,0.0103128,4255,23,16.3735,10,820,0,0.0558527,0.00249477,0,0,0,0,61,19,0.377049,0,0,0,0,0,0,0,0,0
1,box,63,qpFixed,1,1,0.00979174,1446,15,11.0618,892,892,0,0.00845231,0.00249477,0,0,0.0115658,0,4,4,3.75,0,0,0,1,0,0,1446,332964,977
1,box,63,qpPlain,1,1,0.0115536,1446,15,11.0618,892,892,0,0.00845231,0.00249477,0,0,0.0115658,0,4,4,3.75,0,0,0,1,0,0,1446,495978,1446
1,box,63,qpAdaptive,1,1,0.00505943,684,14,11.0569,684,684,0,0.0084733,0.00249477,0,0,0.0244403,0.530702,4,4,3.5,0,0,0,0.464912,0.519006,0.0160819,684,161791,515
1,box,63,qpFreeGate,1,1,0.0420633,7089,26,15.027,1269,1269,0,0.0223127,0.00249477,0,0,0.00580501,0,49,19,0.530612,0,0,0,1,0,0,0,0,0
1,box,63,qpEnvelope,1,1,0.00267672,295,15,11.0849,609,609,0,0.00764553,0.00249477,0,0,0.0566949,0.430508,4,4,3.75,0,0,0,0.562712,0.39322,0.0440678,295,70173,220
1,box,70,isSafe,1,1,0.00432514,1922,12,14.4468,9,724,0,0.0319267,0.00249477,0,0,0,0,38,7,0.315789,0,0,0,0,0,0,0,0,0
1,box,70,qpFixed,1,1,0.00608901,779,8,8.10074,780,780,0,0.00310821,0.00249477,0,0,0.0103989,0,1,1,8,0,0,0,1,0,0,779,213268,406
1,box,70,qpPlain,1,1,0.00641891,779,8,8.10074,780,780,0,0.00310821,0.00249477,0,0,0.0103989,0,1,1,8,0,0,0,1,0,0,779,267197,779
1,box,70,qpAdaptive,1,1,0.00320368,391,8,8.10092,647,647,0,0.00310617,0.00249477,0,0,0.0207185,0.240409,1,1,8,0,0,0,0.759591,0.230179,0.0102302,391,107942,341
1,box,70,qpFreeGate,1,1,0.0158779,2557,15,9.08537,880,880,0,0.0110283,0.00249477,0,0,0.00678313,0,10,7,1.5,0,0,0,1,0,0,0,0,0
1,box,70,qpEnvelope,1,1,0.00253672,284,8,8.09765,591,591,0,0.00310367,0.00249477,0,0,0.0285129,0.147887,1,1,8,0,0,0,0.848592,0.133803,0.0176056,284,78952,256
1,box,77,isSafe,1,1,0.00467191,2063,12,13.9669,8,700,0,0.00439685,0.00249477,0,0,0,0,26,9,0.461538,0,0,0,0,0,0,0,0,0
1,box,77,qpFixed,1,1,0.0203031,2643,19,7.19281,664,664,0,0.00438931,0.00249477,0,0,0.0108708,0,7,7,2.71429,0,0,0,1,0,0,2643,660136,2003
1,box,77,qpPlain,1,1,0.0225568,2643,19,7.19281,664,664,0,0.00438931,0.00249477,0,0,0.0108708,0,7,7,2.71429,0,0,0,1,0,0,2643,906549,2643
1,box,77,qpAdaptive,1,1,0.0128675,1499,19,7.21523,570,570,0,0.00437896,0.00249477,0,0,0.0192159,0.382922,7,7,2.71429,0,0,0,0.613075,0.378919,0.00800534,1499,385626,1407
1,box,77,qpFreeGate,1,1,0.122777,20936,54,14.8824,1491,1491,0,0.00845001,0.00249477,0,0,0.00386076,0,134,44,0.402985,0,0,0,1,0,0,0,0,0
1,box,77,qpEnvelope,1,1,0.00824505,847,19,7.22749,477,477,0,0.00433923,0.00249477,0,0,0.0342322,0.329398,7,7,2.71429,0,0,0,0.669421,0.312869,0.0177096,847,223838,799
1,box,84,isSafe,1,1,0.00637479,2910,17,10.2923,7,516,0,0.0616728,0.00249477,0,0,0,0,35,13,0.485714,0,0,0,0,0,0,0,0,0
1,box,84,qpFixed,1,1,0.0109888,1433,12,13.8076,1036,1036,0,0.00631447,0.00249477,0,0,0.0121182,0,4,4,3,0,0,0,1,0,0,1433,349540,999
1,box,84,qpPlain,1,1,0.0122012,1433,12,13.8076,1036,1036,0,0.00631447,0.00249477,0,0,0.0121182,0,4,4,3,0,0,0,1,0,0,1433,491519,1433
1,box,84,qpAdaptive,1,1,0.00636202,743,12,13.8203,866,866,0,0.00612076,0.00249477,0,0,0.0234061,0.468371,4,4,3,0,0,0,0.530283,0.462988,0.00672948,743,184172,660
1,box,84,qpFreeGate,1,1,0.0267423,4503,23,12.8989,1447,1447,0,0.00999851,0.00249477,0,0,0.00543658,0,22,11,1.04545,0,0,0,1,0,0,0,0,0
1,box,84,qpEnvelope,1,1,0.00372601,363,12,13.833,780,780,0,0.00533726,0.00249477,0,0,0.0480292,0.517906,4,4,3,0,0,0,0.479339,0.495868,0.0247934,363,90276,327
1,box,91,isSafe,1,1,0.00348328,1484,10,10.195,7,511,0,0.00857835,0.00249477,0,0,0,0,40,5,0.25,0,0,0,0,0,0,0,0,0
1,box,91,qpFixed,1,1,0.0763094,9130,77,20.0518,1709,1709,0,0.00352161,0.00249477,0,0,0.0105728,0,31,27,2.48387,0,0,0,1,0,0,9130,2538103,7718
1,box,91,qpPlain,1,1,0.0801422,9130,77,20.0518,1709,1709,0,0.00352161,0.00249477,0,0,0.0105728,0,31,27,2.48387,0,0,0,1,0,0,9130,3131590,9130
1,box,91,qpAdaptive,1,1,0.0543225,6055,78,20.0551,1448,1448,0,0.00351852,0.00249477,0,0,0.0156535,0.271346,31,27,2.51613,0,0,0,0.726131,0.264784,0.0090849,6055,1672587,5639
1,box,91,qpFreeGate,1,1,0.151356,25738,68,21.2921,2117,2117,0,0.00359273,0.00249477,0,0,0.00402492,0,179,55,0.379888,0,0,0,1,0,0,0,0,0
1,box,91,qpEnvelope,1,1,0.00933557,980,26,11.0875,682,682,0,0.00345529,0.00249477,0,0,0.0290927,0.2,7,7,3.71429,0,0,0,0.794688,0.180797,0.0245148,980,275591,917
1,box,98,isSafe,1,1,0.00545633,2291,13,15.3185,9,767,0,0.00156301,0.00249477,0,0,0,0,47,9,0.276596,0,0,0,0,0,0,0,0,0
1,box,98,qpFixed,1,1,0.00672735,901,12,10.3404,777,777,0,0.0126633,0.00249477,0,0,0.013136,0,2,2,6,0,0,0,1,0,0,901,225136,527
1,box,98,qpPlain,1,1,0.00738995,901,12,10.3404,777,777,0,0.0126633,0.00249477,0,0,0.013136,0,2,2,6,0,0,0,1,0,0,901,309043,901
1,box,98,qpAdaptive,1,1,0.00256102,301,12,10.3498,658,658,0,0.0124307,0.00249477,0,0,0.039405,0.744186,2,2,6,0,0,0,0.249169,0.717608,0.0332226,301,81663,201
1,box,98,qpFreeGate,1,1,0.0328957,5604,17,12.2424,1516,1516,0,0.00669519,0.00249477,0,0,0.00425913,0,32,12,0.53125,0,0,0,1,0,0,0,0,0
1,box,98,qpEnvelope,1,1,0.00130455,116,11,10.4123,568,568,0,0.0140618,0.00249477,0,0,0.102668,0.922414,2,2,5.5,0,0,0,0.0603448,0.853448,0.0862069,116,32943,72
1,table_pick,5,isSafe,1,1,0.0195701,8521,42,13.8981,9,696,0,0.00265824,0.00249477,0,0,0,0,213,37,0.197183,0,0,0,0,0,0,0,0,0
1,table_pick,5,qpFixed,1,1,0.00416945,699,7,8.38787,700,700,0,0.00620954,0.00249477,0,0,0.0119998,0,1,1,7,0,0,0,1,0,0,699,157167,117
1,table_pick,5,qpPlain,1,1,0.00512745,699,7,8.38787,700,700,0,0.00620954,0.00249477,0,0,0.0119998,0,1,1,7,0,0,0,1,0,0,699,239757,699
1,table_pick,5,qpAdaptive,1,1,0.000801252,103,7,8.38808,465,465,0,0.00620954,0.00249477,0,0,0.0814377,0.640777,1,1,7,0,0,0,0.359223,0.592233,0.0485437,103,25563,63
1,table_pick,5,qpFreeGate,1,1,0.0137625,2348,14,11.3747,847,847,0,0.00583354,0.00249477,0,0,0.0078986,0,16,7,0.875,0,0,0,1,0,0,0,0,0
1,table_pick,5,qpEnvelope,1,1,0.000604868,64,7,8.3883,453,453,0,0.00620954,0.00249477,0,0,0.131067,0.5,1,1,7,0,0,0,0.5,0.421875,0.078125,64,15765,45
1,table_pick,12,isSafe,1,1,0.00169452,855,6,7.76752,5,390,0,0.00266602,0.00249477,0,0,0,0,4,2,1.5,0,0,0,0,0,0,0,0,0
1,table_pick,12,qpFixed,1,1,0.00467551,711,7,7.74929,712,712,0,0.00452099,0.00249477,0,0,0.0108991,0,1,1,7,0,0,0,1,0,0,711,189233,158
1,table_pick,12,qpPlain,1,1,0.00528979,711,7,7.74929,712,712,0,0.00452099,0.00249477,0,0,0.0108991,0,1,1,7,0,0,0,1,0,0,711,243873,711
1,table_pick,12,qpAdaptive,1,1,0.00130021,159,7,7.78214,467,467,0,0.00454135,0.00249477,0,0,0.0489443,0.496855,1,1,7,0,0,0,0.490566,0.477987,0.0314465,159,46673,89
1,table_pick,12,qpFreeGate,1,1,0.0365584,6207,22,12.4961,940,940,0,0.00529331,0.00249477,0,0,0.00552873,0,54,18,0.407407,0,0,0,1,0,0,0,0,0
1,table_pick,12,qpEnvelope,1,1,0.00130956,123,11,10.4345,573,573,0,0.00459273,0.00249477,0,0,0.118448,0.471545,2,2,5.5,0,0,0,0.528455,0.390244,0.0813008,123,35858,82
1,table_pick,19,isSafe,1,1,0.00208709,945,7,9.40743,6,472,0,0.00468391,0.00249477,0,0,0,0,2,2,3.5,0,0,0,0,0,0,0,0,0
1,table_pick,19,qpFixed,1,1,0.00410352,631,6,7.70863,632,632,0,0.00379637,0.00249477,0,0,0.0122165,0,1,1,6,0,0,0,1,0,0,631,154219,331
1,table_pick,19,qpPlain,1,1,0.00470922,631,6,7.70863,632,632,0,0.00379637,0.00249477,0,0,0.0122165,0,1,1,6,0,0,0,1,0,0,631,216433,631
1,table_pick,19,qpAdaptive,1,1,0.00215971,300,6,7.70967,524,524,0,0.0038008,0.00249477,0,0,0.0256989,0.383333,1,1,6,0,0,0,0.616667,0.37,0.0133333,300,77290,233
1,table_pick,19,qpFreeGate,1,1,0.00484818,849,7,8.47927,740,740,0,0.00446971,0.00249477,0,0,0.0100869,0,2,2,3.5,0,0,0,1,0,0,0,0,0
1,table_pick,19,qpEnvelope,1,1,0.00178143,226,6,7.7122,487,487,0,0.00369433,0.00249477,0,0,0.0341248,0.340708,1,1,6,0,0,0,0.654867,0.327434,0.0176991,226,58860,192
1,table_pick,26,isSafe,1,1,0.00422996,1608,10,11.3843,7,571,0,0.00209461,0.00249477,0,0,0,0,22,6,0.454545,0,0,0,0,0,0,0,0,0
1,table_pick,26,qpFixed,1,1,0.006052,749,8,8.82382,750,750,0,0.00356407,0.00249477,0,0,0.0117808,0,1,1,8,0,0,0,1,0,0,749,213322,607
1,table_pick,26,qpPlain,1,1,0.00622224,749,8,8.82382,750,750,0,0.00356407,0.00249477,0,0,0.0117808,0,1,1,8,0,0,0,1,0,0,749,256907,749
1,table_pick,26,qpAdaptive,1,1,0.0131147,1440,17,11.4586,799,799,0,0.00354785,0.00249477,0,0,0.0159796,0.292361,5,5,3.4,0,0,0,0.704861,0.288889,0.00625,1440,432020,1352
1,table_pick,26,qpFreeGate,1,1,0.0480014,7881,35,16.4703,1362,1362,0,0.00756689,0.00249477,0,0,0.00558335,0,64,23,0.546875,0,0,0,1,0,0,0,0,0
1,table_pick,26,qpEnvelope,1,1,0.0075074,714,17,11.3944,728,728,0,0.0035655,0.00249477,0,0,0.0321982,0.361345,5,5,3.4,0,0,0,0.635854,0.343137,0.0210084,714,216230,688
1,table_pick,33,isSafe,1,1,0.00169483,796,6,5.82142,4,293,0,0.000442879,0.00249477,0,0,0,0,4,2,1.5,0,0,0,0,0,0,0,0,0
1,table_pick,33,qpFixed,1,1,0.00398984,547,7,6.66715,548,548,0,0.00509561,0.00249477,0,0,0.0121886,0,1,1,7,0,0,0,1,0,0,547,142693,412
1,table_pick,33,qpPlain,1,1,0.00417174,547,7,6.66715,548,548,0,0.00509561,0.00249477,0,0,0.0121886,0,1,1,7,0,0,0,1,0,0,547,187621,547
1,table_pick,33,qpAdaptive,1,1,0.00200174,260,7,6.67103,457,457,0,0.00493669,0.00249477,0,0,0.0256578,0.626923,1,1,7,0,0,0,0.373077,0.611538,0.0153846,260,71829,225
1,table_pick,33,qpFreeGate,1,1,0.156926,27861,66,8.94028,1038,1038,0,0.0046885,0.00249477,0,0,0.00340361,0,260,54,0.253846,0,0,0,1,0,0,0,0,0
1,table_pick,33,qpEnvelope,1,1,0.00140881,154,7,6.67547,409,409,0,0.00480831,0.00249477,0,0,0.0433472,0.603896,1,1,7,0,0,0,0.38961,0.577922,0.0324675,154,43723,138
1,table_pick,40,isSafe,1,1,0.0171141,6901,34,18.2068,11,912,0,0.00111058,0.00249477,0,0,0,0,172,30,0.197674,0,0,0,0,0,0,0,0,0
1,table_pick,40,qpFixed,1,1,0.00474637,652,7,8.73036,653,653,0,0.00334735,0.00249477,0,0,0.0133901,0,1,1,7,0,0,0,1,0,0,652,168428,328
1,table_pick,40,qpPlain,1,1,0.00523842,652,7,8.73036,653,653,0,0.00334735,0.00249477,0,0,0.0133901,0,1,1,7,0,0,0,1,0,0,652,223636,652
1,table_pick,40,qpAdaptive,1,1,0.00284981,326,7,8.73007,575,575,0,0.00334735,0.00249477,0,0,0.0267794,0.288344,1,1,7,0,0,0,0.708589,0.279141,0.0122699,326,94003,284
1,table_pick,40,qpFreeGate,1,1,0.161003,27402,80,22.547,1984,1984,0,0.00397236,0.00249477,0,0,0.00469101,0,260,74,0.307692,0,0,0,1,0,0,0,0,0
1,table_pick,40,qpEnvelope,1,1,0.00220331,238,7,8.72918,549,549,0,0.00334735,0.00249477,0,0,0.0366772,0.184874,1,1,7,0,0,0,0.815126,0.168067,0.0168067,238,69674,223
1,table_pick,47,isSafe,1,1,0.00335474,1480,10,10.1762,7,510,0,0.000968617,0.00249477,0,0,0,0,10,6,1,0,0,0,0,0,0,0,0,0
1,table_pick,47,qpFixed,1,1,0.00606833,763,6,5.0865,360,360,0,0.00679096,0.00249477,0,0,0.0112726,0,3,2,2,0,0,0,1,0,0,763,202569,332
1,table_pick,47,qpPlain,1,1,0.00653165,763,6,5.0865,360,360,0,0.00679096,0.00249477,0,0,0.0112726,0,3,2,2,0,0,0,1,0,0,763,261709,763
1,table_pick,47,qpAdaptive,1,1,0.00344462,364,6,5.08658,294,294,0,0.00679096,0.00249477,0,0,0.0236365,0.153846,3,2,2,0,0,0,0.846154,0.142857,0.010989,364,100677,321
1,table_pick,47,qpFreeGate,1,1,0.250169,42515,111,12.4367,954,954,0,0.00759562,0.00249477,0,0,0.00452944,0,417,103,0.266187,0,0,0,1,0,0,0,0,0
1,table_pick,47,qpEnvelope,1,1,0.00319349,320,6,5.08877,285,285,0,0.00679096,0.00249477,0,0,0.0268986,0.146875,3,2,2,0,0,0,0.853125,0.134375,0.0125,320,88493,302
1,table_pick,54,isSafe,1,1,0.00390177,1613,10,13.1661,8,660,0,0.000681214,0.00249477,0,0,0,0,20,6,0.5,0,0,0,0,0,0,0,0,0
1,table_pick,54,qpFixed,1,1,0.00473629,695,7,7.61738,696,696,0,0.00643065,0.00249477,0,0,0.0109603,0,1,1,7,0,0,0,1,0,0,695,168107,115
1,table_pick,54,qpPlain,1,1,0.00538273,695,7,7.61738,696,696,0,0.00643065,0.00249477,0,0,0.0109603,0,1,1,7,0,0,0,1,0,0,695,238385,695
1,table_pick,54,qpAdaptive,1,1,0.00141962,162,7,7.61649,484,484,0,0.00643065,0.00249477,0,0,0.0470154,0.271605,1,1,7,0,0,0,0.722222,0.246914,0.0308642,162,41575,114
1,table_pick,54,qpFreeGate,1,1,0.0225368,3712,18,12.5485,1154,1154,0,0.0066612,0.00249477,0,0,0.00704651,0,26,12,0.692308,0,0,0,1,0,0,0,0,0
1,table_pick,54,qpEnvelope,1,1,0.00115584,111,7,7.61736,440,440,0,0.00644628,0.00249477,0,0,0.0686249,0.738739,1,1,7,0,0,0,0.261261,0.693694,0.045045,111,28374,86
1,table_pick,61,isSafe,1,1,0.0181365,7199,37,18.1115,11,907,0,0.00815588,0.00249477,0,0,0,0,187,33,0.197861,0,0,0,0,0,0,0,0,0
1,table_pick,61,qpFixed,1,1,0.00482285,634,7,7.20097,635,635,0,0.00407883,0.00249477,0,0,0.011358,0,1,1,7,0,0,0,1,0,0,634,161577,366
1,table_pick,61,qpPlain,1,1,0.00531833,634,7,7.20097,635,635,0,0.00407883,0.00249477,0,0,0.011358,0,1,1,7,0,0,0,1,0,0,634,217462,634
1,table_pick,61,qpAdaptive,1,1,0.00341411,374,7,7.20054,533,533,0,0.00407883,0.00249477,0,0,0.0192528,0.139037,1,1,7,0,0,0,0.858289,0.131016,0.0106952,374,104925,344
1,table_pick,61,qpFreeGate,1,1,0.0254704,4157,19,8.16734,777,777,0,0.00815588,0.00249477,0,0,0.00626075,0,36,13,0.527778,0,0,0,1,0,0,0,0,0
1,table_pick,61,qpEnvelope,1,1,0.00302668,319,7,7.20014,511,511,0,0.00407883,0.00249477,0,0,0.022571,0.112853,1,1,7,0,0,0,0.887147,0.100313,0.0125392,319,89314,302
1,table_pick,68,isSafe,1,1,0.00213184,897,7,8.76886,6,440,0,0.00333636,0.00249477,0,0,0,0,6,2,1.16667,0,0,0,0,0,0,0,0,0
1,table_pick,68,qpFixed,1,1,0.00469308,693,7,7.56947,694,694,0,0.0067713,0.00249477,0,0,0.0109228,0,1,1,7,0,0,0,1,0,0,693,161860,103
1,table_pick,68,qpPlain,1,1,0.00549798,693,7,7.56947,694,694,0,0.0067713,0.00249477,0,0,0.0109228,0,1,1,7,0,0,0,1,0,0,693,237699,693
1,table_pick,68,qpAdaptive,1,1,0.000990729,103,7,7.57148,434,434,0,0.0067713,0.00249477,0,0,0.0735095,0.76699,1,1,7,0,0,0,0.23301,0.718447,0.0485437,103,28259,60
1,table_pick,68,qpFreeGate,1,1,0.0113469,1785,15,9.25672,873,873,0,0.00388692,0.00249477,0,0,0.00866679,0,12,6,1.25,0,0,0,1,0,0,0,0,0
1,table_pick,68,qpEnvelope,1,1,0.000662153,57,7,7.57466,411,411,0,0.00673037,0.00249477,0,0,0.132889,0.631579,1,1,7,0,0,0,0.368421,0.54386,0.0877193,57,16036,40
1,table_pick,75,isSafe,1,1,0.00252662,1022,7,9.85526,6,494,0,0.00648769,0.00249477,0,0,0,0,4,2,1.75,0,0,0,0,0,0,0,0,0
1,table_pick,75,qpFixed,1,1,0.00454955,685,7,8.18357,686,686,0,0.00746421,0.00249477,0,0,0.0119468,0,1,1,7,0,0,0,1,0,0,685,150685,68
1,table_pick,75,qpPlain,1,1,0.00543628,685,7,8.18357,686,686,0,0.00746421,0.00249477,0,0,0.0119468,0,1,1,7,0,0,0,1,0,0,685,234955,685
1,table_pick,75,qpAdaptive,1,1,0.000644401,76,7,8.18364,446,446,0,0.00746421,0.00249477,0,0,0.10768,0.802632,1,1,7,0,0,0,0.197368,0.736842,0.0657895,76,19637,27
1,table_pick,75,qpFreeGate,1,1,0.00745152,1170,8,9.60916,843,843,0,0.00606467,0.00249477,0,0,0.00932875,0,4,3,2,0,0,0,1,0,0,0,0,0
1,table_pick,75,qpEnvelope,1,1,0.000448158,44,7,8.18359,434,434,0,0.00746421,0.00249477,0,0,0.185991,0.727273,1,1,7,0,0,0,0.272727,0.613636,0.113636,44,11252,18
1,table_pick,82,isSafe,1,1,0.00354869,1494,10,10.6855,7,536,0,0.00260083,0.00249477,0,0,0,0,20,5,0.5,0,0,0,0,0,0,0,0,0
1,table_pick,82,qpFixed,1,1,0.029879,3599,27,14.4143,1171,1171,0,0.00302423,0.00249477,0,0,0.0107377,0,11,9,2.45455,0,0,0,1,0,0,3599,1010787,3312
1,table_pick,82,qpPlain,1,1,0.0310219,3599,27,14.4143,1171,1171,0,0.00302423,0.00249477,0,0,0.0107377,0,11,9,2.45455,0,0,0,1,0,0,3599,1234457,3599
1,table_pick,82,qpAdaptive,1,1,0.0251093,2832,27,14.4469,1059,1059,0,0.00307788,0.00249477,0,0,0.0136634,0.283898,11,9,2.45455,0,0,0,0.714336,0.280367,0.00529661,2832,805191,2753
1,table_pick,82,qpFreeGate,1,1,0.0425387,7468,20,13.6908,1284,1284,0,0.00465879,0.00249477,0,0,0.00414227,0,55,15,0.363636,0,0,0,1,0,0,0,0,0
1,table_pick,82,qpEnvelope,1,1,0.00542102,578,14,10.1059,784,784,0,0.00310461,0.00249477,0,0,0.0174842,0.0951557,1,1,14,0,0,0,0.899654,0.0865052,0.0138408,578,170492,561
1,table_pick,89,isSafe,1,1,0.00416153,1577,10,11.3628,7,570,0,0.0039343,0.00249477,0,0,0,0,22,6,0.454545,0,0,0,0,0,0,0,0,0
1,table_pick,89,qpFixed,1,1,0.00547899,710,7,8.43794,711,711,0,0.00340013,0.00249477,0,0,0.0118844,0,1,1,7,0,0,0,1,0,0,710,186072,519
1,table_pick,89,qpPlain,1,1,0.0058406,710,7,8.43794,711,711,0,0.00340013,0.00249477,0,0,0.0118844,0,1,1,7,0,0,0,1,0,0,710,243530,710
1,table_pick,89,qpAdaptive,1,1,0.00389198,472,7,8.55382,657,657,0,0.0034624,0.00249477,0,0,0.0181225,0.237288,1,1,7,0,0,0,0.762712,0.228814,0.00847458,472,128680,432
1,table_pick,89,qpFreeGate,1,1,0.0371783,6370,21,9.92798,949,949,0,0.00432058,0.00249477,0,0,0.00562797,0,53,16,0.396226,0,0,0,1,0,0,0,0,0
1,table_pick,89,qpEnvelope,1,1,0.00327285,377,7,8.57844,614,614,0,0.00341732,0.00249477,0,0,0.0227545,0.153846,1,1,7,0,0,0,0.843501,0.145889,0.0106101,377,102792,356
1,table_pick,96,isSafe,1,1,0.00617935,2746,16,4.31062,4,217,0,0.00432782,0.00249477,0,0,0,0,34,12,0.470588,0,0,0,0,0,0,0,0,0
1,table_pick,96,qpFixed,1,1,0.00270828,423,5,5.51923,424,424,0,0.00733984,0.00249477,0,0,0.0130478,0,1,1,5,0,0,0,1,0,0,423,93142,58
1,table_pick,96,qpPlain,1,1,0.00334438,423,5,5.51923,424,424,0,0.00733984,0.00249477,0,0,0.0130478,0,1,1,5,0,0,0,1,0,0,423,145089,423
1,table_pick,96,qpAdaptive,1,1,0.000632768,72,5,5.51921,314,314,0,0.00733984,0.00249477,0,0,0.0766556,0.763889,1,1,5,0,0,0,0.236111,0.722222,0.0416667,72,17629,38
1,table_pick,96,qpFreeGate,1,1,0.0197293,3251,22,2.80805,270,270,0,0.00420709,0.00249477,0,0,0.00803559,0,34,16,0.647059,0,0,0,1,0,0,0,0,0
1,table_pick,96,qpEnvelope,1,1,0.000464302,39,5,5.52171,297,297,0,0.00733984,0.00249477,0,0,0.141582,0.769231,1,1,5,0,0,0,0.230769,0.692308,0.0769231,39,9634,25
1,cage,3,isSafe,1,1,0.338679,145818,904,24.8035,15,1242,0,0.0018934,0.00249477,0,0,0,0,9401,900,0.09616,0,0,0,0,0,0,0,0,0
1,cage,3,qpFixed,1,1,0.134754,17033,96,23.1156,1937,1937,0,0.00473588,0.00249477,0,0,0.0087174,0,62,49,1.54839,0,0,0,1,0,0,17033,4635076,15950
1,cage,3,qpPlain,1,1,0.145817,17033,96,23.1156,1937,1937,0,0.00473588,0.00249477,0,0,0.0087174,0,62,49,1.54839,0,0,0,1,0,0,17033,5842319,17033
1,cage,3,qpAdaptive,1,1,0.110961,12971,96,23.1736,1593,1593,0,0.00461721,0.00249477,0,0,0.0114545,0.251253,62,49,1.54839,0,0,0,0.747051,0.249094,0.00385475,12971,3512033,12667
1,cage,3,qpFreeGate,1,1,2.30063,401786,645,30.3191,3143,3143,0,0.00668092,0.00249477,0,0,0.00270626,0,3461,620,0.186362,0,0,0,1,0,0,0,0,0
1,cage,3,qpEnvelope,1,1,0.0817953,9046,92,23.3039,1392,1392,0,0.0041077,0.00249477,0,0,0.0163966,0.202742,62,48,1.48387,0,0,0,0.796042,0.195998,0.00795932,9046,2417368,8910
1,cage,10,isSafe,1,1,0.377427,161066,1005,22.4508,14,1124,0,0.0189417,0.00249477,0,0,0,0,9715,1001,0.103448,0,0,0,0,0,0,0,0,0
1,cage,10,qpFixed,1,1,0.0950488,11818,63,18.0869,1442,1442,0,0.00164982,0.00249477,0,0,0.00885026,0,47,33,1.34043,0,0,0,1,0,0,11818,3207145,11040
1,cage,10,qpPlain,1,1,0.102978,11818,63,18.0869,1442,1442,0,0.00164982,0.00249477,0,0,0.00885026,0,47,33,1.34043,0,0,0,1,0,0,11818,4053574,11818
1,cage,10,qpAdaptive,1,1,0.510555,58734,268,22.5872,1524,1524,0,0.00340901,0.00249477,0,0,0.00948926,0.165832,333,181,0.804805,0,0,0,0.833228,0.164388,0.00238367,58734,15965346,57733
1,cage,10,qpFreeGate,1,1,8.91717,1565340,2303,15.0633,1776,1776,0,0.00571781,0.00249477,0,0,0.00232498,0,14232,2272,0.161818,0,0,0,1,0,0,0,0,0
1,cage,10,qpEnvelope,1,1,0.447074,49242,276,22.6271,1376,1376,0,0.0032688,0.00249477,0,0,0.0115063,0.134032,333,184,0.828829,0,0,0,0.865255,0.130704,0.00404135,49242,13351125,48852
1,cage,17,isSafe,1,1,0.0475757,20409,103,20.4533,12,1024,0,0.003565,0.00010259,0,0,0,0,695,99,0.148201,0,0,0,0,0,0,0,0,0
1,cage,17,qpFixed,1,1,0.216279,26293,120,29.2418,2307,2307,0,0.00348875,0.00249477,0,0,0.00841518,0,104,72,1.15385,0,0,0,1,0,0,26293,7066333,24052
1,cage,17,qpPlain,1,1,0.234712,26293,120,29.2418,2307,2307,0,0.00348875,0.00249477,0,0,0.00841518,0,104,72,1.15385,0,0,0,1,0,0,26293,9018499,26293
1,cage,17,qpAdaptive,1,1,0.180422,20276,118,29.2739,2111,2111,0,0.00348419,0.00249477,0,0,0.0109186,0.180262,104,72,1.13462,0,0,0,0.818603,0.178536,0.00286052,20276,5465273,19923
1,cage,17,qpFreeGate,1,1,4.26411,749920,1144,35.5222,3602,3602,0,0.00460545,0.00249477,0,0,0.00258628,0,6546,1117,0.174763,0,0,0,1,0,0,0,0,0
1,cage,17,qpEnvelope,1,1,0.150095,16086,118,29.3588,1861,1861,0,0.00345919,0.00249477,0,0,0.013547,0.162004,104,70,1.13462,0,0,0,0.836566,0.158399,0.00503543,16086,4305497,15947
1,cage,24,isSafe,1,1,0.14963,66138,367,23.3199,14,1167,0,0.00598999,0.00156288,0,0,0,0,3259,363,0.112611,0,0,0,0,0,0,0,0,0
1,cage,24,qpFixed,1,1,0.542656,68069,289,32.1906,2631,2631,0,0.00207022,0.00249477,0,0,0.0076964,0,301,174,0.960133,0,0,0,1,0,0,68069,18417047,61879
1,cage,24,qpPlain,1,1,0.619921,68069,289,32.1906,2631,2631,0,0.00207022,0.00249477,0,0,0.0076964,0,301,174,0.960133,0,0,0,1,0,0,68069,23347667,68069
1,cage,24,qpAdaptive,1,1,0.10622,12338,90,20.2966,1558,1558,0,0.00309734,0.00249477,0,0,0.0111361,0.18674,64,41,1.40625,0,0,0,0.810504,0.184633,0.00486302,12338,3279762,11974
1,cage,24,qpFreeGate,1,1,2.30948,400624,656,24.7403,2152,2152,0,0.00767394,0.00249477,0,0,0.00283721,0,3319,631,0.19765,0,0,0,1,0,0,0,0,0
1,cage,24,qpEnvelope,1,1,0.3376,38085,246,34.6254,2451,2451,0,0.00310534,0.00249477,0,0,0.0116474,0.0974662,248,148,0.991935,0,0,0,0.901956,0.0935801,0.0044637,38085,10076287,37713
1,cage,31,isSafe,1,1,0.0867453,38071,201,17.2278,10,863,0,0.00413287,0.00249477,0,0,0,0,1664,198,0.120793,0,0,0,0,0,0,0,0,0
1,cage,31,qpFixed,1,1,0.0407593,5275,31,16.1048,1528,1528,0,0.00316703,0.00249477,0,0,0.00895531,0,17,13,1.82353,0,0,0,1,0,0,5275,1408047,4691
1,cage,31,qpPlain,1,1,0.0450992,5275,31,16.1048,1528,1528,0,0.00316703,0.00249477,0,0,0.00895531,0,17,13,1.82353,0,0,0,1,0,0,5275,1809325,5275
1,cage,31,qpAdaptive,1,1,0.0271621,3266,31,16.1163,1341,1341,0,0.00316437,0.00249477,0,0,0.014492,0.346601,17,13,1.82353,0,0,0,0.652174,0.342927,0.00489896,3266,870622,3150
1,cage,31,qpFreeGate,1,1,1.52402,265393,452,30.3333,2993,2993,0,0.00709341,0.00249477,0,0,0.00294723,0,2231,429,0.2026,0,0,0,1,0,0,0,0,0
1,cage,31,qpEnvelope,1,1,0.0203445,2237,31,16.1559,1158,1158,0,0.00317796,0.00249477,0,0,0.0212489,0.331694,17,13,1.82353,0,0,0,0.665177,0.324542,0.0102816,2237,593357,2171
1,cage,38,isSafe,1,1,0.949276,394272,2851,22.9479,14,1149,0,0.00116031,0.00249477,0,0,0,0,27838,2848,0.102414,0,0,0,0,0,0,0,0,0
1,cage,38,qpFixed,1,1,0.1616,20293,123,25.0625,2129,2129,0,0.00509419,0.00249477,0,0,0.0089958,0,76,61,1.61842,0,0,0,1,0,0,20293,5442304,18052
1,cage,38,qpPlain,1,1,0.175599,20293,123,25.0625,2129,2129,0,0.00509419,0.00249477,0,0,0.0089958,0,76,61,1.61842,0,0,0,1,0,0,20293,6960499,20293
1,cage,38,qpAdaptive,1,1,0.129192,14873,122,25.0584,1751,1751,0,0.00504389,0.00249477,0,0,0.0122763,0.246958,76,60,1.60526,0,0,0,0.751227,0.245075,0.00369798,14873,4010226,14332
1,cage,38,qpFreeGate,1,1,1.57202,269953,486,26.4682,3405,3405,0,0.00494517,0.00249477,0,0,0.00302958,0,2229,451,0.218035,0,0,0,1,0,0,0,0,0
1,cage,38,qpEnvelope,1,1,0.102467,10923,117,25.1146,1500,1500,0,0.00445864,0.00249477,0,0,0.0166408,0.203516,76,60,1.53947,0,0,0,0.795294,0.197473,0.00723245,10923,2931078,10679
1,cage,45,isSafe,1,1,0.21521,94406,538,32.446,19,1624,0,0.00516488,1.39925e-05,0,0,0,0,5051,534,0.106514,0,0,0,0,0,0,0,0,0
1,cage,45,qpFixed,1,1,0.112471,13954,70,13.1399,1273,1273,0,0.00342035,0.00249477,0,0,0.00835421,0,52,39,1.34615,0,0,0,1,0,0,13954,3901688,12943
1,cage,45,qpPlain,1,1,0.119542,13954,70,13.1399,1273,1273,0,0.00342035,0.00249477,0,0,0.00835421,0,52,39,1.34615,0,0,0,1,0,0,13954,4786222,13954
1,cage,45,qpAdaptive,1,1,0.0906629,10222,70,13.1541,1026,1026,0,0.00334405,0.00249477,0,0,0.0114164,0.251419,52,39,1.34615,0,0,0,0.746234,0.24956,0.00420661,10222,2850721,9972
1,cage,45,qpFreeGate,1,1,4.61072,801320,1327,33.9496,3319,3319,0,0.00655294,0.00249477,0,0,0.00262814,0,7757,1297,0.171071,0,0,0,1,0,0,0,0,0
1,cage,45,qpEnvelope,1,1,0.0753682,8043,71,13.1718,840,840,0,0.00326668,0.00249477,0,0,0.0146177,0.233992,52,40,1.36538,0,0,0,0.764516,0.229019,0.00646525,8043,2215706,7944
1,cage,52,isSafe,1,1,0.341848,145255,868,22.4106,13,1122,0,0.00309412,0.00249477,0,0,0,0,7822,864,0.110969,0,0,0,0,0,0,0,0,0
1,cage,52,qpFixed,1,1,0.0639589,7985,48,15.6388,1443,1443,0,0.00409196,0.00249477,0,0,0.00907506,0,29,24,1.65517,0,0,0,1,0,0,7985,2130560,7258
1,cage,52,qpPlain,1,1,0.0701346,7985,48,15.6388,1443,1443,0,0.00409196,0.00249477,0,0,0.00907506,0,29,24,1.65517,0,0,0,1,0,0,7985,2738855,7985
1,cage,52,qpAdaptive,1,1,0.0495945,5692,48,15.6444,1173,1173,0,0.0040717,0.00249477,0,0,0.0127437,0.271961,29,24,1.65517,0,0,0,0.726283,0.269325,0.00439213,5692,1513031,5552
1,cage,52,qpFreeGate,1,1,6.47669,1128265,1741,29.5473,2735,2735,0,0.0118775,0.00249477,0,0,0.00251271,0,9949,1700,0.174992,0,0,0,1,0,0,0,0,0
1,cage,52,qpEnvelope,1,1,0.0340893,3663,48,15.6493,944,944,0,0.00398079,0.00249477,0,0,0.019856,0.22659,29,24,1.65517,0,0,0,0.772591,0.217581,0.00982801,3663,937076,3618
1,cage,59,isSafe,1,1,0.244611,104610,611,16.6673,10,835,0,0.00306112,0.00249477,0,0,0,0,5622,608,0.10868,0,0,0,0,0,0,0,0,0
1,cage,59,qpFixed,1,1,0.212769,26415,123,23.3901,2064,2064,0,0.00318061,0.00249477,0,0,0.00823307,0,109,74,1.12844,0,0,0,1,0,0,26415,7067067,23682
1,cage,59,qpPlain,1,1,0.232352,26415,123,23.3901,2064,2064,0,0.00318061,0.00249477,0,0,0.00823307,0,109,74,1.12844,0,0,0,1,0,0,26415,9060345,26415
1,cage,59,qpAdaptive,1,1,0.178916,20578,124,23.403,1734,1734,0,0.00318729,0.00249477,0,0,0.0105833,0.206142,109,74,1.13761,0,0,0,0.792934,0.204344,0.00272135,20578,5514603,20064
1,cage,59,qpFreeGate,1,1,0.96766,166402,314,22.6051,2390,2390,0,0.00497527,0.00249477,0,0,0.00332167,0,1309,284,0.239878,0,0,0,1,0,0,0,0,0
1,cage,59,qpEnvelope,1,1,0.145534,15996,125,23.4803,1529,1529,0,0.0031528,0.00249477,0,0,0.0137352,0.173731,109,74,1.14679,0,0,0,0.825144,0.16948,0.00537634,15996,4241395,15772
1,cage,66,isSafe,1,1,0.556797,231072,1512,13.775,9,690,0,0.0164892,0.00249477,0,0,0,0,13646,1508,0.110802,0,0,0,0,0,0,0,0,0
1,cage,66,qpFixed,1,1,0.0273565,3776,24,20.651,1682,1682,0,0.00342419,0.00249477,0,0,0.00994894,0,11,9,2.18182,0,0,0,1,0,0,3776,938804,2640
1,cage,66,qpPlain,1,1,0.0314014,3776,24,20.651,1682,1682,0,0.00342419,0.00249477,0,0,0.00994894,0,11,9,2.18182,0,0,0,1,0,0,3776,1295168,3776
1,cage,66,qpAdaptive,1,1,0.0171363,2118,24,20.6415,1365,1365,0,0.00342365,0.00249477,0,0,0.0177574,0.227101,11,9,2.18182,0,0,0,0.771483,0.220963,0.0075543,2118,530879,2029
1,cage,66,qpFreeGate,1,1,2.48476,431829,767,17.5856,2024,2024,0,0.00682765,0.00249477,0,0,0.00293718,0,3675,740,0.208707,0,0,0,1,0,0,0,0,0
1,cage,66,qpEnvelope,1,1,0.013585,1598,24,20.6271,1255,1255,0,0.00343581,0.00249477,0,0,0.0235779,0.150814,11,9,2.18182,0,0,0,0.848561,0.139549,0.0118899,1598,396881,1559
1,cage,73,isSafe,1,1,0.284809,120920,716,26.1754,16,1310,0,0.00331039,0.00249477,0,0,0,0,6704,713,0.106802,0,0,0,0,0,0,0,0,0
1,cage,73,qpFixed,1,1,0.0550986,7036,44,16.6543,1509,1509,0,0.00338494,0.00249477,0,0,0.00938421,0,23,19,1.91304,0,0,0,1,0,0,7036,1888109,5886
1,cage,73,qpPlain,1,1,0.0604474,7036,44,16.6543,1509,1509,0,0.00338494,0.00249477,0,0,0.00938421,0,23,19,1.91304,0,0,0,1,0,0,7036,2413348,7036
1,cage,73,qpAdaptive,1,1,0.0401606,4625,44,16.6732,1176,1176,0,0.00330261,0.00249477,0,0,0.0143027,0.277189,23,19,1.91304,0,0,0,0.721081,0.274162,0.00475676,4625,1236478,4467
1,cage,73,qpFreeGate,1,1,1.7882,307883,527,20.4722,2409,2409,0,0.006144,0.00249477,0,0,0.00301367,0,2695,503,0.195547,0,0,0,1,0,0,0,0,0
1,cage,73,qpEnvelope,1,1,0.0306326,3299,44,16.7621,1052,1052,0,0.00336655,0.00249477,0,0,0.0201188,0.202486,23,19,1.91304,0,0,0,0.796908,0.194908,0.0081843,3299,878795,3238
1,cage,80,isSafe,1,1,0.103195,45428,232,14.7658,9,740,0,0.00882785,0.00249477,0,0,0,0,1783,228,0.130118,0,0,0,0,0,0,0,0,0
1,cage,80,qpFixed,1,1,0.00890978,1190,9,10.4378,1191,1191,0,0.0032803,0.00249477,0,0,0.00877127,0,1,1,9,0,0,0,1,0,0,1190,338095,652
1,cage,80,qpPlain,1,1,0.00927813,1190,9,10.4378,1191,1191,0,0.0032803,0.00249477,0,0,0.00877127,0,1,1,9,0,0,0,1,0,0,1190,408170,1190
1,cage,80,qpAdaptive,1,1,0.00517753,598,9,10.4386,928,928,0,0.00325144,0.00249477,0,0,0.0174559,0.172241,1,1,9,0,0,0,0.826087,0.165552,0.0083612,598,179361,548
1,cage,80,qpFreeGate,1,1,3.95023,689231,1139,17.8218,1928,1928,0,0.00564276,0.00249477,0,0,0.00261632,0,6632,1117,0.171743,0,0,0,1,0,0,0,0,0
1,cage,80,qpEnvelope,1,1,0.00452296,512,9,10.4402,879,879,0,0.00320441,0.00249477,0,0,0.020391,0.107422,1,1,9,0,0,0,0.892578,0.0976562,0.00976562,512,154400,490
1,cage,87,isSafe,1,1,0.170421,71070,397,15.1713,9,760,0,0.000308848,0.00249477,0,0,0,0,3544,394,0.11202,0,0,0,0,0,0,0,0,0
1,cage,87,qpFixed,1,1,0.0572887,7042,42,26.2266,2075,2075,0,0.00303409,0.00249477,0,0,0.00970349,0,27,21,1.55556,0,0,0,1,0,0,7042,1824368,5951
1,cage,87,qpPlain,1,1,0.0630542,7042,42,26.2266,2075,2075,0,0.00303409,0.00249477,0,0,0.00970349,0,27,21,1.55556,0,0,0,1,0,0,7042,2415406,7042
1,cage,87,qpAdaptive,1,1,0.040843,4515,42,26.2389,1844,1844,0,0.00303335,0.00249477,0,0,0.0151538,0.341528,27,21,1.55556,0,0,0,0.656921,0.337542,0.0055371,4515,1202454,4341
1,cage,87,qpFreeGate,1,1,2.01534,347568,564,17.1509,1721,1721,0,0.00922853,0.00249477,0,0,0.00285113,0,2908,542,0.193948,0,0,0,1,0,0,0,0,0
1,cage,87,qpEnvelope,1,1,0.0304452,3087,42,26.3322,1666,1666,0,0.00303079,0.00249477,0,0,0.022117,0.256884,27,21,1.55556,0,0,0,0.740525,0.248461,0.0110139,3087,821587,2998
1,cage,94,isSafe,1,1,0.0487283,20926,108,19.2543,12,964,0,0.0028052,0.00249477,0,0,0,0,762,104,0.141732,0,0,0,0,0,0,0,0,0
1,cage,94,qpFixed,1,1,0.457219,56214,226,17.7982,1682,1682,0,0.00303339,0.00249477,0,0,0.00765106,0,244,137,0.92623,0,0,0,1,0,0,56214,15017441,51993
1,cage,94,qpPlain,1,1,0.496385,56214,226,17.7982,1682,1682,0,0.00303339,0.00249477,0,0,0.00765106,0,244,137,0.92623,0,0,0,1,0,0,56214,19281402,56214
1,cage,94,qpAdaptive,1,1,0.486133,56059,273,19.9593,1636,1636,0,0.000838848,0.00249477,0,0,0.00935956,0.164898,304,168,0.898026,0,0,0,0.834118,0.163295,0.00258661,56059,15054791,54905
1,cage,94,qpFreeGate,1,1,4.66966,816383,1362,27.0244,2637,2637,0,0.00581784,0.00249477,0,0,0.0026181,0,7722,1325,0.176379,0,0,0,1,0,0,0,0,0
1,cage,94,qpEnvelope,1,1,0.291489,32153,201,28.876,2057,2057,0,0.000386537,0.00249477,0,0,0.0122724,0.149162,211,124,0.952607,0,0,0,0.849905,0.145616,0.00447859,32153,8551769,31318
