scene,method,eligible_runs,returned_solutions,return_rate_pct,audit_safe_solutions,audit_safe_rate_pct,unsafe_returned,returned_precision_pct,median_ms_safe,p90_ms_safe,median_samples_safe,p90_samples_safe,median_vertices_safe,median_path_length_safe,total_seconds,total_samples,safe_solutions_per_second,amortized_ms_per_safe_solution,amortized_samples_per_safe_solution
bookshelf_small,isSafe,60,60,100.0,38,63.333333333333336,22,63.333333333333336,1.64018,13.928070000000002,1883.5,15852.300000000001,22.5,13.82275,0.399396517,439692,95.14354377807456,10.510434657894738,11570.842105263158
bookshelf_small,qpFixed,60,60,100.0,19,31.666666666666668,41,31.666666666666668,0.28058,1.2341799999999996,196,708.5999999999999,7,6.85397,0.048300475,28572,393.37087264669753,2.5421302631578953,1503.7894736842106
bookshelf_small,bubbleCBF,60,60,100.0,25,41.666666666666664,35,41.666666666666664,0.190659,1.094392,97,494.8,7,7.40912,0.056872777,25554,439.5776207657312,2.27491108,1022.16
bookshelf_small,qpFreeGate,60,30,50.0,30,50.0,0,100.0,1.7141799999999998,8.590099000000002,1609.5,7976.200000000002,39.5,12.58275,150.097604132,44156953,0.19986994578285985,5003.253471066666,1471898.4333333333
bookshelf_small,VAMP,60,60,100.0,32,53.333333333333336,28,53.333333333333336,0.0953835,0.6172002000000005,3810.0,25601.900000000016,21.5,13.138349999999999,0.089647244,2705872,356.95464324592064,2.801476375,84558.5
bookshelf_tall,isSafe,60,60,100.0,32,53.333333333333336,28,53.333333333333336,2.1731499999999997,9.672537000000005,2600.5,10968.200000000004,31.0,14.57,0.1933939,222637,165.46540506189697,6.043559375,6957.40625
bookshelf_tall,qpFixed,60,60,100.0,31,51.666666666666664,29,51.666666666666664,0.700567,1.52925,390,813,13,8.92254,0.056016095,32909,553.4123719263187,1.806970806451613,1061.5806451612902
bookshelf_tall,bubbleCBF,60,60,100.0,30,50.0,30,50.0,0.87115,1.786025,383.0,770.2,11.5,9.8655,0.058808948,26389,510.12645218547357,1.9602982666666666,879.6333333333333
bookshelf_tall,qpFreeGate,60,21,35.0,21,35.0,0,100.0,1.47291,5.35042,1363,5012,33,13.7313,195.068432055,57047599,0.1076545280995492,9288.972955,2716552.3333333335
bookshelf_tall,VAMP,60,60,100.0,29,48.333333333333336,31,48.333333333333336,0.14141199999999998,0.5059771999999999,3368,19438.399999999998,20,12.5235,0.016637863,526888,1743.0123087321972,0.5737194137931034,18168.55172413793
bookshelf_thin,isSafe,60,60,100.0,32,53.333333333333336,28,53.333333333333336,2.2425550000000003,6.917942000000005,2562.0,7951.000000000006,29.5,11.512550000000001,0.317046716,352348,100.93149805721374,9.907709875,11010.875
bookshelf_thin,qpFixed,60,60,100.0,25,41.666666666666664,35,41.666666666666664,0.291715,1.1678520000000003,212,620.2000000000002,8,6.7946,0.043166568,24909,579.1519029263573,1.7266627200000002,996.36
bookshelf_thin,bubbleCBF,60,60,100.0,24,40.0,36,40.0,0.3054945,1.5431069999999998,149.0,660.0,7.5,8.01249,0.045182381,19816,531.1805059587276,1.8825992083333334,825.6666666666666
bookshelf_thin,qpFreeGate,60,9,15.0,9,15.0,0,100.0,1.5506300000000002,33.02372000000002,1508,25042.80000000001,39,11.3718,255.140048082,76370378,0.035274744469388324,28348.894231333332,8485597.555555556
bookshelf_thin,VAMP,60,60,100.0,29,48.333333333333336,31,48.333333333333336,0.17232799999999998,0.507304,4364,15335.399999999998,22,11.594,0.032584745,928126,889.9870169307754,1.123611896551724,32004.344827586207
box,isSafe,60,60,100.0,56,93.33333333333333,4,93.33333333333333,0.689988,2.1535400000000005,776.0,2460.0,11.5,10.414100000000001,0.061692613,69988,907.7261810907572,1.1016538035714285,1249.7857142857142
box,qpFixed,60,60,100.0,53,88.33333333333333,7,88.33333333333333,0.45013600000000004,1.260094,268,757.8000000000002,9,7.36267,0.040658408,25342,1303.5434146855923,0.7671397735849057,478.1509433962264
box,bubbleCBF,60,60,100.0,51,85.0,9,85.0,0.511837,1.1024800000000001,247,506,10,8.84245,0.040929407,19088,1246.0478599164653,0.8025373921568627,374.27450980392155
box,qpFreeGate,60,60,100.0,60,100.0,0,100.0,1.024105,3.035773,948.0,2802.0,26.5,12.9483,0.089966167,83477,666.9173757285891,1.4994361166666665,1391.2833333333333
box,VAMP,60,60,100.0,52,86.66666666666667,8,86.66666666666667,0.0511935,0.16791289999999995,1681.0,6401.999999999998,12.0,10.2905,0.004357112,164930,11934.51074932203,0.08379061538461538,3171.730769230769
cage,isSafe,60,60,100.0,40,66.66666666666667,20,66.66666666666667,42.31485000000001,264.2535000000001,45299.0,239862.60000000003,582.5,21.5384,6.6584759600000005,5989093,6.00738070397719,166.46189900000002,149727.325
cage,qpFixed,60,60,100.0,38,63.333333333333336,22,63.333333333333336,7.351545,19.872550000000004,3910.5,10522.400000000001,67.5,18.9403,0.55683231,300809,68.24316642114391,14.653481842105263,7916.026315789473
cage,bubbleCBF,60,60,100.0,38,63.333333333333336,22,63.333333333333336,8.565550000000002,19.56785000000003,3647.0,8663.40000000001,68.0,19.83475,0.62301626,271655,60.99359268729198,16.395164736842105,7148.815789473684
cage,qpFreeGate,60,60,100.0,60,100.0,0,100.0,47.9709,139.3784,39681.5,102256.00000000001,866.5,21.213549999999998,3.9781324,3048286,15.082454269244534,66.30220666666666,50804.76666666667
cage,VAMP,60,60,100.0,25,41.666666666666664,35,41.666666666666664,2.3055499999999998,23.38278000000003,86629,597844.2000000005,309,21.3915,0.918753646,21205648,27.210776369533995,36.75014584,848225.92
table_pick,isSafe,60,60,100.0,21,35.0,39,35.0,0.972844,2.4658,1088,2845,13,11.5426,0.067808721,77799,309.6946777686604,3.2289867142857145,3704.714285714286
table_pick,qpFixed,60,60,100.0,46,76.66666666666667,14,76.66666666666667,0.29898349999999996,0.40779600000000005,252.0,280.5,9.0,6.984825000000001,0.018378961,13243,2502.8618320698324,0.3995426304347826,287.89130434782606
table_pick,bubbleCBF,60,60,100.0,43,71.66666666666667,17,71.66666666666667,0.149388,0.5392864000000003,80,233.80000000000004,7,7.21604,0.018605246,8802,2311.1761059219534,0.43268013953488366,204.69767441860466
table_pick,qpFreeGate,60,33,55.0,33,55.0,0,100.0,2.4014,8.085784,2308,7522.4000000000015,57,13.7698,135.135010699,40369007,0.24420022486625817,4095.0003242121215,1223303.2424242424
table_pick,VAMP,60,60,100.0,23,38.333333333333336,37,38.333333333333336,0.08015499999999999,0.1713058,2282,5536.0,14,9.46853,0.006396636,198915,3595.6399582530566,0.2781146086956522,8648.478260869566
table_under_pick,isSafe,60,60,100.0,33,55.0,27,55.0,0.667569,1.0549979999999999,744,1182.2,11,11.7143,0.049231075,55305,670.3083367568147,1.4918507575757576,1675.909090909091
table_under_pick,qpFixed,60,60,100.0,32,53.333333333333336,28,53.333333333333336,1.120845,3.7158040000000025,631.5,2043.7000000000012,16.5,10.93185,0.102428915,58262,312.41178333286064,3.2009035937499997,1820.6875
table_under_pick,bubbleCBF,60,60,100.0,35,58.333333333333336,25,58.333333333333336,1.21692,4.477258,551,2006.6000000000001,16,11.6712,0.114450785,52103,305.80830004792017,3.2700224285714286,1488.6571428571428
table_under_pick,qpFreeGate,60,27,45.0,27,45.0,0,100.0,1.19916,7.775116000000022,1125,7176.20000000002,30,14.9413,165.138853213,48495392,0.16349877375722574,6116.253822703704,1796125.6296296297
table_under_pick,VAMP,60,60,100.0,33,55.0,27,55.0,0.057878,0.1066768,2067,4429.200000000001,11,11.7143,0.004784689,171488,6896.999993103,0.14499057575757576,5196.606060606061
