seed,scene,problem,method,eligible,solved,seconds,samples,vertices,skipped
0,clutter,1,isSafe,1,1,0.000236,221,6,0
0,clutter,1,qpAdaptive,1,1,0.000235,126,8,0
0,clutter,2,isSafe,1,1,0.000328,307,9,0
0,clutter,2,qpAdaptive,1,1,0.002133,418,9,0
100,clutter,1,isSafe,1,1,0.000225,310,6,0
100,clutter,1,qpAdaptive,1,1,0.000189,107,7,0
100,clutter,2,isSafe,1,1,0.000356,282,8,0
100,clutter,2,qpAdaptive,1,1,0.002671,594,10,0
200,clutter,1,isSafe,1,1,0.000225,186,6,0
200,clutter,1,qpAdaptive,1,1,0.000224,90,8,0
200,clutter,2,isSafe,1,1,0.000318,894,10,0
200,clutter,2,qpAdaptive,1,1,0.001878,2683,14,0
0,clutter,1,qpEnvelope,1,1,0.000249,99,8,0
0,clutter,2,qpEnvelope,1,1,0.002171,395,9,0
100,clutter,1,qpEnvelope,1,1,0.000199,79,7,0
100,clutter,2,qpEnvelope,1,1,0.002797,552,10,0
200,clutter,1,qpEnvelope,1,1,0.000226,67,8,0
200,clutter,2,qpEnvelope,1,1,0.001915,2606,14,0
0,clutter,1,qpFixed,1,1,0.000251,212,8,0
0,clutter,2,qpFixed,1,1,0.001898,445,9,0
100,clutter,1,qpFixed,1,1,0.000219,178,7,0
100,clutter,2,qpFixed,1,1,0.002296,679,10,0
200,clutter,1,qpFixed,1,1,0.000254,142,7,0
200,clutter,2,qpFixed,1,1,0.001579,2775,13,0
0,clutter,1,qpFreeGate,1,1,0.000339,177,6,0
0,clutter,2,qpFreeGate,1,1,0.000820,316,9,0
100,clutter,1,qpFreeGate,1,1,0.000323,277,7,0
100,clutter,2,qpFreeGate,1,1,0.001846,823,11,0
200,clutter,1,qpFreeGate,1,1,0.000457,164,6,0
200,clutter,2,qpFreeGate,1,1,0.000909,1184,10,0
0,corridor,1,isSafe,1,1,0.000275,395,10,0
0,corridor,1,qpAdaptive,1,1,0.000199,91,8,0
0,corridor,2,isSafe,1,1,0.005614,11509,13,0
0,corridor,2,qpAdaptive,1,1,0.001271,713,14,0
0,corridor,3,isSafe,1,1,0.009985,29158,11,0
0,corridor,3,qpAdaptive,1,1,0.002364,1518,21,0
100,corridor,1,isSafe,1,1,0.000408,403,9,0
100,corridor,1,qpAdaptive,1,1,0.000205,105,8,0
100,corridor,2,isSafe,1,1,0.005457,2674,10,0
100,corridor,2,qpAdaptive,1,1,0.001096,423,10,0
100,corridor,3,isSafe,1,1,0.007462,1656,11,0
100,corridor,3,qpAdaptive,1,1,0.003423,2670,22,0
200,corridor,1,isSafe,1,1,0.000228,227,7,0
200,corridor,1,qpAdaptive,1,1,0.000155,89,7,0
200,corridor,2,isSafe,1,1,0.004280,7849,16,0
200,corridor,2,qpAdaptive,1,1,0.002197,2039,12,0
200,corridor,3,isSafe,1,1,0.007856,8438,13,0
200,corridor,3,qpAdaptive,1,1,0.002830,840,21,0
0,corridor,1,qpEnvelope,1,1,0.000192,56,8,0
0,corridor,2,qpEnvelope,1,1,0.001326,656,14,0
0,corridor,3,qpEnvelope,1,1,0.002501,1452,21,0
100,corridor,1,qpEnvelope,1,1,0.000201,65,8,0
100,corridor,2,qpEnvelope,1,1,0.001131,398,10,0
100,corridor,3,qpEnvelope,1,1,0.003474,2597,22,0
200,corridor,1,qpEnvelope,1,1,0.000154,54,7,0
200,corridor,2,qpEnvelope,1,1,0.002348,2008,12,0
200,corridor,3,qpEnvelope,1,1,0.003016,785,21,0
0,corridor,1,qpFixed,1,1,0.000236,172,8,0
0,corridor,2,qpFixed,1,1,0.001151,920,14,0
0,corridor,3,qpFixed,1,1,0.002122,1753,21,0
100,corridor,1,qpFixed,1,1,0.000223,157,7,0
100,corridor,2,qpFixed,1,1,0.000993,520,10,0
100,corridor,3,qpFixed,1,1,0.003023,2815,22,0
200,corridor,1,qpFixed,1,1,0.000206,150,7,0
200,corridor,2,qpFixed,1,1,0.001926,2143,13,0
200,corridor,3,qpFixed,1,1,0.002476,955,21,0
0,corridor,1,qpFreeGate,1,1,0.000315,288,11,0
0,corridor,2,qpFreeGate,1,1,0.007093,9275,25,0
0,corridor,3,qpFreeGate,1,1,0.013313,10357,27,0
100,corridor,1,qpFreeGate,1,1,0.000805,323,10,0
100,corridor,2,qpFreeGate,1,1,0.004848,4037,20,0
100,corridor,3,qpFreeGate,1,1,0.010078,1003,12,0
200,corridor,1,qpFreeGate,1,1,0.000343,209,9,0
200,corridor,2,qpFreeGate,1,1,0.007131,2251,20,0
200,corridor,3,qpFreeGate,1,1,0.013073,10274,18,0
0,pillars,1,isSafe,1,1,0.000197,224,7,0
0,pillars,1,qpAdaptive,1,1,0.000115,68,7,0
0,pillars,2,isSafe,1,1,0.000191,201,6,0
0,pillars,2,qpAdaptive,1,1,0.000069,42,6,0
0,pillars,3,isSafe,1,1,0.000135,150,5,0
0,pillars,3,qpAdaptive,1,1,0.000058,18,5,0
0,pillars,4,isSafe,1,1,0.000182,206,6,0
0,pillars,4,qpAdaptive,1,1,0.000069,35,6,0
100,pillars,1,isSafe,1,1,0.000193,246,7,0
100,pillars,1,qpAdaptive,1,1,0.000117,64,7,0
100,pillars,2,isSafe,1,1,0.000193,212,7,0
100,pillars,2,qpAdaptive,1,1,0.000055,33,7,0
100,pillars,3,isSafe,1,1,0.000131,157,5,0
100,pillars,3,qpAdaptive,1,1,0.000046,22,5,0
100,pillars,4,isSafe,1,1,0.000163,211,7,0
100,pillars,4,qpAdaptive,1,1,0.000074,38,7,0
200,pillars,1,isSafe,1,1,0.000203,226,7,0
200,pillars,1,qpAdaptive,1,1,0.000120,65,7,0
200,pillars,2,isSafe,1,1,0.000182,200,6,0
200,pillars,2,qpAdaptive,1,1,0.000050,25,6,0
200,pillars,3,isSafe,1,1,0.000137,153,5,0
200,pillars,3,qpAdaptive,1,1,0.000052,32,5,0
200,pillars,4,isSafe,1,1,0.000152,189,6,0
200,pillars,4,qpAdaptive,1,1,0.000073,55,6,0
0,pillars,1,qpEnvelope,1,1,0.000127,35,7,0
0,pillars,2,qpEnvelope,1,1,0.000075,19,6,0
0,pillars,3,qpEnvelope,1,1,0.000055,14,5,0
0,pillars,4,qpEnvelope,1,1,0.000070,21,6,0
100,pillars,1,qpEnvelope,1,1,0.000130,40,7,0
100,pillars,2,qpEnvelope,1,1,0.000072,20,7,0
100,pillars,3,qpEnvelope,1,1,0.000054,13,5,0
100,pillars,4,qpEnvelope,1,1,0.000079,24,7,0
200,pillars,1,qpEnvelope,1,1,0.000151,44,7,0
200,pillars,2,qpEnvelope,1,1,0.000073,16,6,0
200,pillars,3,qpEnvelope,1,1,0.000056,16,5,0
200,pillars,4,qpEnvelope,1,1,0.000082,27,6,0
0,pillars,1,qpFixed,1,1,0.000178,164,7,0
0,pillars,2,qpFixed,1,1,0.000189,135,6,0
0,pillars,3,qpFixed,1,1,0.000124,108,5,0
0,pillars,4,qpFixed,1,1,0.000157,135,6,0
100,pillars,1,qpFixed,1,1,0.000178,157,7,0
100,pillars,2,qpFixed,1,1,0.000164,134,7,0
100,pillars,3,qpFixed,1,1,0.000125,117,5,0
100,pillars,4,qpFixed,1,1,0.000156,146,7,0
200,pillars,1,qpFixed,1,1,0.000203,151,7,0
200,pillars,2,qpFixed,1,1,0.000163,129,6,0
200,pillars,3,qpFixed,1,1,0.000131,112,5,0
200,pillars,4,qpFixed,1,1,0.000160,146,6,0
0,pillars,1,qpFreeGate,1,1,0.000193,164,7,0
0,pillars,2,qpFreeGate,1,1,0.000192,135,6,0
0,pillars,3,qpFreeGate,1,1,0.000121,108,5,0
0,pillars,4,qpFreeGate,1,1,0.000156,135,6,0
100,pillars,1,qpFreeGate,1,1,0.000169,157,7,0
100,pillars,2,qpFreeGate,1,1,0.000156,134,7,0
100,pillars,3,qpFreeGate,1,1,0.000122,117,5,0
100,pillars,4,qpFreeGate,1,1,0.000156,146,7,0
200,pillars,1,qpFreeGate,1,1,0.000197,151,7,0
200,pillars,2,qpFreeGate,1,1,0.000163,129,6,0
200,pillars,3,qpFreeGate,1,1,0.000133,112,5,0
200,pillars,4,qpFreeGate,1,1,0.000161,146,6,0
0,shelf,1,isSafe,1,1,0.001456,1268,9,0
0,shelf,1,qpAdaptive,1,1,0.004618,2747,12,0
0,shelf,2,isSafe,1,1,0.003891,3983,11,0
0,shelf,2,qpAdaptive,1,1,0.001091,701,12,0
0,shelf,3,isSafe,1,1,0.001686,1379,11,0
0,shelf,3,qpAdaptive,1,1,0.000365,200,11,0
0,shelf,4,isSafe,1,1,0.000379,462,7,0
0,shelf,4,qpAdaptive,1,1,0.000270,332,9,0
100,shelf,1,isSafe,1,1,0.001423,467,9,0
100,shelf,1,qpAdaptive,1,1,0.006355,408,10,0
100,shelf,2,isSafe,1,1,0.001896,5040,11,0
100,shelf,2,qpAdaptive,1,1,0.001535,2731,27,0
100,shelf,3,isSafe,1,1,0.001284,1897,7,0
100,shelf,3,qpAdaptive,1,1,0.000314,110,7,0
100,shelf,4,isSafe,1,1,0.000498,562,10,0
100,shelf,4,qpAdaptive,1,1,0.000280,538,14,0
200,shelf,1,isSafe,1,1,0.001926,365,9,0
200,shelf,1,qpAdaptive,1,1,0.003324,1014,17,0
200,shelf,2,isSafe,1,1,0.002267,1770,13,0
200,shelf,2,qpAdaptive,1,1,0.002088,553,16,0
200,shelf,3,isSafe,1,1,0.000743,635,8,0
200,shelf,3,qpAdaptive,1,1,0.000310,134,8,0
200,shelf,4,isSafe,1,1,0.000574,862,9,0
200,shelf,4,qpAdaptive,1,1,0.000323,127,7,0
0,shelf,1,qpEnvelope,1,1,0.004664,2632,13,0
0,shelf,2,qpEnvelope,1,1,0.001129,658,12,0
0,shelf,3,qpEnvelope,1,1,0.000378,195,11,0
0,shelf,4,qpEnvelope,1,1,0.000286,325,9,0
100,shelf,1,qpEnvelope,1,1,0.006409,399,10,0
100,shelf,2,qpEnvelope,1,1,0.001531,2649,27,0
100,shelf,3,qpEnvelope,1,1,0.000325,102,7,0
100,shelf,4,qpEnvelope,1,1,0.000304,515,13,0
200,shelf,1,qpEnvelope,1,1,0.003387,999,17,0
200,shelf,2,qpEnvelope,1,1,0.002122,544,16,0
200,shelf,3,qpEnvelope,1,1,0.000316,125,8,0
200,shelf,4,qpEnvelope,1,1,0.000332,117,7,0
0,shelf,1,qpFixed,1,1,0.004160,2929,12,0
0,shelf,2,qpFixed,1,1,0.001021,865,12,0
0,shelf,3,qpFixed,1,1,0.000334,232,11,0
0,shelf,4,qpFixed,1,1,0.000283,424,9,0
100,shelf,1,qpFixed,1,1,0.005592,435,10,0
100,shelf,2,qpFixed,1,1,0.001372,3005,26,0
100,shelf,3,qpFixed,1,1,0.000317,155,7,0
100,shelf,4,qpFixed,1,1,0.000326,678,13,0
200,shelf,1,qpFixed,1,1,0.003145,1070,17,0
200,shelf,2,qpFixed,1,1,0.001875,628,16,0
200,shelf,3,qpFixed,1,1,0.000300,190,8,0
200,shelf,4,qpFixed,1,1,0.000314,202,7,0
0,shelf,1,qpFreeGate,1,1,0.004070,1687,11,0
0,shelf,2,qpFreeGate,1,1,0.010763,9151,29,0
0,shelf,3,qpFreeGate,1,1,0.003338,3908,15,0
0,shelf,4,qpFreeGate,1,1,0.001089,333,7,0
100,shelf,1,qpFreeGate,1,1,0.003429,5055,20,0
100,shelf,2,qpFreeGate,1,1,0.005003,4288,21,0
100,shelf,3,qpFreeGate,1,1,0.001645,1265,11,0
100,shelf,4,qpFreeGate,1,1,0.000933,2308,15,0
200,shelf,1,qpFreeGate,1,1,0.006516,5107,23,0
200,shelf,2,qpFreeGate,1,1,0.003067,5799,21,0
200,shelf,3,qpFreeGate,1,1,0.002908,563,12,0
200,shelf,4,qpFreeGate,1,1,0.000734,641,11,0
