seed,scene,problem,method,eligible,solved,seconds,samples,vertices,path_length,waypoints,audited_states,unsafe_states,min_clearance,min_self_overlap,self_colliding,misses,rad_per_call,coarse_fraction,primary_samples,productive_samples,vertices_per_sample,picard_attempts,picard_accepted,picard_fallbacks
1,bookshelf_tall_both_arms_easy,1,isSafe,1,0,5.00008,809636,25366,0,0,0,0,inf,inf,0,0,0,0,0,0,0,0,0,0
1,bookshelf_tall_both_arms_easy,1,cbfRRTC,1,1,0.14545,9738,303,15.6166,1163,1163,0,0.00426354,0.0365097,0,0,0.0155366,0.0348121,0,0,0,0,0,0
1,bookshelf_tall_both_arms_easy,1,cbfNoCert,1,1,0.154028,10420,303,15.6174,1183,1183,0,0.00426288,0.0365097,0,0,0.0145264,0,0,0,0,0,0,0
1,bookshelf_tall_both_arms_easy,1,qpFreeGate,1,0,5.00022,559056,23502,0,0,0,0,inf,inf,0,0,0.0199402,0,0,0,0,0,0,0
1,bookshelf_tall_both_arms_easy,1,VAMP,1,0,5.00018,2644824,53453,0,0,0,0,inf,inf,0,0,0,0,0,0,0,0,0,0
1,bookshelf_tall_both_arms_easy,3,isSafe,1,1,0.339527,69925,2202,26.9171,1345,1345,0,0.000471484,0.0282998,0,0,0,0,0,0,0,0,0,0
1,bookshelf_tall_both_arms_easy,3,cbfRRTC,1,1,0.242063,16172,486,20.1435,1468,1468,0,0.00383327,0.071768,0,0,0.0160009,0.0226935,0,0,0,0,0,0
1,bookshelf_tall_both_arms_easy,3,cbfNoCert,1,1,0.258928,17182,486,20.1436,1597,1597,0,0.00383327,0.071768,0,0,0.0150596,0,0,0,0,0,0,0
1,bookshelf_tall_both_arms_easy,3,qpFreeGate,1,1,3.55108,419491,17533,30.6776,2398,2398,0,0.00659313,0.00854944,0,0,0.0200415,0,0,0,0,0,0,0
1,bookshelf_tall_both_arms_easy,3,VAMP,1,1,0.0127959,63480,1376,17.7117,885,885,0,0.000331361,0.00064623,0,0,0,0,0,0,0,0,0,0
1,bookshelf_tall_both_arms_easy,4,isSafe,1,1,0.246487,51165,1613,20.607,1030,1030,0,0.000688022,0.0885233,0,0,0,0,0,0,0,0,0,0
1,bookshelf_tall_both_arms_easy,4,cbfRRTC,1,1,0.0738892,5171,179,17.5313,1267,1267,0,0.00405822,0.0885233,0,0,0.0179274,0.0346161,0,0,0,0,0,0
1,bookshelf_tall_both_arms_easy,4,cbfNoCert,1,1,0.23893,16029,476,19.1804,1437,1437,0,0.00405822,0.00936985,0,0,0.0155186,0,0,0,0,0,0,0
1,bookshelf_tall_both_arms_easy,4,qpFreeGate,1,1,0.453562,67284,2828,25.8793,1897,1897,0,0.00683487,0.0252866,0,0,0.0203362,0,0,0,0,0,0,0
1,bookshelf_tall_both_arms_easy,4,VAMP,1,1,0.0214278,95656,2191,26.8389,1341,1341,83,-0.00387567,0.00634563,0,0,0,0,0,0,0,0,0,0
1,bookshelf_tall_both_arms_easy,5,isSafe,1,1,0.240658,50083,1576,24.6447,1232,1232,0,0.00163384,0.0291116,0,0,0,0,0,0,0,0,0,0
1,bookshelf_tall_both_arms_easy,5,cbfRRTC,1,1,0.925509,48889,1388,19.3403,1430,1430,0,0.00107239,0.00952246,0,0,0.0141803,0.00691362,0,0,0,0,0,0
1,bookshelf_tall_both_arms_easy,5,cbfNoCert,1,1,0.953814,50581,1388,19.3418,1445,1445,0,0.00107017,0.00940074,0,0,0.013704,0,0,0,0,0,0,0
1,bookshelf_tall_both_arms_easy,5,qpFreeGate,1,1,0.72482,87748,3708,25.4312,1987,1987,0,0.0066326,0.00915676,0,0,0.0201829,0,0,0,0,0,0,0
1,bookshelf_tall_both_arms_easy,5,VAMP,1,1,0.0961727,245648,5661,18.7635,938,938,86,-0.00391403,0.049246,0,0,0,0,0,0,0,0,0,0
1,bookshelf_tall_both_arms_easy,6,isSafe,1,1,0.0758366,15488,489,19.8501,992,992,0,0.000239464,0.0091198,0,0,0,0,0,0,0,0,0,0
1,bookshelf_tall_both_arms_easy,6,cbfRRTC,1,1,0.0895339,4756,160,13.309,1012,1012,0,0.00580845,0.00502294,0,0,0.0171572,0.0285955,0,0,0,0,0,0
1,bookshelf_tall_both_arms_easy,6,cbfNoCert,1,1,0.0958847,5189,160,13.3092,1061,1061,0,0.00580844,0.00502294,0,0,0.0157255,0,0,0,0,0,0,0
1,bookshelf_tall_both_arms_easy,6,qpFreeGate,1,1,0.332417,40303,1714,21.6769,1641,1641,0,0.00758869,0.00680152,0,0,0.0202073,0,0,0,0,0,0,0
1,bookshelf_tall_both_arms_easy,6,VAMP,1,1,0.0161771,77880,1718,18.838,941,941,58,-0.00366038,0.00124319,0,0,0,0,0,0,0,0,0,0
1,bookshelf_tall_both_arms_easy,7,isSafe,1,0,5.00015,780801,24689,0,0,0,0,inf,inf,0,0,0,0,0,0,0,0,0,0
1,bookshelf_tall_both_arms_easy,7,cbfRRTC,1,1,0.802189,54968,1637,21.5529,1658,1658,0,0.00368013,0.00509027,0,0,0.0151431,0.029599,0,0,0,0,0,0
1,bookshelf_tall_both_arms_easy,7,cbfNoCert,1,1,0.846911,57956,1637,21.5553,1681,1681,0,0.0036336,0.00509045,0,0,0.0143626,0,0,0,0,0,0,0
1,bookshelf_tall_both_arms_easy,7,qpFreeGate,1,0,5.00004,549366,22971,0,0,0,0,inf,inf,0,0,0.020023,0,0,0,0,0,0,0
1,bookshelf_tall_both_arms_easy,7,VAMP,1,1,2.00385,1375672,32518,35.1621,1758,1758,49,-0.0039168,0.00975718,0,0,0,0,0,0,0,0,0,0
1,bookshelf_tall_both_arms_easy,8,isSafe,1,1,0.90961,172004,5419,9.09025,454,454,1,-6.03997e-06,0.0451872,0,0,0,0,0,0,0,0,0,0
1,bookshelf_tall_both_arms_easy,8,cbfRRTC,1,1,0.0325462,2224,71,12.6084,884,884,0,0.00123474,0.0877069,0,0,0.0157393,0.0130396,0,0,0,0,0,0
1,bookshelf_tall_both_arms_easy,8,cbfNoCert,1,1,0.0315523,2247,71,12.6084,889,889,0,0.00123473,0.0877069,0,0,0.0155778,0,0,0,0,0,0,0
1,bookshelf_tall_both_arms_easy,8,qpFreeGate,1,1,3.02563,361773,15084,30.643,2396,2396,0,0.00722754,0.0877069,0,0,0.0200703,0,0,0,0,0,0,0
1,bookshelf_tall_both_arms_easy,8,VAMP,1,1,0.21619,399920,9193,22.7123,1135,1135,79,-0.00396133,0.0877069,0,0,0,0,0,0,0,0,0,0
1,bookshelf_tall_both_arms_easy,10,isSafe,1,1,0.385218,76795,2427,19.7742,988,988,0,0.00121863,0.0287645,0,0,0,0,0,0,0,0,0,0
1,bookshelf_tall_both_arms_easy,10,cbfRRTC,1,1,0.295243,12678,395,19.063,1444,1444,0,0.000153869,0.00500034,0,0,0.0158048,0.0160909,0,0,0,0,0,0
1,bookshelf_tall_both_arms_easy,10,cbfNoCert,1,1,0.305355,13360,395,19.0629,1459,1459,0,0.000156813,0.0050004,0,0,0.014998,0,0,0,0,0,0,0
1,bookshelf_tall_both_arms_easy,10,qpFreeGate,1,1,0.260861,30893,1313,16.9648,1267,1267,0,0.00659222,0.00961041,0,0,0.0201854,0,0,0,0,0,0,0
1,bookshelf_tall_both_arms_easy,10,VAMP,1,1,0.0183992,81912,1850,29.0079,1450,1450,41,-0.00359456,0.00104152,0,0,0,0,0,0,0,0,0,0
1,bookshelf_tall_both_arms_easy,11,isSafe,1,1,1.16912,217688,6872,10.389,519,519,0,0.000238787,0.00829882,0,0,0,0,0,0,0,0,0,0
1,bookshelf_tall_both_arms_easy,11,cbfRRTC,1,1,0.0990077,3651,118,12.3515,832,832,0,0.00568642,0.00502823,0,0,0.0167707,0.0238291,0,0,0,0,0,0
1,bookshelf_tall_both_arms_easy,11,cbfNoCert,1,1,0.101362,3852,118,12.3517,838,838,0,0.00568655,0.00502821,0,0,0.0158929,0,0,0,0,0,0,0
1,bookshelf_tall_both_arms_easy,11,qpFreeGate,1,1,2.17786,254265,10655,32.13,2554,2554,0,0.00628533,0.00755757,0,0,0.0200186,0,0,0,0,0,0,0
1,bookshelf_tall_both_arms_easy,11,VAMP,1,1,2.3065,1451576,34805,29.132,1456,1456,56,-0.00399674,0.00871621,0,0,0,0,0,0,0,0,0,0
1,bookshelf_tall_both_arms_easy,12,isSafe,1,1,0.454456,88522,2802,22.1547,1107,1107,0,5.2648e-05,0.0690447,0,0,0,0,0,0,0,0,0,0
1,bookshelf_tall_both_arms_easy,12,cbfRRTC,1,1,0.0985154,6624,211,15.9248,1091,1091,0,0.003776,0.0696086,0,0,0.0164602,0.0170592,0,0,0,0,0,0
1,bookshelf_tall_both_arms_easy,12,cbfNoCert,1,1,0.10302,6925,215,15.9238,1112,1112,0,0.003776,0.0696086,0,0,0.0157369,0,0,0,0,0,0,0
1,bookshelf_tall_both_arms_easy,12,qpFreeGate,1,1,0.44504,63692,2701,26.5744,2012,2012,0,0.00668126,0.0125095,0,0,0.0201779,0,0,0,0,0,0,0
1,bookshelf_tall_both_arms_easy,12,VAMP,1,1,0.0184846,80744,1852,20.3879,1019,1019,71,-0.00344306,0.0174001,0,0,0,0,0,0,0,0,0,0
1,bookshelf_tall_both_arms_easy,13,isSafe,1,1,1.6696,303090,9589,19.2761,963,963,0,0.000140264,0.0695255,0,0,0,0,0,0,0,0,0,0
1,bookshelf_tall_both_arms_easy,13,cbfRRTC,1,1,0.53112,33739,1006,23.2272,1630,1630,0,0.00437458,0.0475561,0,0,0.0160057,0.0200658,0,0,0,0,0,0
1,bookshelf_tall_both_arms_easy,13,cbfNoCert,1,1,0.55878,35740,1008,23.2281,1625,1625,0,0.00437467,0.0475557,0,0,0.0151245,0,0,0,0,0,0,0
1,bookshelf_tall_both_arms_easy,13,qpFreeGate,1,1,0.891375,128068,5371,24.5331,1962,1962,0,0.0066987,0.0522418,0,0,0.02008,0,0,0,0,0,0,0
1,bookshelf_tall_both_arms_easy,13,VAMP,1,1,0.0355039,126512,2902,29.5989,1479,1479,15,-0.00213799,0.0365332,0,0,0,0,0,0,0,0,0,0
1,bookshelf_tall_both_arms_easy,14,isSafe,1,1,1.18758,219535,6879,14.6298,731,731,0,7.27466e-05,0.00516946,0,0,0,0,0,0,0,0,0,0
1,bookshelf_tall_both_arms_easy,14,cbfRRTC,1,1,0.0341163,1501,57,9.9322,748,748,0,0.00258163,0.00499788,0,0,0.0193919,0.0639574,0,0,0,0,0,0
1,bookshelf_tall_both_arms_easy,14,cbfNoCert,1,1,0.0362979,1684,57,9.92995,764,764,0,0.00258163,0.00499788,0,0,0.0172834,0,0,0,0,0,0,0
1,bookshelf_tall_both_arms_easy,14,qpFreeGate,1,0,5.00009,492558,20661,0,0,0,0,inf,inf,0,0,0.0200711,0,0,0,0,0,0,0
1,bookshelf_tall_both_arms_easy,14,VAMP,1,1,0.0109869,58992,1278,18.0972,904,904,82,-0.00387544,0.00111769,0,0,0,0,0,0,0,0,0,0
1,bookshelf_tall_both_arms_easy,15,isSafe,1,1,0.558737,107731,3394,28.4968,1424,1424,1,-3.28594e-05,0.0123228,0,0,0,0,0,0,0,0,0,0
1,bookshelf_tall_both_arms_easy,15,cbfRRTC,1,1,0.161594,9035,277,17.8266,1284,1284,0,0.00029929,0.00500539,0,0,0.0157149,0.0181516,0,0,0,0,0,0
1,bookshelf_tall_both_arms_easy,15,cbfNoCert,1,1,0.167979,9449,277,17.8266,1334,1334,0,0.00029929,0.00500539,0,0,0.0150266,0,0,0,0,0,0,0
1,bookshelf_tall_both_arms_easy,15,qpFreeGate,1,1,0.960336,113916,4811,27.3644,2097,2097,0,0.0064451,0.0074769,0,0,0.0201916,0,0,0,0,0,0,0
1,bookshelf_tall_both_arms_easy,15,VAMP,1,1,0.0244688,101568,2218,19.5156,975,975,66,-0.00390943,0.000998582,0,0,0,0,0,0,0,0,0,0
1,bookshelf_tall_both_arms_easy,16,isSafe,1,1,0.0866832,18022,567,18.9181,945,945,0,0.000241048,0.0113557,0,0,0,0,0,0,0,0,0,0
1,bookshelf_tall_both_arms_easy,16,cbfRRTC,1,1,0.811887,50955,1527,21.8854,1616,1616,0,0.00403351,0.109961,0,0,0.0156345,0.0265528,0,0,0,0,0,0
1,bookshelf_tall_both_arms_easy,16,cbfNoCert,1,1,0.849058,53726,1526,21.8855,1631,1631,0,0.00403351,0.109961,0,0,0.0147934,0,0,0,0,0,0,0
1,bookshelf_tall_both_arms_easy,16,qpFreeGate,1,1,0.118455,16090,685,19.4232,1490,1490,0,0.00619856,0.0921196,0,0,0.0199261,0,0,0,0,0,0,0
1,bookshelf_tall_both_arms_easy,16,VAMP,1,1,0.00453396,30584,600,21.375,1068,1068,3,-0.00136474,0.104806,0,0,0,0,0,0,0,0,0,0
1,bookshelf_tall_both_arms_easy,17,isSafe,1,0,5.00011,776185,24590,0,0,0,0,inf,inf,0,0,0,0,0,0,0,0,0,0
1,bookshelf_tall_both_arms_easy,17,cbfRRTC,1,1,0.236794,16454,508,10.6105,756,756,0,0.00125038,0.0923299,0,0,0.0162512,0.0281998,0,0,0,0,0,0
1,bookshelf_tall_both_arms_easy,17,cbfNoCert,1,1,0.25079,17441,508,10.6108,799,799,0,0.00125038,0.0923299,0,0,0.0153302,0,0,0,0,0,0,0
1,bookshelf_tall_both_arms_easy,17,qpFreeGate,1,1,2.42091,302068,12672,23.1581,1835,1835,0,0.00691106,0.0905413,0,0,0.0201707,0,0,0,0,0,0,0
1,bookshelf_tall_both_arms_easy,17,VAMP,1,1,0.490451,618200,14838,25.6119,1280,1280,48,-0.0036548,0.00383566,0,0,0,0,0,0,0,0,0,0
1,bookshelf_tall_both_arms_easy,18,isSafe,1,1,0.705652,136632,4313,18.1745,908,908,0,0.00183903,0.0774252,0,0,0,0,0,0,0,0,0,0
1,bookshelf_tall_both_arms_easy,18,cbfRRTC,1,1,0.612828,40478,1209,19.9181,1453,1453,0,0.000445726,0.147659,0,0,0.0156492,0.0184298,0,0,0,0,0,0
1,bookshelf_tall_both_arms_easy,18,cbfNoCert,1,1,0.640177,42130,1209,19.9169,1489,1489,0,0.000445535,0.147659,0,0,0.0150354,0,0,0,0,0,0,0
1,bookshelf_tall_both_arms_easy,18,qpFreeGate,1,1,0.233737,29525,1268,27.158,2083,2083,0,0.00630861,0.0173117,0,0,0.020241,0,0,0,0,0,0,0
1,bookshelf_tall_both_arms_easy,18,VAMP,1,1,0.064277,192520,4505,24.2901,1214,1214,40,-0.00240021,0.0397632,0,0,0,0,0,0,0,0,0,0
1,bookshelf_tall_both_arms_easy,19,isSafe,1,1,0.200809,40839,1288,23.1085,1155,1155,0,0.00018456,0.0820892,0,0,0,0,0,0,0,0,0,0
1,bookshelf_tall_both_arms_easy,19,cbfRRTC,1,1,0.0334969,1999,67,9.22727,676,676,0,0.0014906,0.0713939,0,0,0.0163937,0.0315158,0,0,0,0,0,0
1,bookshelf_tall_both_arms_easy,19,cbfNoCert,1,1,0.0346431,2135,67,9.20972,704,704,0,0.0014906,0.0715971,0,0,0.0153357,0,0,0,0,0,0,0
1,bookshelf_tall_both_arms_easy,19,qpFreeGate,1,1,0.312007,43675,1873,24.9719,1821,1821,0,0.00644029,0.0479189,0,0,0.0204373,0,0,0,0,0,0,0
1,bookshelf_tall_both_arms_easy,19,VAMP,1,1,0.00618676,38352,864,19.1762,958,958,14,-0.00382601,0.0820892,0,0,0,0,0,0,0,0,0,0
1,bookshelf_tall_both_arms_easy,20,isSafe,1,1,0.246759,50427,1584,20.6041,1030,1030,0,0.00043638,0.00578338,0,0,0,0,0,0,0,0,0,0
1,bookshelf_tall_both_arms_easy,20,cbfRRTC,1,1,0.258894,16155,511,15.3697,1131,1131,0,0.00350412,0.0307043,0,0,0.0162511,0.0191891,0,0,0,0,0,0
1,bookshelf_tall_both_arms_easy,20,cbfNoCert,1,1,0.275244,17300,511,15.3698,1170,1170,0,0.00350411,0.0307043,0,0,0.015174,0,0,0,0,0,0,0
1,bookshelf_tall_both_arms_easy,20,qpFreeGate,1,1,0.277095,34556,1450,19.6966,1546,1546,0,0.00675138,0.01589,0,0,0.0203448,0,0,0,0,0,0,0
1,bookshelf_tall_both_arms_easy,20,VAMP,1,1,0.0322253,127848,2788,21.9698,1098,1098,25,-0.00342201,0.100713,0,0,0,0,0,0,0,0,0,0
1,bookshelf_tall_both_arms_easy,21,isSafe,0,0,0,0,0,0,0,0,0,inf,inf,0,0,0,0,0,0,0,0,0,0
1,bookshelf_tall_both_arms_easy,21,cbfRRTC,0,0,0,0,0,0,0,0,0,inf,inf,0,0,0,0,0,0,0,0,0,0
1,bookshelf_tall_both_arms_easy,21,cbfNoCert,0,0,0,0,0,0,0,0,0,inf,inf,0,0,0,0,0,0,0,0,0,0
1,bookshelf_tall_both_arms_easy,21,qpFreeGate,0,0,0,0,0,0,0,0,0,inf,inf,0,0,0,0,0,0,0,0,0,0
1,bookshelf_tall_both_arms_easy,21,VAMP,0,0,0,0,0,0,0,0,0,inf,inf,0,0,0,0,0,0,0,0,0,0
1,bookshelf_tall_both_arms_easy,22,isSafe,0,0,0,0,0,0,0,0,0,inf,inf,0,0,0,0,0,0,0,0,0,0
1,bookshelf_tall_both_arms_easy,22,cbfRRTC,0,0,0,0,0,0,0,0,0,inf,inf,0,0,0,0,0,0,0,0,0,0
1,bookshelf_tall_both_arms_easy,22,cbfNoCert,0,0,0,0,0,0,0,0,0,inf,inf,0,0,0,0,0,0,0,0,0,0
1,bookshelf_tall_both_arms_easy,22,qpFreeGate,0,0,0,0,0,0,0,0,0,inf,inf,0,0,0,0,0,0,0,0,0,0
1,bookshelf_tall_both_arms_easy,22,VAMP,0,0,0,0,0,0,0,0,0,inf,inf,0,0,0,0,0,0,0,0,0,0
1,bookshelf_tall_both_arms_medium,1,isSafe,1,1,0.952358,181393,5665,19.8293,991,991,0,0.000190677,0.0194775,0,0,0,0,0,0,0,0,0,0
1,bookshelf_tall_both_arms_medium,1,cbfRRTC,1,1,2.04153,133386,3849,24.1113,1840,1840,0,0.00327024,0.00941957,0,0,0.0147102,0.0197622,0,0,0,0,0,0
1,bookshelf_tall_both_arms_medium,1,cbfNoCert,1,1,2.14471,139734,3849,24.1105,1864,1864,0,0.00327024,0.00941957,0,0,0.014041,0,0,0,0,0,0,0
1,bookshelf_tall_both_arms_medium,1,qpFreeGate,1,1,1.7944,221858,9303,20.9205,1573,1573,0,0.00680837,0.0194775,0,0,0.0198036,0,0,0,0,0,0,0
1,bookshelf_tall_both_arms_medium,1,VAMP,1,1,0.0259034,108760,2143,23.8579,1192,1192,14,-0.00344538,0.0194775,0,0,0,0,0,0,0,0,0,0
1,bookshelf_tall_both_arms_medium,2,isSafe,1,1,0.099372,20589,650,20.0794,1003,1003,0,0.000559394,0.0792392,0,0,0,0,0,0,0,0,0,0
1,bookshelf_tall_both_arms_medium,2,cbfRRTC,1,1,0.0777417,3786,128,13.8049,978,978,0,0.00376335,0.0309383,0,0,0.0170672,0.0285261,0,0,0,0,0,0
1,bookshelf_tall_both_arms_medium,2,cbfNoCert,1,1,0.0810184,4021,128,13.805,1003,1003,0,0.00376335,0.0310143,0,0,0.0160702,0,0,0,0,0,0,0
1,bookshelf_tall_both_arms_medium,2,qpFreeGate,1,1,0.255225,33380,1416,24.3063,1918,1918,0,0.00651819,0.0630041,0,0,0.0200895,0,0,0,0,0,0,0
1,bookshelf_tall_both_arms_medium,2,VAMP,1,1,0.0081109,47888,1062,19.5648,978,978,73,-0.00374927,0.0792392,0,0,0,0,0,0,0,0,0,0
1,bookshelf_tall_both_arms_medium,3,isSafe,1,0,5.00723,1,1,0,0,0,0,inf,inf,0,0,0,0,0,0,0,0,0,0
1,bookshelf_tall_both_arms_medium,3,cbfRRTC,1,0,5.00599,0,1,0,0,0,0,inf,inf,0,0,0,0,0,0,0,0,0,0
1,bookshelf_tall_both_arms_medium,3,cbfNoCert,1,0,5.00437,0,1,0,0,0,0,inf,inf,0,0,0,0,0,0,0,0,0,0
1,bookshelf_tall_both_arms_medium,3,qpFreeGate,1,0,5.00851,0,1,0,0,0,0,inf,inf,0,0,0,0,0,0,0,0,0,0
1,bookshelf_tall_both_arms_medium,3,VAMP,1,0,5.00283,0,1,0,0,0,0,inf,inf,0,0,0,0,0,0,0,0,0,0
1,bookshelf_tall_both_arms_medium,4,isSafe,1,1,0.125596,26044,817,18.6288,931,931,1,-2.16222e-05,0.0217039,0,0,0,0,0,0,0,0,0,0
1,bookshelf_tall_both_arms_medium,4,cbfRRTC,1,1,2.84165,182689,5409,27.5026,2062,2062,0,0.00577726,0.0053058,0,0,0.0154241,0.032257,0,0,0,0,0,0
1,bookshelf_tall_both_arms_medium,4,cbfNoCert,1,1,3.01182,192863,5409,27.5012,2133,2133,0,0.00577726,0.0053058,0,0,0.0146096,0,0,0,0,0,0,0
1,bookshelf_tall_both_arms_medium,4,qpFreeGate,1,1,0.15129,23781,1061,18.9811,1562,1562,0,0.00645474,0.0287834,0,0,0.0203628,0,0,0,0,0,0,0
1,bookshelf_tall_both_arms_medium,4,VAMP,1,1,0.00906367,56160,1040,20.1294,1006,1006,18,-0.00292911,0.0220437,0,0,0,0,0,0,0,0,0,0
1,bookshelf_tall_both_arms_medium,5,isSafe,1,1,0.292253,59056,1866,13.5474,677,677,0,9.67263e-06,0.0291725,0,0,0,0,0,0,0,0,0,0
1,bookshelf_tall_both_arms_medium,5,cbfRRTC,1,1,0.160211,10800,342,20.1782,1514,1514,0,0.00204268,0.0849736,0,0,0.0159506,0.0178704,0,0,0,0,0,0
1,bookshelf_tall_both_arms_medium,5,cbfNoCert,1,1,0.170457,11500,340,20.1788,1531,1531,0,0.00204268,0.0849734,0,0,0.0149171,0,0,0,0,0,0,0
1,bookshelf_tall_both_arms_medium,5,qpFreeGate,1,1,0.841541,123107,5148,22.1702,1742,1742,0,0.00660968,0.14155,0,0,0.0202693,0,0,0,0,0,0,0
1,bookshelf_tall_both_arms_medium,5,VAMP,1,1,0.0215392,90776,2024,15.33,766,766,65,-0.00362129,0.00431789,0,0,0,0,0,0,0,0,0,0
1,bookshelf_tall_both_arms_medium,6,isSafe,1,1,0.0625897,13123,415,10.6463,532,532,0,0.000808946,0.134068,0,0,0,0,0,0,0,0,0,0
1,bookshelf_tall_both_arms_medium,6,cbfRRTC,1,1,0.302884,20465,634,18.0828,1333,1333,0,0.00524954,0.0431595,0,0,0.0162723,0.0260933,0,0,0,0,0,0
1,bookshelf_tall_both_arms_medium,6,cbfNoCert,1,1,0.323159,21836,634,18.0828,1341,1341,0,0.00524954,0.0431595,0,0,0.0152513,0,0,0,0,0,0,0
1,bookshelf_tall_both_arms_medium,6,qpFreeGate,1,1,0.0230085,2884,122,8.213,677,677,0,0.00786305,0.00969481,0,0,0.0200465,0,0,0,0,0,0,0
1,bookshelf_tall_both_arms_medium,6,VAMP,1,1,0.00311626,22984,464,18.1217,906,906,28,-0.00288837,0.134068,0,0,0,0,0,0,0,0,0,0
1,bookshelf_tall_both_arms_medium,7,isSafe,1,1,0.045148,9520,302,17.1511,857,857,0,0.00142012,0.0817702,0,0,0,0,0,0,0,0,0,0
1,bookshelf_tall_both_arms_medium,7,cbfRRTC,1,1,0.484717,29252,790,18.7249,1488,1488,0,0.000604174,0.00501655,0,0,0.0141211,0.0169903,0,0,0,0,0,0
1,bookshelf_tall_both_arms_medium,7,cbfNoCert,1,1,0.503737,30495,790,18.725,1498,1498,0,0.000604054,0.00501651,0,0,0.0135454,0,0,0,0,0,0,0
1,bookshelf_tall_both_arms_medium,7,qpFreeGate,1,1,0.0978112,15393,663,19.0189,1414,1414,0,0.00672779,0.064789,0,0,0.02039,0,0,0,0,0,0,0
1,bookshelf_tall_both_arms_medium,7,VAMP,1,1,0.00184648,15656,324,22.4385,1121,1121,9,-0.00334623,0.0376771,0,0,0,0,0,0,0,0,0,0
1,bookshelf_tall_both_arms_medium,8,isSafe,1,1,2.23011,396082,12574,37.8818,1894,1894,0,5.31291e-06,0.0101733,0,0,0,0,0,0,0,0,0,0
1,bookshelf_tall_both_arms_medium,8,cbfRRTC,1,1,0.57966,39361,1182,21.5444,1524,1524,0,0.0055476,0.0227739,0,0,0.0153811,0.0205279,0,0,0,0,0,0
1,bookshelf_tall_both_arms_medium,8,cbfNoCert,1,1,0.600847,40592,1182,21.5446,1529,1529,0,0.00554758,0.0226558,0,0,0.0149144,0,0,0,0,0,0,0
1,bookshelf_tall_both_arms_medium,8,qpFreeGate,1,1,2.66889,329012,13736,33.3468,2616,2616,0,0.0064096,0.00816673,0,0,0.0202483,0,0,0,0,0,0,0
1,bookshelf_tall_both_arms_medium,8,VAMP,1,1,1.60347,1241448,29658,28.4643,1423,1423,46,-0.00377419,0.0269508,0,0,0,0,0,0,0,0,0,0
1,bookshelf_tall_both_arms_medium,9,isSafe,1,1,0.065747,13692,433,18.7051,935,935,2,-0.000355452,0.129007,0,0,0,0,0,0,0,0,0,0
1,bookshelf_tall_both_arms_medium,9,cbfRRTC,1,1,0.278075,18666,587,16.7987,1249,1249,0,0.000100608,0.129765,0,0,0.0162612,0.0230365,0,0,0,0,0,0
1,bookshelf_tall_both_arms_medium,9,cbfNoCert,1,1,0.294723,19784,586,16.7984,1316,1316,0,0.000100608,0.129765,0,0,0.0153028,0,0,0,0,0,0,0
1,bookshelf_tall_both_arms_medium,9,qpFreeGate,1,1,0.0649437,9307,408,18.5463,1459,1459,0,0.00645698,0.0168514,0,0,0.0203591,0,0,0,0,0,0,0
1,bookshelf_tall_both_arms_medium,9,VAMP,1,1,0.00378267,26712,588,17.2845,864,864,37,-0.00272916,0.0393902,0,0,0,0,0,0,0,0,0,0
1,bookshelf_tall_both_arms_medium,10,isSafe,1,1,0.915378,174399,5437,29.6054,1480,1480,0,0.000367626,0.0120988,0,0,0,0,0,0,0,0,0,0
1,bookshelf_tall_both_arms_medium,10,cbfRRTC,1,1,0.555173,38901,1168,24.4677,1813,1813,0,0.0058009,0.0179261,0,0,0.0154633,0.0306933,0,0,0,0,0,0
1,bookshelf_tall_both_arms_medium,10,cbfNoCert,1,1,0.596844,41217,1168,24.4676,1834,1834,0,0.0058009,0.0179261,0,0,0.014594,0,0,0,0,0,0,0
1,bookshelf_tall_both_arms_medium,10,qpFreeGate,1,1,1.83326,237617,10089,33.8287,2679,2679,0,0.00634895,0.0573824,0,0,0.0199664,0,0,0,0,0,0,0
1,bookshelf_tall_both_arms_medium,10,VAMP,1,1,0.163443,371120,7404,27.1359,1356,1356,70,-0.00358756,0.000663509,0,0,0,0,0,0,0,0,0,0
1,bookshelf_tall_both_arms_medium,11,isSafe,1,0,5.00014,781970,24810,0,0,0,0,inf,inf,0,0,0,0,0,0,0,0,0,0
1,bookshelf_tall_both_arms_medium,11,cbfRRTC,1,1,1.72908,116109,3521,28.5052,2157,2157,9,-0.00670951,0.0121776,0,0,0.0155879,0.025278,0,0,0,0,0,0
1,bookshelf_tall_both_arms_medium,11,cbfNoCert,1,1,1.83054,122620,3521,28.5038,2163,2163,9,-0.0067171,0.0121697,0,0,0.0147596,0,0,0,0,0,0,0
1,bookshelf_tall_both_arms_medium,11,qpFreeGate,1,0,5.00009,552934,23025,0,0,0,0,inf,inf,0,0,0.0199964,0,0,0,0,0,0,0
1,bookshelf_tall_both_arms_medium,11,VAMP,1,0,5.00016,2146512,51734,0,0,0,0,inf,inf,0,0,0,0,0,0,0,0,0,0
1,bookshelf_tall_both_arms_medium,12,isSafe,1,1,0.166989,34310,1080,13.8705,693,693,0,0.000712032,0.0737265,0,0,0,0,0,0,0,0,0,0
1,bookshelf_tall_both_arms_medium,12,cbfRRTC,1,1,0.0499708,3024,101,12.0892,867,867,0,0.00437527,0.0933832,0,0,0.0158512,0.0122354,0,0,0,0,0,0
1,bookshelf_tall_both_arms_medium,12,cbfNoCert,1,1,0.0519836,3162,101,12.0891,910,910,0,0.00437551,0.0933832,0,0,0.0151594,0,0,0,0,0,0,0
1,bookshelf_tall_both_arms_medium,12,qpFreeGate,1,1,3.71339,415297,17283,23.213,1728,1728,0,0.00658889,0.0948112,0,0,0.0199877,0,0,0,0,0,0,0
1,bookshelf_tall_both_arms_medium,12,VAMP,1,1,0.0253018,106504,2269,24.5468,1227,1227,25,-0.00371644,0.00375866,0,0,0,0,0,0,0,0,0,0
1,bookshelf_tall_both_arms_medium,13,isSafe,1,1,0.392828,79670,2332,13.3663,668,668,0,0.00504512,0.021233,0,0,0,0,0,0,0,0,0,0
1,bookshelf_tall_both_arms_medium,13,cbfRRTC,1,1,0.0143659,938,42,10.4969,819,819,0,0.00579029,0.00676594,0,0,0.0213558,0.0586354,0,0,0,0,0,0
1,bookshelf_tall_both_arms_medium,13,cbfNoCert,1,1,0.0160234,1107,42,10.4962,892,892,0,0.00579029,0.00676679,0,0,0.0180954,0,0,0,0,0,0,0
1,bookshelf_tall_both_arms_medium,13,qpFreeGate,1,1,0.377428,56979,2394,11.7821,859,859,0,0.00693329,0.021233,0,0,0.0199662,0,0,0,0,0,0,0
1,bookshelf_tall_both_arms_medium,13,VAMP,1,1,0.0205231,107072,1910,9.14025,457,457,59,-0.00385821,0.021233,0,0,0,0,0,0,0,0,0,0
1,bookshelf_tall_both_arms_medium,14,isSafe,1,0,5.00034,772304,24287,0,0,0,0,inf,inf,0,0,0,0,0,0,0,0,0,0
1,bookshelf_tall_both_arms_medium,14,cbfRRTC,1,1,4.13496,265173,7243,34.7331,2662,2662,0,0.0048717,0.00541954,0,0,0.0143397,0.0213974,0,0,0,0,0,0
1,bookshelf_tall_both_arms_medium,14,cbfNoCert,1,1,4.38941,280996,7244,34.7329,2801,2801,0,0.0048717,0.00542254,0,0,0.0135335,0,0,0,0,0,0,0
1,bookshelf_tall_both_arms_medium,14,qpFreeGate,1,0,5.00003,547694,22984,0,0,0,0,inf,inf,0,0,0.0198081,0,0,0,0,0,0,0
1,bookshelf_tall_both_arms_medium,14,VAMP,1,0,5.00005,2295128,50962,0,0,0,0,inf,inf,0,0,0,0,0,0,0,0,0,0
1,bookshelf_tall_both_arms_medium,15,isSafe,1,1,0.57357,112617,3562,25.2484,1262,1262,0,0.000522959,0.0667023,0,0,0,0,0,0,0,0,0,0
1,bookshelf_tall_both_arms_medium,15,cbfRRTC,1,1,3.12592,205360,5784,25.2382,1803,1803,0,0.00582027,0.0684848,0,0,0.0146801,0.0187524,0,0,0,0,0,0
1,bookshelf_tall_both_arms_medium,15,cbfNoCert,1,1,3.28976,215420,5784,25.2379,1951,1951,0,0.00582027,0.0684848,0,0,0.013991,0,0,0,0,0,0,0
1,bookshelf_tall_both_arms_medium,15,qpFreeGate,1,1,4.65751,520081,21752,28.1027,2214,2214,0,0.00706675,0.0159263,0,0,0.0200705,0,0,0,0,0,0,0
1,bookshelf_tall_both_arms_medium,15,VAMP,1,1,0.284918,474000,11442,34.9413,1747,1747,37,-0.00369816,0.00132941,0,0,0,0,0,0,0,0,0,0
1,bookshelf_tall_both_arms_medium,16,isSafe,1,1,0.158783,32522,1023,22.8502,1142,1142,0,8.57606e-05,0.00525264,0,0,0,0,0,0,0,0,0,0
1,bookshelf_tall_both_arms_medium,16,cbfRRTC,1,1,1.65616,100883,2858,29.0976,2162,2162,0,0.0057781,0.00518266,0,0,0.0146446,0.0166629,0,0,0,0,0,0
1,bookshelf_tall_both_arms_medium,16,cbfNoCert,1,1,1.74757,106718,2859,29.0965,2184,2184,0,0.0057781,0.00518266,0,0,0.0138459,0,0,0,0,0,0,0
1,bookshelf_tall_both_arms_medium,16,qpFreeGate,1,1,1.32218,153907,6556,26.9952,2145,2145,0,0.00716712,0.00765137,0,0,0.0200415,0,0,0,0,0,0,0
1,bookshelf_tall_both_arms_medium,16,VAMP,1,1,0.0422869,148216,3214,24.3465,1217,1217,37,-0.00307928,0.0511143,0,0,0,0,0,0,0,0,0,0
1,bookshelf_tall_both_arms_medium,17,isSafe,1,0,5.00023,789154,24807,0,0,0,0,inf,inf,0,0,0,0,0,0,0,0,0,0
1,bookshelf_tall_both_arms_medium,17,cbfRRTC,1,1,0.0587569,3794,125,14.5924,1120,1120,0,0.00268267,0.0487532,0,0,0.0169665,0.0081708,0,0,0,0,0,0
1,bookshelf_tall_both_arms_medium,17,cbfNoCert,1,1,0.0615177,3952,127,14.5926,1154,1154,0,0.00268267,0.0487532,0,0,0.0165034,0,0,0,0,0,0,0
1,bookshelf_tall_both_arms_medium,17,qpFreeGate,1,0,5.0001,552199,23013,0,0,0,0,inf,inf,0,0,0.020159,0,0,0,0,0,0,0
1,bookshelf_tall_both_arms_medium,17,VAMP,1,0,5.00012,2381504,55227,0,0,0,0,inf,inf,0,0,0,0,0,0,0,0,0,0
1,bookshelf_tall_both_arms_medium,18,isSafe,1,1,0.28302,56881,1793,23.5501,1177,1177,0,0.000748801,0.0623968,0,0,0,0,0,0,0,0,0,0
1,bookshelf_tall_both_arms_medium,18,cbfRRTC,1,1,0.0419842,1958,64,11.2849,829,829,0,0.0057801,0.0717121,0,0,0.0151713,0.0321757,0,0,0,0,0,0
1,bookshelf_tall_both_arms_medium,18,cbfNoCert,1,1,0.0440489,2153,64,11.2847,853,853,0,0.00578009,0.0717121,0,0,0.0137976,0,0,0,0,0,0,0
1,bookshelf_tall_both_arms_medium,18,qpFreeGate,1,1,0.623355,79088,3303,29.9212,2131,2131,0,0.00714579,0.0316575,0,0,0.0202833,0,0,0,0,0,0,0
1,bookshelf_tall_both_arms_medium,18,VAMP,1,1,0.0225968,98736,2137,22.471,1123,1123,5,-0.00109755,0.0896309,0,0,0,0,0,0,0,0,0,0
1,bookshelf_tall_both_arms_medium,19,isSafe,1,1,4.67661,743706,23669,41.7626,2088,2088,0,8.61853e-05,0.00553275,0,0,0,0,0,0,0,0,0,0
1,bookshelf_tall_both_arms_medium,19,cbfRRTC,1,1,0.220041,14132,440,21.0573,1453,1453,0,0.00490436,0.00501945,0,0,0.0160976,0.0246957,0,0,0,0,0,0
1,bookshelf_tall_both_arms_medium,19,cbfNoCert,1,1,0.229021,14800,440,21.0574,1465,1465,0,0.00490436,0.00501945,0,0,0.0153706,0,0,0,0,0,0,0
1,bookshelf_tall_both_arms_medium,19,qpFreeGate,1,0,5.00034,556731,23191,0,0,0,0,inf,inf,0,0,0.0201502,0,0,0,0,0,0,0
1,bookshelf_tall_both_arms_medium,19,VAMP,1,0,5.00012,2150152,54662,0,0,0,0,inf,inf,0,0,0,0,0,0,0,0,0,0
1,bookshelf_tall_both_arms_medium,20,isSafe,1,1,0.0688799,14402,459,13.3193,665,665,0,0.0004781,0.0183083,0,0,0,0,0,0,0,0,0,0
1,bookshelf_tall_both_arms_medium,20,cbfRRTC,1,1,0.237447,16302,516,16.6984,1241,1241,0,0.00478478,0.0458591,0,0,0.0165682,0.0145994,0,0,0,0,0,0
1,bookshelf_tall_both_arms_medium,20,cbfNoCert,1,1,0.25035,17151,516,16.6984,1268,1268,0,0.00478472,0.0458591,0,0,0.0157479,0,0,0,0,0,0,0
1,bookshelf_tall_both_arms_medium,20,qpFreeGate,1,1,0.0879792,13288,571,16.264,1260,1260,0,0.00663133,0.0970673,0,0,0.0201755,0,0,0,0,0,0,0
1,bookshelf_tall_both_arms_medium,20,VAMP,1,1,0.00209664,15928,345,14.7954,739,739,23,-0.00369529,0.00250059,0,0,0,0,0,0,0,0,0,0
1,bookshelf_tall_both_arms_hard,1,isSafe,1,0,5.00024,770776,24350,0,0,0,0,inf,inf,0,0,0,0,0,0,0,0,0,0
1,bookshelf_tall_both_arms_hard,1,cbfRRTC,1,1,0.297228,14622,451,17.8978,1269,1269,0,0.0051214,0.0050079,0,0,0.0150734,0.0193544,0,0,0,0,0,0
1,bookshelf_tall_both_arms_hard,1,cbfNoCert,1,1,0.305842,15529,451,17.8978,1287,1287,0,0.0051214,0.0050079,0,0,0.014194,0,0,0,0,0,0,0
1,bookshelf_tall_both_arms_hard,1,qpFreeGate,1,0,5.00018,522607,21953,0,0,0,0,inf,inf,0,0,0.0199725,0,0,0,0,0,0,0
1,bookshelf_tall_both_arms_hard,1,VAMP,1,0,5.00004,2183968,51051,0,0,0,0,inf,inf,0,0,0,0,0,0,0,0,0,0
1,bookshelf_tall_both_arms_hard,2,isSafe,1,0,5.00705,1,1,0,0,0,0,inf,inf,0,0,0,0,0,0,0,0,0,0
1,bookshelf_tall_both_arms_hard,2,cbfRRTC,1,0,5.00469,0,1,0,0,0,0,inf,inf,0,0,0,0,0,0,0,0,0,0
1,bookshelf_tall_both_arms_hard,2,cbfNoCert,1,0,5.0089,0,1,0,0,0,0,inf,inf,0,0,0,0,0,0,0,0,0,0
1,bookshelf_tall_both_arms_hard,2,qpFreeGate,1,0,5.00078,0,1,0,0,0,0,inf,inf,0,0,0,0,0,0,0,0,0,0
1,bookshelf_tall_both_arms_hard,2,VAMP,1,0,5.01092,0,1,0,0,0,0,inf,inf,0,0,0,0,0,0,0,0,0,0
1,bookshelf_tall_both_arms_hard,6,isSafe,1,1,0.238621,48593,1537,20.1209,1006,1006,0,0.00248966,0.0722371,0,0,0,0,0,0,0,0,0,0
1,bookshelf_tall_both_arms_hard,6,cbfRRTC,1,1,0.0564905,3457,115,12.0005,949,949,0,0.00360436,0.0606176,0,0,0.0163528,0.0254556,0,0,0,0,0,0
1,bookshelf_tall_both_arms_hard,6,cbfNoCert,1,1,0.0586217,3716,115,11.9979,941,941,0,0.00360436,0.060625,0,0,0.0152093,0,0,0,0,0,0,0
1,bookshelf_tall_both_arms_hard,6,qpFreeGate,1,1,1.2335,169325,7223,25.9358,2009,2009,0,0.0064647,0.0423023,0,0,0.0202327,0,0,0,0,0,0,0
1,bookshelf_tall_both_arms_hard,6,VAMP,1,1,0.0175504,78344,1710,24.1199,1205,1205,55,-0.00371661,0.0312743,0,0,0,0,0,0,0,0,0,0
1,bookshelf_tall_both_arms_hard,7,isSafe,0,0,0,0,0,0,0,0,0,inf,inf,0,0,0,0,0,0,0,0,0,0
1,bookshelf_tall_both_arms_hard,7,cbfRRTC,0,0,0,0,0,0,0,0,0,inf,inf,0,0,0,0,0,0,0,0,0,0
1,bookshelf_tall_both_arms_hard,7,cbfNoCert,0,0,0,0,0,0,0,0,0,inf,inf,0,0,0,0,0,0,0,0,0,0
1,bookshelf_tall_both_arms_hard,7,qpFreeGate,0,0,0,0,0,0,0,0,0,inf,inf,0,0,0,0,0,0,0,0,0,0
1,bookshelf_tall_both_arms_hard,7,VAMP,0,0,0,0,0,0,0,0,0,inf,inf,0,0,0,0,0,0,0,0,0,0
1,bookshelf_tall_both_arms_hard,8,isSafe,1,1,0.108278,22460,708,11.2227,561,561,0,0.000474543,0.0363836,0,0,0,0,0,0,0,0,0,0
1,bookshelf_tall_both_arms_hard,8,cbfRRTC,1,1,0.0635182,3541,114,13.0602,850,850,1,-0.00223548,0.0584286,0,0,0.0163612,0.0228749,0,0,0,0,0,0
1,bookshelf_tall_both_arms_hard,8,cbfNoCert,1,1,0.0650146,3664,114,13.0658,936,936,5,-0.00631175,0.0584286,0,0,0.0158137,0,0,0,0,0,0,0
1,bookshelf_tall_both_arms_hard,8,qpFreeGate,1,1,0.121385,16054,703,18.9527,1514,1514,0,0.00670883,0.0319239,0,0,0.019992,0,0,0,0,0,0,0
1,bookshelf_tall_both_arms_hard,8,VAMP,1,1,0.00529493,33816,723,11.033,551,551,83,-0.00337222,0.00754382,0,0,0,0,0,0,0,0,0,0
1,bookshelf_tall_both_arms_hard,9,isSafe,1,1,0.605448,118470,3739,24.1583,1207,1207,0,0.000157209,0.0511718,0,0,0,0,0,0,0,0,0,0
1,bookshelf_tall_both_arms_hard,9,cbfRRTC,1,1,0.201748,13529,417,13.6068,1011,1011,0,0.00263544,0.0658749,0,0,0.0155822,0.0240964,0,0,0,0,0,0
1,bookshelf_tall_both_arms_hard,9,cbfNoCert,1,1,0.211977,14292,417,13.6068,1045,1045,0,0.00263555,0.0658749,0,0,0.0147487,0,0,0,0,0,0,0
1,bookshelf_tall_both_arms_hard,9,qpFreeGate,1,1,0.182644,28239,1192,17.5325,1238,1238,0,0.0063669,0.0488375,0,0,0.020034,0,0,0,0,0,0,0
1,bookshelf_tall_both_arms_hard,9,VAMP,1,1,0.173762,343232,8046,19.0384,951,951,77,-0.00362884,0.0318048,0,0,0,0,0,0,0,0,0,0
1,bookshelf_tall_both_arms_hard,13,isSafe,1,1,0.352719,70241,2221,24.24,1211,1211,1,-2.26695e-05,0.0124468,0,0,0,0,0,0,0,0,0,0
1,bookshelf_tall_both_arms_hard,13,cbfRRTC,1,1,1.60857,93609,2791,25.7876,1783,1783,0,0.0050528,0.0111471,0,0,0.0156597,0.0247519,0,0,0,0,0,0
1,bookshelf_tall_both_arms_hard,13,cbfNoCert,1,1,1.68938,98902,2792,25.7876,1899,1899,0,0.00505288,0.0111599,0,0,0.0148239,0,0,0,0,0,0,0
1,bookshelf_tall_both_arms_hard,13,qpFreeGate,1,1,0.161234,20510,863,17.9544,1233,1233,0,0.00636393,0.079205,0,0,0.0199101,0,0,0,0,0,0,0
1,bookshelf_tall_both_arms_hard,13,VAMP,1,1,0.0135982,64856,1513,24.4399,1221,1221,12,-0.00377027,0.00248735,0,0,0,0,0,0,0,0,0,0
1,bookshelf_tall_both_arms_hard,14,isSafe,1,1,0.0714575,14987,471,18.2568,912,912,0,0.00222553,0.062225,0,0,0,0,0,0,0,0,0,0
1,bookshelf_tall_both_arms_hard,14,cbfRRTC,1,1,0.350187,18956,522,16.2812,1149,1149,2,-0.000967707,0.0301035,0,0,0.0135931,0.0256383,0,0,0,0,0,0
1,bookshelf_tall_both_arms_hard,14,cbfNoCert,1,1,0.364066,19841,524,16.2839,1237,1237,3,-0.00152587,0.0301035,0,0,0.0130204,0,0,0,0,0,0,0
1,bookshelf_tall_both_arms_hard,14,qpFreeGate,1,1,0.407206,52032,2190,22.5656,1679,1679,0,0.0076853,0.0151172,0,0,0.0199445,0,0,0,0,0,0,0
1,bookshelf_tall_both_arms_hard,14,VAMP,1,1,0.00405989,26568,571,14.609,730,730,16,-0.00390698,0.0566581,0,0,0,0,0,0,0,0,0,0
1,bookshelf_tall_both_arms_hard,15,isSafe,1,1,0.2082,42661,1340,17.071,853,853,1,-1.16731e-05,0.0550633,0,0,0,0,0,0,0,0,0,0
1,bookshelf_tall_both_arms_hard,15,cbfRRTC,1,1,0.603505,42208,1230,14.3908,1111,1111,0,0.0057395,0.0550633,0,0,0.0149428,0.0125569,0,0,0,0,0,0
1,bookshelf_tall_both_arms_hard,15,cbfNoCert,1,1,0.621392,43279,1230,14.3909,1109,1109,0,0.0057395,0.0550633,0,0,0.0145731,0,0,0,0,0,0,0
1,bookshelf_tall_both_arms_hard,15,qpFreeGate,1,1,0.183639,29149,1191,12.6478,987,987,0,0.00694548,0.0545134,0,0,0.0199318,0,0,0,0,0,0,0
1,bookshelf_tall_both_arms_hard,15,VAMP,1,1,0.0204815,94392,1935,19.2315,961,961,12,-0.00282253,0.0501051,0,0,0,0,0,0,0,0,0,0
1,bookshelf_tall_both_arms_hard,17,isSafe,1,1,0.151185,30982,981,26.0414,1302,1302,0,0.000227871,0.0744333,0,0,0,0,0,0,0,0,0,0
1,bookshelf_tall_both_arms_hard,17,cbfRRTC,1,1,0.255231,16494,487,16.7687,1296,1296,0,0.0045653,0.109281,0,0,0.0150534,0.0238268,0,0,0,0,0,0
1,bookshelf_tall_both_arms_hard,17,cbfNoCert,1,1,0.266088,17079,487,16.7693,1317,1317,0,0.0045653,0.109281,0,0,0.0145372,0,0,0,0,0,0,0
1,bookshelf_tall_both_arms_hard,17,qpFreeGate,1,1,0.163164,24563,1041,27.2393,2040,2040,0,0.00638855,0.0873742,0,0,0.0200887,0,0,0,0,0,0,0
1,bookshelf_tall_both_arms_hard,17,VAMP,1,1,0.00631387,38608,881,16.0204,801,801,63,-0.00328673,0.012686,0,0,0,0,0,0,0,0,0,0
1,bookshelf_tall_both_arms_hard,18,isSafe,1,1,1.15893,216634,6874,37.7752,1888,1888,0,0.000169239,0.0755527,0,0,0,0,0,0,0,0,0,0
1,bookshelf_tall_both_arms_hard,18,cbfRRTC,1,1,0.202195,12341,389,18.2164,1420,1420,0,0.00574863,0.0143686,0,0,0.0161357,0.0174216,0,0,0,0,0,0
1,bookshelf_tall_both_arms_hard,18,cbfNoCert,1,1,0.209603,12887,389,18.2164,1453,1453,0,0.00574863,0.0143686,0,0,0.0154508,0,0,0,0,0,0,0
1,bookshelf_tall_both_arms_hard,18,qpFreeGate,1,1,0.789126,112608,4736,30.1987,2281,2281,0,0.00623823,0.122684,0,0,0.0202983,0,0,0,0,0,0,0
1,bookshelf_tall_both_arms_hard,18,VAMP,1,1,0.0388546,148232,3171,33.8339,1691,1691,23,-0.00361299,0.0832748,0,0,0,0,0,0,0,0,0,0
1,bookshelf_tall_both_arms_hard,20,isSafe,0,0,0,0,0,0,0,0,0,inf,inf,0,0,0,0,0,0,0,0,0,0
1,bookshelf_tall_both_arms_hard,20,cbfRRTC,0,0,0,0,0,0,0,0,0,inf,inf,0,0,0,0,0,0,0,0,0,0
1,bookshelf_tall_both_arms_hard,20,cbfNoCert,0,0,0,0,0,0,0,0,0,inf,inf,0,0,0,0,0,0,0,0,0,0
1,bookshelf_tall_both_arms_hard,20,qpFreeGate,0,0,0,0,0,0,0,0,0,inf,inf,0,0,0,0,0,0,0,0,0,0
1,bookshelf_tall_both_arms_hard,20,VAMP,0,0,0,0,0,0,0,0,0,inf,inf,0,0,0,0,0,0,0,0,0,0
1,bookshelf_tall_both_arms_hard,21,isSafe,0,0,0,0,0,0,0,0,0,inf,inf,0,0,0,0,0,0,0,0,0,0
1,bookshelf_tall_both_arms_hard,21,cbfRRTC,0,0,0,0,0,0,0,0,0,inf,inf,0,0,0,0,0,0,0,0,0,0
1,bookshelf_tall_both_arms_hard,21,cbfNoCert,0,0,0,0,0,0,0,0,0,inf,inf,0,0,0,0,0,0,0,0,0,0
1,bookshelf_tall_both_arms_hard,21,qpFreeGate,0,0,0,0,0,0,0,0,0,inf,inf,0,0,0,0,0,0,0,0,0,0
1,bookshelf_tall_both_arms_hard,21,VAMP,0,0,0,0,0,0,0,0,0,inf,inf,0,0,0,0,0,0,0,0,0,0
1,bookshelf_tall_both_arms_hard,22,isSafe,1,1,0.20457,41763,1313,24.2737,1213,1213,0,0.000769466,0.0200525,0,0,0,0,0,0,0,0,0,0
1,bookshelf_tall_both_arms_hard,22,cbfRRTC,1,1,0.440985,27271,846,18.8409,1350,1350,7,-0.00897892,0.0825208,0,0,0.0159253,0.0192879,0,0,0,0,0,0
1,bookshelf_tall_both_arms_hard,22,cbfNoCert,1,1,0.459467,28572,848,18.841,1421,1421,7,-0.00897897,0.0825208,0,0,0.0152096,0,0,0,0,0,0,0
1,bookshelf_tall_both_arms_hard,22,qpFreeGate,1,1,0.573899,74408,3128,31.4611,2358,2358,0,0.00706846,0.0661853,0,0,0.0202487,0,0,0,0,0,0,0
1,bookshelf_tall_both_arms_hard,22,VAMP,1,1,0.0394241,137528,3192,26.116,1305,1305,5,-0.00367432,0.0494059,0,0,0,0,0,0,0,0,0,0
1,bookshelf_tall_both_arms_hard,23,isSafe,1,0,5.0001,788111,25006,0,0,0,0,inf,inf,0,0,0,0,0,0,0,0,0,0
1,bookshelf_tall_both_arms_hard,23,cbfRRTC,1,1,0.141228,9850,315,19.3395,1517,1517,0,0.00580919,0.0904834,0,0,0.0162539,0.0427411,0,0,0,0,0,0
1,bookshelf_tall_both_arms_hard,23,cbfNoCert,1,1,0.151533,10612,315,19.3403,1567,1567,0,0.00581017,0.0904834,0,0,0.0150834,0,0,0,0,0,0,0
1,bookshelf_tall_both_arms_hard,23,qpFreeGate,1,0,5.00029,548255,22841,0,0,0,0,inf,inf,0,0,0.0201683,0,0,0,0,0,0,0
1,bookshelf_tall_both_arms_hard,23,VAMP,1,1,3.47814,2006560,44956,19.8541,992,992,163,-0.00378196,0.0868099,0,0,0,0,0,0,0,0,0,0
1,bookshelf_tall_both_arms_hard,24,isSafe,1,1,0.0636218,13354,422,17.0779,853,853,0,3.64031e-05,0.0112143,0,0,0,0,0,0,0,0,0,0
1,bookshelf_tall_both_arms_hard,24,cbfRRTC,1,1,0.00493019,304,18,6.52349,499,499,0,0.00578949,0.0365815,0,0,0.0239936,0.125,0,0,0,0,0,0
1,bookshelf_tall_both_arms_hard,24,cbfNoCert,1,1,0.00553954,371,18,6.52349,501,501,0,0.00578949,0.0365815,0,0,0.0196605,0,0,0,0,0,0,0
1,bookshelf_tall_both_arms_hard,24,qpFreeGate,1,1,0.0198493,2802,126,11.3105,806,806,0,0.00757309,0.0107027,0,0,0.0199236,0,0,0,0,0,0,0
1,bookshelf_tall_both_arms_hard,24,VAMP,1,1,0.000621606,5872,113,14.5648,728,728,4,-0.00101172,0.0126178,0,0,0,0,0,0,0,0,0,0
1,bookshelf_tall_both_arms_hard,26,isSafe,1,1,1.49027,272206,8596,28.5703,1428,1428,1,-4.69486e-06,0.016132,0,0,0,0,0,0,0,0,0,0
1,bookshelf_tall_both_arms_hard,26,cbfRRTC,1,1,0.127152,6197,179,15.2934,1085,1085,0,0.00491929,0.0303727,0,0,0.0142566,0.0225916,0,0,0,0,0,0
1,bookshelf_tall_both_arms_hard,26,cbfNoCert,1,1,0.13116,6462,179,15.2936,1091,1091,0,0.0049192,0.0303727,0,0,0.0136723,0,0,0,0,0,0,0
1,bookshelf_tall_both_arms_hard,26,qpFreeGate,1,1,0.965076,110448,4620,27.0666,2207,2207,0,0.00626886,0.013275,0,0,0.0200508,0,0,0,0,0,0,0
1,bookshelf_tall_both_arms_hard,26,VAMP,1,1,0.0516711,164240,3604,24.2902,1214,1214,45,-0.0039352,0.0303727,0,0,0,0,0,0,0,0,0,0
1,bookshelf_tall_both_arms_hard,29,isSafe,1,1,3.44328,577149,18264,31.5727,1578,1578,0,0.000418835,0.00799693,0,0,0,0,0,0,0,0,0,0
1,bookshelf_tall_both_arms_hard,29,cbfRRTC,1,1,0.507582,31048,947,17.4254,1273,1273,3,-0.00271839,0.0979954,0,0,0.0155379,0.0139784,0,0,0,0,0,0
1,bookshelf_tall_both_arms_hard,29,cbfNoCert,1,1,0.535297,32609,947,17.4255,1300,1300,3,-0.00271819,0.0979883,0,0,0.014795,0,0,0,0,0,0,0
1,bookshelf_tall_both_arms_hard,29,qpFreeGate,1,1,2.13368,269283,11319,30.0377,2312,2312,0,0.00624193,0.0802488,0,0,0.0201415,0,0,0,0,0,0,0
1,bookshelf_tall_both_arms_hard,29,VAMP,1,1,0.0662152,195240,4337,21.9051,1095,1095,35,-0.00370511,0.00435409,0,0,0,0,0,0,0,0,0,0
1,bookshelf_tall_both_arms_hard,30,isSafe,1,1,1.51228,278822,8791,24.7945,1239,1239,0,0.000871507,0.00594276,0,0,0,0,0,0,0,0,0,0
1,bookshelf_tall_both_arms_hard,30,cbfRRTC,1,1,0.583511,33165,996,24.4152,1824,1824,0,0.00532023,0.00501837,0,0,0.0154337,0.0229459,0,0,0,0,0,0
1,bookshelf_tall_both_arms_hard,30,cbfNoCert,1,1,0.613734,35005,996,24.4152,1850,1850,0,0.00531836,0.00501837,0,0,0.0146225,0,0,0,0,0,0,0
1,bookshelf_tall_both_arms_hard,30,qpFreeGate,1,0,5.00019,533045,22279,0,0,0,0,inf,inf,0,0,0.0201372,0,0,0,0,0,0,0
1,bookshelf_tall_both_arms_hard,30,VAMP,1,1,2.25742,1520376,36549,14.668,733,733,55,-0.0035432,0.000806962,0,0,0,0,0,0,0,0,0,0
1,bookshelf_tall_both_arms_hard,31,isSafe,1,1,0.249588,51083,1609,17.5069,875,875,0,0.000513285,0.0177144,0,0,0,0,0,0,0,0,0,0
1,bookshelf_tall_both_arms_hard,31,cbfRRTC,1,1,0.107291,7268,238,15.6624,1059,1059,3,-0.00243035,0.0708321,0,0,0.0165124,0.021464,0,0,0,0,0,0
1,bookshelf_tall_both_arms_hard,31,cbfNoCert,1,1,0.116236,7865,238,15.6623,1071,1071,3,-0.00243049,0.0708322,0,0,0.0152587,0,0,0,0,0,0,0
1,bookshelf_tall_both_arms_hard,31,qpFreeGate,1,1,2.11617,267338,11141,37.0037,2748,2748,0,0.00656066,0.0109867,0,0,0.0201318,0,0,0,0,0,0,0
1,bookshelf_tall_both_arms_hard,31,VAMP,1,1,1.43352,1164104,27425,28.0151,1400,1400,49,-0.0026557,0.0549859,0,0,0,0,0,0,0,0,0,0
