seed,scene,problem,method,eligible,solved,seconds,samples,vertices,path_length,waypoints,audited_states,unsafe_states,min_clearance,min_self_overlap,self_colliding,misses,rad_per_call,coarse_fraction,primary_samples,productive_samples,vertices_per_sample,picard_attempts,picard_accepted,picard_fallbacks,hop_floored,hop_at_region,hop_edge_limited
2,bookshelf_tall,1,isSafe,0,0,0,0,0,0,0,0,0,inf,inf,0,0,0,0,0,0,0,0,0,0,0,0,0
2,bookshelf_tall,1,qpFixed,0,0,0,0,0,0,0,0,0,inf,inf,0,0,0,0,0,0,0,0,0,0,0,0,0
2,bookshelf_tall,1,qpAdaptive,0,0,0,0,0,0,0,0,0,inf,inf,0,0,0,0,0,0,0,0,0,0,0,0,0
2,bookshelf_tall,1,qpFreeGate,0,0,0,0,0,0,0,0,0,inf,inf,0,0,0,0,0,0,0,0,0,0,0,0,0
2,bookshelf_tall,1,qpEnvelope,0,0,0,0,0,0,0,0,0,inf,inf,0,0,0,0,0,0,0,0,0,0,0,0,0
2,bookshelf_tall,2,isSafe,1,1,0.131143,152641,79,12.1262,14,608,2,-0.000549665,0.00249477,0,0,0,0,278,74,0.284173,0,0,0,0,0,0
2,bookshelf_tall,2,qpFixed,1,1,0.0558882,32014,258,15.6672,2084,2084,6,-0.000805501,0.00249477,0,0,0.00580941,0,549,220,0.469945,0,0,0,1,0,0
2,bookshelf_tall,2,qpAdaptive,1,1,0.0205736,9175,96,13.3302,1027,1027,0,0.00125634,0.00249477,0,0,0.00992993,0.0874114,163,74,0.588957,0,0,0,0.911826,0.0840327,0.00414169
2,bookshelf_tall,2,qpFreeGate,1,1,0.00565444,5230,95,13.5524,1754,1754,0,0.00531366,0.00249477,0,0,0.00716271,0,216,73,0.439815,0,0,0,1,0,0
2,bookshelf_tall,2,qpEnvelope,1,1,0.0209498,8878,102,14.2093,1178,1178,0,0.0011844,0.00249477,0,0,0.010844,0.0283848,163,74,0.625767,0,0,0,0.971615,0.023654,0.0047308
2,bookshelf_tall,8,isSafe,0,0,0,0,0,0,0,0,0,inf,inf,0,0,0,0,0,0,0,0,0,0,0,0,0
2,bookshelf_tall,8,qpFixed,0,0,0,0,0,0,0,0,0,inf,inf,0,0,0,0,0,0,0,0,0,0,0,0,0
2,bookshelf_tall,8,qpAdaptive,0,0,0,0,0,0,0,0,0,inf,inf,0,0,0,0,0,0,0,0,0,0,0,0,0
2,bookshelf_tall,8,qpFreeGate,0,0,0,0,0,0,0,0,0,inf,inf,0,0,0,0,0,0,0,0,0,0,0,0,0
2,bookshelf_tall,8,qpEnvelope,0,0,0,0,0,0,0,0,0,inf,inf,0,0,0,0,0,0,0,0,0,0,0,0,0
2,bookshelf_tall,9,isSafe,0,0,0,0,0,0,0,0,0,inf,inf,0,0,0,0,0,0,0,0,0,0,0,0,0
2,bookshelf_tall,9,qpFixed,0,0,0,0,0,0,0,0,0,inf,inf,0,0,0,0,0,0,0,0,0,0,0,0,0
2,bookshelf_tall,9,qpAdaptive,0,0,0,0,0,0,0,0,0,inf,inf,0,0,0,0,0,0,0,0,0,0,0,0,0
2,bookshelf_tall,9,qpFreeGate,0,0,0,0,0,0,0,0,0,inf,inf,0,0,0,0,0,0,0,0,0,0,0,0,0
2,bookshelf_tall,9,qpEnvelope,0,0,0,0,0,0,0,0,0,inf,inf,0,0,0,0,0,0,0,0,0,0,0,0,0
2,bookshelf_tall,10,isSafe,0,0,0,0,0,0,0,0,0,inf,inf,0,0,0,0,0,0,0,0,0,0,0,0,0
2,bookshelf_tall,10,qpFixed,0,0,0,0,0,0,0,0,0,inf,inf,0,0,0,0,0,0,0,0,0,0,0,0,0
2,bookshelf_tall,10,qpAdaptive,0,0,0,0,0,0,0,0,0,inf,inf,0,0,0,0,0,0,0,0,0,0,0,0,0
2,bookshelf_tall,10,qpFreeGate,0,0,0,0,0,0,0,0,0,inf,inf,0,0,0,0,0,0,0,0,0,0,0,0,0
2,bookshelf_tall,10,qpEnvelope,0,0,0,0,0,0,0,0,0,inf,inf,0,0,0,0,0,0,0,0,0,0,0,0,0
2,bookshelf_tall,11,isSafe,0,0,0,0,0,0,0,0,0,inf,inf,0,0,0,0,0,0,0,0,0,0,0,0,0
2,bookshelf_tall,11,qpFixed,0,0,0,0,0,0,0,0,0,inf,inf,0,0,0,0,0,0,0,0,0,0,0,0,0
2,bookshelf_tall,11,qpAdaptive,0,0,0,0,0,0,0,0,0,inf,inf,0,0,0,0,0,0,0,0,0,0,0,0,0
2,bookshelf_tall,11,qpFreeGate,0,0,0,0,0,0,0,0,0,inf,inf,0,0,0,0,0,0,0,0,0,0,0,0,0
2,bookshelf_tall,11,qpEnvelope,0,0,0,0,0,0,0,0,0,inf,inf,0,0,0,0,0,0,0,0,0,0,0,0,0
2,bookshelf_tall,15,isSafe,0,0,0,0,0,0,0,0,0,inf,inf,0,0,0,0,0,0,0,0,0,0,0,0,0
2,bookshelf_tall,15,qpFixed,0,0,0,0,0,0,0,0,0,inf,inf,0,0,0,0,0,0,0,0,0,0,0,0,0
2,bookshelf_tall,15,qpAdaptive,0,0,0,0,0,0,0,0,0,inf,inf,0,0,0,0,0,0,0,0,0,0,0,0,0
2,bookshelf_tall,15,qpFreeGate,0,0,0,0,0,0,0,0,0,inf,inf,0,0,0,0,0,0,0,0,0,0,0,0,0
2,bookshelf_tall,15,qpEnvelope,0,0,0,0,0,0,0,0,0,inf,inf,0,0,0,0,0,0,0,0,0,0,0,0,0
2,bookshelf_tall,17,isSafe,0,0,0,0,0,0,0,0,0,inf,inf,0,0,0,0,0,0,0,0,0,0,0,0,0
2,bookshelf_tall,17,qpFixed,0,0,0,0,0,0,0,0,0,inf,inf,0,0,0,0,0,0,0,0,0,0,0,0,0
2,bookshelf_tall,17,qpAdaptive,0,0,0,0,0,0,0,0,0,inf,inf,0,0,0,0,0,0,0,0,0,0,0,0,0
2,bookshelf_tall,17,qpFreeGate,0,0,0,0,0,0,0,0,0,inf,inf,0,0,0,0,0,0,0,0,0,0,0,0,0
2,bookshelf_tall,17,qpEnvelope,0,0,0,0,0,0,0,0,0,inf,inf,0,0,0,0,0,0,0,0,0,0,0,0,0
2,bookshelf_tall,19,isSafe,1,1,0.0607601,70721,38,13.2253,15,663,0,0.0031204,0.00249477,0,0,0,0,135,31,0.281481,0,0,0,0,0,0
2,bookshelf_tall,19,qpFixed,1,1,0.0197786,11507,111,8.225,1100,1100,0,0.000781074,0.00249477,0,0,0.00591152,0,181,91,0.61326,0,0,0,1,0,0
2,bookshelf_tall,19,qpAdaptive,1,1,0.018332,8648,102,13.9891,1183,1183,0,0.000657251,0.00249477,0,0,0.00892157,0.077012,134,68,0.761194,0,0,0,0.922525,0.074815,0.00265957
2,bookshelf_tall,19,qpFreeGate,1,1,0.0070252,6164,111,12.0403,1602,1602,0,0.00338547,0.00249477,0,0,0.00704833,0,342,96,0.324561,0,0,0,1,0,0
2,bookshelf_tall,19,qpEnvelope,1,1,0.0127098,5508,59,8.4807,848,848,0,0.000657251,0.00249477,0,0,0.00803594,0.0279593,90,42,0.655556,0,0,0,0.971859,0.0266885,0.00145243
2,bookshelf_tall,22,isSafe,0,0,0,0,0,0,0,0,0,inf,inf,0,0,0,0,0,0,0,0,0,0,0,0,0
2,bookshelf_tall,22,qpFixed,0,0,0,0,0,0,0,0,0,inf,inf,0,0,0,0,0,0,0,0,0,0,0,0,0
2,bookshelf_tall,22,qpAdaptive,0,0,0,0,0,0,0,0,0,inf,inf,0,0,0,0,0,0,0,0,0,0,0,0,0
2,bookshelf_tall,22,qpFreeGate,0,0,0,0,0,0,0,0,0,inf,inf,0,0,0,0,0,0,0,0,0,0,0,0,0
2,bookshelf_tall,22,qpEnvelope,0,0,0,0,0,0,0,0,0,inf,inf,0,0,0,0,0,0,0,0,0,0,0,0,0
2,bookshelf_tall,23,isSafe,1,1,0.0352679,41038,23,9.46162,11,475,0,0.000323274,0.00249477,0,0,0,0,51,17,0.45098,0,0,0,0,0,0
2,bookshelf_tall,23,qpFixed,1,1,0.0162313,9471,89,9.11246,1189,1189,35,-0.000477322,0.00249477,0,0,0.00593811,0,154,70,0.577922,0,0,0,1,0,0
2,bookshelf_tall,23,qpAdaptive,1,1,0.00713464,3446,49,12.4734,1203,1203,0,0.000309456,0.00249477,0,0,0.0105573,0.103018,53,32,0.924528,0,0,0,0.895821,0.0989553,0.00522345
2,bookshelf_tall,23,qpFreeGate,1,1,0.00809062,6997,112,14.0793,1844,1844,0,0.00424879,0.00249477,0,0,0.00716467,0,337,100,0.332344,0,0,0,1,0,0
2,bookshelf_tall,23,qpEnvelope,1,1,0.00684784,2962,40,11.5681,944,944,0,0.000160773,0.00249477,0,0,0.0128478,0.0638082,51,29,0.784314,0,0,0,0.936192,0.0573937,0.00641458
2,bookshelf_tall,28,isSafe,0,0,0,0,0,0,0,0,0,inf,inf,0,0,0,0,0,0,0,0,0,0,0,0,0
2,bookshelf_tall,28,qpFixed,0,0,0,0,0,0,0,0,0,inf,inf,0,0,0,0,0,0,0,0,0,0,0,0,0
2,bookshelf_tall,28,qpAdaptive,0,0,0,0,0,0,0,0,0,inf,inf,0,0,0,0,0,0,0,0,0,0,0,0,0
2,bookshelf_tall,28,qpFreeGate,0,0,0,0,0,0,0,0,0,inf,inf,0,0,0,0,0,0,0,0,0,0,0,0,0
2,bookshelf_tall,28,qpEnvelope,0,0,0,0,0,0,0,0,0,inf,inf,0,0,0,0,0,0,0,0,0,0,0,0,0
2,bookshelf_tall,29,isSafe,0,0,0,0,0,0,0,0,0,inf,inf,0,0,0,0,0,0,0,0,0,0,0,0,0
2,bookshelf_tall,29,qpFixed,0,0,0,0,0,0,0,0,0,inf,inf,0,0,0,0,0,0,0,0,0,0,0,0,0
2,bookshelf_tall,29,qpAdaptive,0,0,0,0,0,0,0,0,0,inf,inf,0,0,0,0,0,0,0,0,0,0,0,0,0
2,bookshelf_tall,29,qpFreeGate,0,0,0,0,0,0,0,0,0,inf,inf,0,0,0,0,0,0,0,0,0,0,0,0,0
2,bookshelf_tall,29,qpEnvelope,0,0,0,0,0,0,0,0,0,inf,inf,0,0,0,0,0,0,0,0,0,0,0,0,0
2,bookshelf_tall,33,isSafe,0,0,0,0,0,0,0,0,0,inf,inf,0,0,0,0,0,0,0,0,0,0,0,0,0
2,bookshelf_tall,33,qpFixed,0,0,0,0,0,0,0,0,0,inf,inf,0,0,0,0,0,0,0,0,0,0,0,0,0
2,bookshelf_tall,33,qpAdaptive,0,0,0,0,0,0,0,0,0,inf,inf,0,0,0,0,0,0,0,0,0,0,0,0,0
2,bookshelf_tall,33,qpFreeGate,0,0,0,0,0,0,0,0,0,inf,inf,0,0,0,0,0,0,0,0,0,0,0,0,0
2,bookshelf_tall,33,qpEnvelope,0,0,0,0,0,0,0,0,0,inf,inf,0,0,0,0,0,0,0,0,0,0,0,0,0
2,bookshelf_tall,36,isSafe,0,0,0,0,0,0,0,0,0,inf,inf,0,0,0,0,0,0,0,0,0,0,0,0,0
2,bookshelf_tall,36,qpFixed,0,0,0,0,0,0,0,0,0,inf,inf,0,0,0,0,0,0,0,0,0,0,0,0,0
2,bookshelf_tall,36,qpAdaptive,0,0,0,0,0,0,0,0,0,inf,inf,0,0,0,0,0,0,0,0,0,0,0,0,0
2,bookshelf_tall,36,qpFreeGate,0,0,0,0,0,0,0,0,0,inf,inf,0,0,0,0,0,0,0,0,0,0,0,0,0
2,bookshelf_tall,36,qpEnvelope,0,0,0,0,0,0,0,0,0,inf,inf,0,0,0,0,0,0,0,0,0,0,0,0,0
2,bookshelf_tall,40,isSafe,1,1,0.393082,456964,230,15.8345,17,793,0,0.00165322,0.00249477,0,0,0,0,1333,222,0.172543,0,0,0,0,0,0
2,bookshelf_tall,40,qpFixed,1,1,0.0466611,25930,191,8.34122,1096,1096,3,-5.12966e-05,0.00249477,0,0,0.00537596,0,465,166,0.410753,0,0,0,1,0,0
2,bookshelf_tall,40,qpAdaptive,1,1,0.0810179,36105,267,10.0065,970,970,0,0.000129841,0.00249477,0,0,0.00835256,0.0640078,716,239,0.372905,0,0,0,0.935826,0.0614596,0.00271431
2,bookshelf_tall,40,qpFreeGate,1,1,0.0370503,32736,481,11.7334,1580,1580,0,0.00421794,0.00249477,0,0,0.0068985,0,2057,463,0.233836,0,0,0,1,0,0
2,bookshelf_tall,40,qpEnvelope,1,1,0.0218336,9317,103,8.38434,717,717,0,0.000232469,0.00249477,0,0,0.0105074,0.038961,170,83,0.605882,0,0,0,0.96061,0.0349898,0.00440056
2,bookshelf_tall,41,isSafe,1,1,0.0423612,49250,27,13.5556,15,679,7,-0.00479801,0.00249477,0,0,0,0,36,18,0.75,0,0,0,0,0,0
2,bookshelf_tall,41,qpFixed,1,1,0.0350213,20512,173,14.2075,1812,1812,0,0.000710592,0.00249477,0,0,0.00613142,0,344,150,0.502907,0,0,0,1,0,0
2,bookshelf_tall,41,qpAdaptive,1,1,0.017825,8427,92,15.785,1387,1387,23,-0.00203802,0.00249477,0,0,0.00972026,0.0990863,141,76,0.652482,0,0,0,0.900676,0.0958823,0.00344132
2,bookshelf_tall,41,qpFreeGate,1,1,0.013142,11274,162,17.8974,2378,2378,0,0.00585712,0.00249477,0,0,0.00708599,0,412,142,0.393204,0,0,0,1,0,0
2,bookshelf_tall,41,qpEnvelope,1,1,0.00429635,1885,38,15.9013,1102,1102,13,-0.00169782,0.00249477,0,0,0.0145147,0.0870027,21,19,1.80952,0,0,0,0.912467,0.0811671,0.00636605
2,bookshelf_tall,42,isSafe,1,1,0.0243721,28298,17,9.1161,11,457,0,0.00148188,0.00249477,0,0,0,0,35,11,0.485714,0,0,0,0,0,0
2,bookshelf_tall,42,qpFixed,1,1,0.0128872,7516,86,11.3356,1563,1563,0,0.000814466,0.00249477,0,0,0.0059017,0,108,49,0.796296,0,0,0,1,0,0
2,bookshelf_tall,42,qpAdaptive,1,1,0.0079719,3815,52,7.99325,1013,1013,44,-0.00332218,0.00249477,0,0,0.00772773,0.0749672,49,29,1.06122,0,0,0,0.924771,0.0741809,0.00104849
2,bookshelf_tall,42,qpFreeGate,1,1,0.010345,8835,135,18.611,2404,2404,0,0.00222364,0.00249477,0,0,0.00692698,0,439,120,0.307517,0,0,0,1,0,0
2,bookshelf_tall,42,qpEnvelope,1,1,0.010227,4495,53,12.9915,1269,1269,55,-0.00264226,0.00249477,0,0,0.00851653,0.0347052,68,33,0.779412,0,0,0,0.965295,0.0331479,0.00155729
2,bookshelf_tall,46,isSafe,0,0,0,0,0,0,0,0,0,inf,inf,0,0,0,0,0,0,0,0,0,0,0,0,0
2,bookshelf_tall,46,qpFixed,0,0,0,0,0,0,0,0,0,inf,inf,0,0,0,0,0,0,0,0,0,0,0,0,0
2,bookshelf_tall,46,qpAdaptive,0,0,0,0,0,0,0,0,0,inf,inf,0,0,0,0,0,0,0,0,0,0,0,0,0
2,bookshelf_tall,46,qpFreeGate,0,0,0,0,0,0,0,0,0,inf,inf,0,0,0,0,0,0,0,0,0,0,0,0,0
2,bookshelf_tall,46,qpEnvelope,0,0,0,0,0,0,0,0,0,inf,inf,0,0,0,0,0,0,0,0,0,0,0,0,0
2,bookshelf_tall,47,isSafe,1,1,0.0559184,65049,35,19.4289,21,973,3,-0.000255504,0.00249477,0,0,0,0,134,30,0.261194,0,0,0,0,0,0
2,bookshelf_tall,47,qpFixed,1,1,0.0331204,19437,170,14.5436,1878,1878,0,0.00149743,0.00249477,0,0,0.00614038,0,319,141,0.532915,0,0,0,1,0,0
2,bookshelf_tall,47,qpAdaptive,1,1,0.0259027,12197,130,19.1244,1957,1957,2,-5.52882e-05,0.00249477,0,0,0.00886263,0.0860867,199,108,0.653266,0,0,0,0.913749,0.0838731,0.00237763
2,bookshelf_tall,47,qpFreeGate,1,1,0.0117843,10126,148,15.047,1988,1988,0,0.00434829,0.00249477,0,0,0.00702133,0,403,134,0.367246,0,0,0,1,0,0
2,bookshelf_tall,47,qpEnvelope,1,1,0.0132661,5968,69,14.9663,1041,1041,0,0.000368197,0.00249477,0,0,0.0104797,0.0460791,100,56,0.69,0,0,0,0.953586,0.043063,0.00335121
2,bookshelf_thin,2,isSafe,0,0,0,0,0,0,0,0,0,inf,inf,0,0,0,0,0,0,0,0,0,0,0,0,0
2,bookshelf_thin,2,qpFixed,0,0,0,0,0,0,0,0,0,inf,inf,0,0,0,0,0,0,0,0,0,0,0,0,0
2,bookshelf_thin,2,qpAdaptive,0,0,0,0,0,0,0,0,0,inf,inf,0,0,0,0,0,0,0,0,0,0,0,0,0
2,bookshelf_thin,2,qpFreeGate,0,0,0,0,0,0,0,0,0,inf,inf,0,0,0,0,0,0,0,0,0,0,0,0,0
2,bookshelf_thin,2,qpEnvelope,0,0,0,0,0,0,0,0,0,inf,inf,0,0,0,0,0,0,0,0,0,0,0,0,0
2,bookshelf_thin,3,isSafe,0,0,0,0,0,0,0,0,0,inf,inf,0,0,0,0,0,0,0,0,0,0,0,0,0
2,bookshelf_thin,3,qpFixed,0,0,0,0,0,0,0,0,0,inf,inf,0,0,0,0,0,0,0,0,0,0,0,0,0
2,bookshelf_thin,3,qpAdaptive,0,0,0,0,0,0,0,0,0,inf,inf,0,0,0,0,0,0,0,0,0,0,0,0,0
2,bookshelf_thin,3,qpFreeGate,0,0,0,0,0,0,0,0,0,inf,inf,0,0,0,0,0,0,0,0,0,0,0,0,0
2,bookshelf_thin,3,qpEnvelope,0,0,0,0,0,0,0,0,0,inf,inf,0,0,0,0,0,0,0,0,0,0,0,0,0
2,bookshelf_thin,8,isSafe,0,0,0,0,0,0,0,0,0,inf,inf,0,0,0,0,0,0,0,0,0,0,0,0,0
2,bookshelf_thin,8,qpFixed,0,0,0,0,0,0,0,0,0,inf,inf,0,0,0,0,0,0,0,0,0,0,0,0,0
2,bookshelf_thin,8,qpAdaptive,0,0,0,0,0,0,0,0,0,inf,inf,0,0,0,0,0,0,0,0,0,0,0,0,0
2,bookshelf_thin,8,qpFreeGate,0,0,0,0,0,0,0,0,0,inf,inf,0,0,0,0,0,0,0,0,0,0,0,0,0
2,bookshelf_thin,8,qpEnvelope,0,0,0,0,0,0,0,0,0,inf,inf,0,0,0,0,0,0,0,0,0,0,0,0,0
2,bookshelf_thin,9,isSafe,0,0,0,0,0,0,0,0,0,inf,inf,0,0,0,0,0,0,0,0,0,0,0,0,0
2,bookshelf_thin,9,qpFixed,0,0,0,0,0,0,0,0,0,inf,inf,0,0,0,0,0,0,0,0,0,0,0,0,0
2,bookshelf_thin,9,qpAdaptive,0,0,0,0,0,0,0,0,0,inf,inf,0,0,0,0,0,0,0,0,0,0,0,0,0
2,bookshelf_thin,9,qpFreeGate,0,0,0,0,0,0,0,0,0,inf,inf,0,0,0,0,0,0,0,0,0,0,0,0,0
2,bookshelf_thin,9,qpEnvelope,0,0,0,0,0,0,0,0,0,inf,inf,0,0,0,0,0,0,0,0,0,0,0,0,0
2,bookshelf_thin,12,isSafe,0,0,0,0,0,0,0,0,0,inf,inf,0,0,0,0,0,0,0,0,0,0,0,0,0
2,bookshelf_thin,12,qpFixed,0,0,0,0,0,0,0,0,0,inf,inf,0,0,0,0,0,0,0,0,0,0,0,0,0
2,bookshelf_thin,12,qpAdaptive,0,0,0,0,0,0,0,0,0,inf,inf,0,0,0,0,0,0,0,0,0,0,0,0,0
2,bookshelf_thin,12,qpFreeGate,0,0,0,0,0,0,0,0,0,inf,inf,0,0,0,0,0,0,0,0,0,0,0,0,0
2,bookshelf_thin,12,qpEnvelope,0,0,0,0,0,0,0,0,0,inf,inf,0,0,0,0,0,0,0,0,0,0,0,0,0
2,bookshelf_thin,13,isSafe,0,0,0,0,0,0,0,0,0,inf,inf,0,0,0,0,0,0,0,0,0,0,0,0,0
2,bookshelf_thin,13,qpFixed,0,0,0,0,0,0,0,0,0,inf,inf,0,0,0,0,0,0,0,0,0,0,0,0,0
2,bookshelf_thin,13,qpAdaptive,0,0,0,0,0,0,0,0,0,inf,inf,0,0,0,0,0,0,0,0,0,0,0,0,0
2,bookshelf_thin,13,qpFreeGate,0,0,0,0,0,0,0,0,0,inf,inf,0,0,0,0,0,0,0,0,0,0,0,0,0
2,bookshelf_thin,13,qpEnvelope,0,0,0,0,0,0,0,0,0,inf,inf,0,0,0,0,0,0,0,0,0,0,0,0,0
2,bookshelf_thin,14,isSafe,0,0,0,0,0,0,0,0,0,inf,inf,0,0,0,0,0,0,0,0,0,0,0,0,0
2,bookshelf_thin,14,qpFixed,0,0,0,0,0,0,0,0,0,inf,inf,0,0,0,0,0,0,0,0,0,0,0,0,0
2,bookshelf_thin,14,qpAdaptive,0,0,0,0,0,0,0,0,0,inf,inf,0,0,0,0,0,0,0,0,0,0,0,0,0
2,bookshelf_thin,14,qpFreeGate,0,0,0,0,0,0,0,0,0,inf,inf,0,0,0,0,0,0,0,0,0,0,0,0,0
2,bookshelf_thin,14,qpEnvelope,0,0,0,0,0,0,0,0,0,inf,inf,0,0,0,0,0,0,0,0,0,0,0,0,0
2,bookshelf_thin,16,isSafe,0,0,0,0,0,0,0,0,0,inf,inf,0,0,0,0,0,0,0,0,0,0,0,0,0
2,bookshelf_thin,16,qpFixed,0,0,0,0,0,0,0,0,0,inf,inf,0,0,0,0,0,0,0,0,0,0,0,0,0
2,bookshelf_thin,16,qpAdaptive,0,0,0,0,0,0,0,0,0,inf,inf,0,0,0,0,0,0,0,0,0,0,0,0,0
2,bookshelf_thin,16,qpFreeGate,0,0,0,0,0,0,0,0,0,inf,inf,0,0,0,0,0,0,0,0,0,0,0,0,0
2,bookshelf_thin,16,qpEnvelope,0,0,0,0,0,0,0,0,0,inf,inf,0,0,0,0,0,0,0,0,0,0,0,0,0
2,bookshelf_thin,17,isSafe,0,0,0,0,0,0,0,0,0,inf,inf,0,0,0,0,0,0,0,0,0,0,0,0,0
2,bookshelf_thin,17,qpFixed,0,0,0,0,0,0,0,0,0,inf,inf,0,0,0,0,0,0,0,0,0,0,0,0,0
2,bookshelf_thin,17,qpAdaptive,0,0,0,0,0,0,0,0,0,inf,inf,0,0,0,0,0,0,0,0,0,0,0,0,0
2,bookshelf_thin,17,qpFreeGate,0,0,0,0,0,0,0,0,0,inf,inf,0,0,0,0,0,0,0,0,0,0,0,0,0
2,bookshelf_thin,17,qpEnvelope,0,0,0,0,0,0,0,0,0,inf,inf,0,0,0,0,0,0,0,0,0,0,0,0,0
2,bookshelf_thin,18,isSafe,1,1,0.0231819,26942,16,10.4556,12,524,0,0.00283397,0.00249477,0,0,0,0,20,9,0.8,0,0,0,0,0,0
2,bookshelf_thin,18,qpFixed,1,1,0.00826064,5447,62,11.1369,1520,1520,1,-4.08498e-05,0.00249477,0,0,0.0062959,0,79,44,0.78481,0,0,0,1,0,0
2,bookshelf_thin,18,qpAdaptive,1,1,0.00742383,3355,41,11.0057,821,821,0,0.000318454,0.00249477,0,0,0.011867,0.110581,60,29,0.683333,0,0,0,0.888823,0.105216,0.00596125
2,bookshelf_thin,18,qpFreeGate,1,1,0.0142172,12626,211,11.0568,1582,1582,0,0.00464749,0.00249477,0,0,0.00695763,0,632,190,0.333861,0,0,0,1,0,0
2,bookshelf_thin,18,qpEnvelope,1,1,0.00239291,1009,19,10.4556,615,615,0,0.00367478,0.00249477,0,0,0.0193886,0.117939,20,11,0.95,0,0,0,0.882061,0.104063,0.0138751
2,bookshelf_thin,19,isSafe,0,0,0,0,0,0,0,0,0,inf,inf,0,0,0,0,0,0,0,0,0,0,0,0,0
2,bookshelf_thin,19,qpFixed,0,0,0,0,0,0,0,0,0,inf,inf,0,0,0,0,0,0,0,0,0,0,0,0,0
2,bookshelf_thin,19,qpAdaptive,0,0,0,0,0,0,0,0,0,inf,inf,0,0,0,0,0,0,0,0,0,0,0,0,0
2,bookshelf_thin,19,qpFreeGate,0,0,0,0,0,0,0,0,0,inf,inf,0,0,0,0,0,0,0,0,0,0,0,0,0
2,bookshelf_thin,19,qpEnvelope,0,0,0,0,0,0,0,0,0,inf,inf,0,0,0,0,0,0,0,0,0,0,0,0,0
2,bookshelf_thin,20,isSafe,1,1,2.82057,3263862,1655,9.18142,11,461,0,0.00677303,0.00249477,0,0,0,0,11456,1651,0.144466,0,0,0,0,0,0
2,bookshelf_thin,20,qpFixed,1,1,0.0031146,2013,27,3.33155,436,436,2,-7.08681e-06,0.00249477,0,0,0.00613201,0,30,13,0.9,0,0,0,1,0,0
2,bookshelf_thin,20,qpAdaptive,1,1,0.00345379,1597,23,3.2927,280,280,8,-0.00021664,0.00249477,0,0,0.0119109,0.107702,30,14,0.766667,0,0,0,0.891672,0.102066,0.00626174
2,bookshelf_thin,20,qpFreeGate,1,1,0.298867,241329,3584,6.56773,857,857,0,0.00455163,0.00249477,0,0,0.00662951,0,20496,3574,0.174863,0,0,0,1,0,0
2,bookshelf_thin,20,qpEnvelope,1,1,0.00344289,1512,23,3.31012,278,278,6,-0.000166304,0.00249477,0,0,0.0128743,0.0522487,30,14,0.766667,0,0,0,0.94709,0.0456349,0.00727513
2,bookshelf_thin,21,isSafe,0,0,0,0,0,0,0,0,0,inf,inf,0,0,0,0,0,0,0,0,0,0,0,0,0
2,bookshelf_thin,21,qpFixed,0,0,0,0,0,0,0,0,0,inf,inf,0,0,0,0,0,0,0,0,0,0,0,0,0
2,bookshelf_thin,21,qpAdaptive,0,0,0,0,0,0,0,0,0,inf,inf,0,0,0,0,0,0,0,0,0,0,0,0,0
2,bookshelf_thin,21,qpFreeGate,0,0,0,0,0,0,0,0,0,inf,inf,0,0,0,0,0,0,0,0,0,0,0,0,0
2,bookshelf_thin,21,qpEnvelope,0,0,0,0,0,0,0,0,0,inf,inf,0,0,0,0,0,0,0,0,0,0,0,0,0
2,bookshelf_thin,22,isSafe,0,0,0,0,0,0,0,0,0,inf,inf,0,0,0,0,0,0,0,0,0,0,0,0,0
2,bookshelf_thin,22,qpFixed,0,0,0,0,0,0,0,0,0,inf,inf,0,0,0,0,0,0,0,0,0,0,0,0,0
2,bookshelf_thin,22,qpAdaptive,0,0,0,0,0,0,0,0,0,inf,inf,0,0,0,0,0,0,0,0,0,0,0,0,0
2,bookshelf_thin,22,qpFreeGate,0,0,0,0,0,0,0,0,0,inf,inf,0,0,0,0,0,0,0,0,0,0,0,0,0
2,bookshelf_thin,22,qpEnvelope,0,0,0,0,0,0,0,0,0,inf,inf,0,0,0,0,0,0,0,0,0,0,0,0,0
2,bookshelf_thin,23,isSafe,0,0,0,0,0,0,0,0,0,inf,inf,0,0,0,0,0,0,0,0,0,0,0,0,0
2,bookshelf_thin,23,qpFixed,0,0,0,0,0,0,0,0,0,inf,inf,0,0,0,0,0,0,0,0,0,0,0,0,0
2,bookshelf_thin,23,qpAdaptive,0,0,0,0,0,0,0,0,0,inf,inf,0,0,0,0,0,0,0,0,0,0,0,0,0
2,bookshelf_thin,23,qpFreeGate,0,0,0,0,0,0,0,0,0,inf,inf,0,0,0,0,0,0,0,0,0,0,0,0,0
2,bookshelf_thin,23,qpEnvelope,0,0,0,0,0,0,0,0,0,inf,inf,0,0,0,0,0,0,0,0,0,0,0,0,0
2,bookshelf_thin,25,isSafe,0,0,0,0,0,0,0,0,0,inf,inf,0,0,0,0,0,0,0,0,0,0,0,0,0
2,bookshelf_thin,25,qpFixed,0,0,0,0,0,0,0,0,0,inf,inf,0,0,0,0,0,0,0,0,0,0,0,0,0
2,bookshelf_thin,25,qpAdaptive,0,0,0,0,0,0,0,0,0,inf,inf,0,0,0,0,0,0,0,0,0,0,0,0,0
2,bookshelf_thin,25,qpFreeGate,0,0,0,0,0,0,0,0,0,inf,inf,0,0,0,0,0,0,0,0,0,0,0,0,0
2,bookshelf_thin,25,qpEnvelope,0,0,0,0,0,0,0,0,0,inf,inf,0,0,0,0,0,0,0,0,0,0,0,0,0
2,bookshelf_thin,27,isSafe,0,0,0,0,0,0,0,0,0,inf,inf,0,0,0,0,0,0,0,0,0,0,0,0,0
2,bookshelf_thin,27,qpFixed,0,0,0,0,0,0,0,0,0,inf,inf,0,0,0,0,0,0,0,0,0,0,0,0,0
2,bookshelf_thin,27,qpAdaptive,0,0,0,0,0,0,0,0,0,inf,inf,0,0,0,0,0,0,0,0,0,0,0,0,0
2,bookshelf_thin,27,qpFreeGate,0,0,0,0,0,0,0,0,0,inf,inf,0,0,0,0,0,0,0,0,0,0,0,0,0
2,bookshelf_thin,27,qpEnvelope,0,0,0,0,0,0,0,0,0,inf,inf,0,0,0,0,0,0,0,0,0,0,0,0,0
2,bookshelf_thin,28,isSafe,1,1,0.0602361,70072,37,8.92157,10,448,0,0.00384512,0.00249477,0,0,0,0,106,33,0.349057,0,0,0,0,0,0
2,bookshelf_thin,28,qpFixed,1,1,0.00510301,3319,46,8.95833,1300,1300,0,0.000492164,0.00249477,0,0,0.00619951,0,44,21,1.04545,0,0,0,1,0,0
2,bookshelf_thin,28,qpAdaptive,1,1,0.0035434,1595,31,9.73501,830,830,5,-0.00080336,0.00249477,0,0,0.0135839,0.101567,22,14,1.40909,0,0,0,0.897806,0.0952978,0.00689655
2,bookshelf_thin,28,qpFreeGate,1,1,0.0152142,13694,236,11.2806,1497,1497,0,0.00468707,0.00249477,0,0,0.00696341,0,743,220,0.317631,0,0,0,1,0,0
2,bookshelf_thin,28,qpEnvelope,1,1,0.00340821,1414,29,10.6007,850,850,5,-0.000830412,0.00249477,0,0,0.0157157,0.0551627,22,14,1.31818,0,0,0,0.944837,0.0466761,0.00848656
2,bookshelf_thin,29,isSafe,0,0,0,0,0,0,0,0,0,inf,inf,0,0,0,0,0,0,0,0,0,0,0,0,0
2,bookshelf_thin,29,qpFixed,0,0,0,0,0,0,0,0,0,inf,inf,0,0,0,0,0,0,0,0,0,0,0,0,0
2,bookshelf_thin,29,qpAdaptive,0,0,0,0,0,0,0,0,0,inf,inf,0,0,0,0,0,0,0,0,0,0,0,0,0
2,bookshelf_thin,29,qpFreeGate,0,0,0,0,0,0,0,0,0,inf,inf,0,0,0,0,0,0,0,0,0,0,0,0,0
2,bookshelf_thin,29,qpEnvelope,0,0,0,0,0,0,0,0,0,inf,inf,0,0,0,0,0,0,0,0,0,0,0,0,0
2,bookshelf_thin,30,isSafe,0,0,0,0,0,0,0,0,0,inf,inf,0,0,0,0,0,0,0,0,0,0,0,0,0
2,bookshelf_thin,30,qpFixed,0,0,0,0,0,0,0,0,0,inf,inf,0,0,0,0,0,0,0,0,0,0,0,0,0
2,bookshelf_thin,30,qpAdaptive,0,0,0,0,0,0,0,0,0,inf,inf,0,0,0,0,0,0,0,0,0,0,0,0,0
2,bookshelf_thin,30,qpFreeGate,0,0,0,0,0,0,0,0,0,inf,inf,0,0,0,0,0,0,0,0,0,0,0,0,0
2,bookshelf_thin,30,qpEnvelope,0,0,0,0,0,0,0,0,0,inf,inf,0,0,0,0,0,0,0,0,0,0,0,0,0
2,table_under_pick,2,isSafe,1,1,0.0142182,16510,11,7.24732,9,364,0,0.00330984,0.00249477,0,0,0,0,7,6,1.57143,0,0,0,0,0,0
2,table_under_pick,2,qpFixed,1,1,0.00291374,1961,30,7.38374,963,963,0,0.000873616,0.00249477,0,0,0.00657558,0,24,16,1.25,0,0,0,1,0,0
2,table_under_pick,2,qpAdaptive,1,1,0.00184952,864,19,9.33684,743,743,33,-0.000818388,0.00249477,0,0,0.013663,0.125,10,9,1.9,0,0,0,0.875,0.118056,0.00694444
2,table_under_pick,2,qpFreeGate,1,1,0.00282558,2504,46,7.20214,901,901,0,0.00416586,0.00249477,0,0,0.00726588,0,100,30,0.46,0,0,0,1,0,0
2,table_under_pick,2,qpEnvelope,1,1,0.00162437,700,17,7.86019,649,649,33,-0.000740155,0.00249477,0,0,0.0152897,0.131429,7,7,2.42857,0,0,0,0.868571,0.122857,0.00857143
2,table_under_pick,3,isSafe,1,1,0.0176523,20521,13,10.2483,12,514,0,0.00397014,0.00249477,0,0,0,0,9,5,1.44444,0,0,0,0,0,0
2,table_under_pick,3,qpFixed,1,1,0.00389878,2684,47,7.04351,919,919,1,-5.71083e-05,0.00249477,0,0,0.00696949,0,24,15,1.95833,0,0,0,1,0,0
2,table_under_pick,3,qpAdaptive,1,1,0.00180811,877,22,8.27601,691,691,0,0.000969221,0.00249477,0,0,0.0154974,0.192702,8,5,2.75,0,0,0,0.806157,0.185861,0.00798176
2,table_under_pick,3,qpFreeGate,1,1,0.00716511,6390,110,15.1028,1915,1915,0,0.00397043,0.00249477,0,0,0.00727276,0,179,88,0.614525,0,0,0,1,0,0
2,table_under_pick,3,qpEnvelope,1,1,0.00178728,793,21,8.2219,656,656,0,0.000967622,0.00249477,0,0,0.0177097,0.139975,8,5,2.625,0,0,0,0.860025,0.129887,0.0100883
2,table_under_pick,4,isSafe,0,0,0,0,0,0,0,0,0,inf,inf,0,0,0,0,0,0,0,0,0,0,0,0,0
2,table_under_pick,4,qpFixed,0,0,0,0,0,0,0,0,0,inf,inf,0,0,0,0,0,0,0,0,0,0,0,0,0
2,table_under_pick,4,qpAdaptive,0,0,0,0,0,0,0,0,0,inf,inf,0,0,0,0,0,0,0,0,0,0,0,0,0
2,table_under_pick,4,qpFreeGate,0,0,0,0,0,0,0,0,0,inf,inf,0,0,0,0,0,0,0,0,0,0,0,0,0
2,table_under_pick,4,qpEnvelope,0,0,0,0,0,0,0,0,0,inf,inf,0,0,0,0,0,0,0,0,0,0,0,0,0
2,table_under_pick,7,isSafe,1,1,0.0513038,59658,32,10.7586,12,539,0,0.00213554,0.00249477,0,0,0,0,83,28,0.385542,0,0,0,0,0,0
2,table_under_pick,7,qpFixed,1,1,0.00645265,4020,44,7.32725,1018,1018,0,0.00113712,0.00249477,0,0,0.00628488,0,61,35,0.721311,0,0,0,1,0,0
2,table_under_pick,7,qpAdaptive,1,1,0.00362793,1740,28,13.0207,952,952,0,0.00287843,0.00249477,0,0,0.0142717,0.126437,28,17,1,0,0,0,0.872989,0.11954,0.00747126
2,table_under_pick,7,qpFreeGate,1,1,0.00502495,4306,65,7.29622,986,986,0,0.00403709,0.00249477,0,0,0.0071366,0,153,58,0.424837,0,0,0,1,0,0
2,table_under_pick,7,qpEnvelope,1,1,0.00364036,1625,28,13.3717,930,930,0,0.00269584,0.00249477,0,0,0.0156289,0.0553846,28,17,1,0,0,0,0.944615,0.0467692,0.00861538
2,table_under_pick,8,isSafe,0,0,0,0,0,0,0,0,0,inf,inf,0,0,0,0,0,0,0,0,0,0,0,0,0
2,table_under_pick,8,qpFixed,0,0,0,0,0,0,0,0,0,inf,inf,0,0,0,0,0,0,0,0,0,0,0,0,0
2,table_under_pick,8,qpAdaptive,0,0,0,0,0,0,0,0,0,inf,inf,0,0,0,0,0,0,0,0,0,0,0,0,0
2,table_under_pick,8,qpFreeGate,0,0,0,0,0,0,0,0,0,inf,inf,0,0,0,0,0,0,0,0,0,0,0,0,0
2,table_under_pick,8,qpEnvelope,0,0,0,0,0,0,0,0,0,inf,inf,0,0,0,0,0,0,0,0,0,0,0,0,0
2,table_under_pick,10,isSafe,1,1,0.0155878,18082,12,9.00784,11,452,0,0.00420427,0.00249477,0,0,0,0,41,7,0.292683,0,0,0,0,0,0
2,table_under_pick,10,qpFixed,1,1,0.0451677,26451,236,21.2417,2798,2798,0,0.000479204,0.00249477,0,0,0.00623356,0,432,209,0.546296,0,0,0,1,0,0
2,table_under_pick,10,qpAdaptive,1,1,0.0154981,7311,88,19.9765,1887,1887,0,0.000564061,0.00249477,0,0,0.00814159,0.0849405,107,67,0.82243,0,0,0,0.914512,0.083983,0.00150458
2,table_under_pick,10,qpFreeGate,1,1,0.0137389,11650,183,17.9938,2291,2291,0,0.00420427,0.00249477,0,0,0.00715415,0,497,169,0.368209,0,0,0,1,0,0
2,table_under_pick,10,qpEnvelope,1,1,0.0096682,4442,53,18.415,1535,1535,0,0.000564061,0.00249477,0,0,0.00916227,0.0567312,70,45,0.757143,0,0,0,0.943044,0.0542548,0.00270149
2,table_under_pick,13,isSafe,0,0,0,0,0,0,0,0,0,inf,inf,0,0,0,0,0,0,0,0,0,0,0,0,0
2,table_under_pick,13,qpFixed,0,0,0,0,0,0,0,0,0,inf,inf,0,0,0,0,0,0,0,0,0,0,0,0,0
2,table_under_pick,13,qpAdaptive,0,0,0,0,0,0,0,0,0,inf,inf,0,0,0,0,0,0,0,0,0,0,0,0,0
2,table_under_pick,13,qpFreeGate,0,0,0,0,0,0,0,0,0,inf,inf,0,0,0,0,0,0,0,0,0,0,0,0,0
2,table_under_pick,13,qpEnvelope,0,0,0,0,0,0,0,0,0,inf,inf,0,0,0,0,0,0,0,0,0,0,0,0,0
2,table_under_pick,14,isSafe,1,1,0.0375933,43735,24,12.7863,14,641,19,-0.0045078,0.00249477,0,0,0,0,89,19,0.269663,0,0,0,0,0,0
2,table_under_pick,14,qpFixed,1,1,0.051679,30361,244,22.0935,2882,2882,2,-0.000972045,0.00249477,0,0,0.00577278,0,519,215,0.470135,0,0,0,1,0,0
2,table_under_pick,14,qpAdaptive,1,1,0.0237706,11407,111,20.5481,1925,1925,2,-0.000602392,0.00249477,0,0,0.00800631,0.0949417,189,98,0.587302,0,0,0,0.904795,0.0937144,0.00149031
2,table_under_pick,14,qpFreeGate,1,1,0.010803,9759,159,17.5856,2345,2345,0,0.00378899,0.00249477,0,0,0.00704586,0,461,145,0.344902,0,0,0,1,0,0
2,table_under_pick,14,qpEnvelope,1,1,0.0141915,6278,73,18.2274,1490,1490,2,-0.000823216,0.00249477,0,0,0.00929427,0.0688117,99,51,0.737374,0,0,0,0.931029,0.0665817,0.0023893
2,table_under_pick,15,isSafe,0,0,0,0,0,0,0,0,0,inf,inf,0,0,0,0,0,0,0,0,0,0,0,0,0
2,table_under_pick,15,qpFixed,0,0,0,0,0,0,0,0,0,inf,inf,0,0,0,0,0,0,0,0,0,0,0,0,0
2,table_under_pick,15,qpAdaptive,0,0,0,0,0,0,0,0,0,inf,inf,0,0,0,0,0,0,0,0,0,0,0,0,0
2,table_under_pick,15,qpFreeGate,0,0,0,0,0,0,0,0,0,inf,inf,0,0,0,0,0,0,0,0,0,0,0,0,0
2,table_under_pick,15,qpEnvelope,0,0,0,0,0,0,0,0,0,inf,inf,0,0,0,0,0,0,0,0,0,0,0,0,0
2,table_under_pick,16,isSafe,0,0,0,0,0,0,0,0,0,inf,inf,0,0,0,0,0,0,0,0,0,0,0,0,0
2,table_under_pick,16,qpFixed,0,0,0,0,0,0,0,0,0,inf,inf,0,0,0,0,0,0,0,0,0,0,0,0,0
2,table_under_pick,16,qpAdaptive,0,0,0,0,0,0,0,0,0,inf,inf,0,0,0,0,0,0,0,0,0,0,0,0,0
2,table_under_pick,16,qpFreeGate,0,0,0,0,0,0,0,0,0,inf,inf,0,0,0,0,0,0,0,0,0,0,0,0,0
2,table_under_pick,16,qpEnvelope,0,0,0,0,0,0,0,0,0,inf,inf,0,0,0,0,0,0,0,0,0,0,0,0,0
2,table_under_pick,18,isSafe,0,0,0,0,0,0,0,0,0,inf,inf,0,0,0,0,0,0,0,0,0,0,0,0,0
2,table_under_pick,18,qpFixed,0,0,0,0,0,0,0,0,0,inf,inf,0,0,0,0,0,0,0,0,0,0,0,0,0
2,table_under_pick,18,qpAdaptive,0,0,0,0,0,0,0,0,0,inf,inf,0,0,0,0,0,0,0,0,0,0,0,0,0
2,table_under_pick,18,qpFreeGate,0,0,0,0,0,0,0,0,0,inf,inf,0,0,0,0,0,0,0,0,0,0,0,0,0
2,table_under_pick,18,qpEnvelope,0,0,0,0,0,0,0,0,0,inf,inf,0,0,0,0,0,0,0,0,0,0,0,0,0
2,table_under_pick,20,isSafe,1,1,0.169755,197306,100,12.904,14,647,0,0.00118871,0.00249477,0,0,0,0,488,96,0.204918,0,0,0,0,0,0
2,table_under_pick,20,qpFixed,1,1,0.014226,8616,76,15.3333,2057,2057,0,0.00251752,0.00249477,0,0,0.00599548,0,143,61,0.531469,0,0,0,1,0,0
2,table_under_pick,20,qpAdaptive,1,1,0.0133367,6235,50,10.8212,921,921,0,0.00147077,0.00249477,0,0,0.00925598,0.0628709,124,42,0.403226,0,0,0,0.937129,0.0598236,0.00304731
2,table_under_pick,20,qpFreeGate,1,1,0.00499994,4660,92,12.2379,1681,1681,0,0.00390756,0.00249477,0,0,0.00699422,0,257,76,0.357977,0,0,0,1,0,0
2,table_under_pick,20,qpEnvelope,1,1,0.0137118,6076,52,15.9401,1029,1029,0,0.00263732,0.00249477,0,0,0.0104196,0.0268269,128,42,0.40625,0,0,0,0.972844,0.0227123,0.00444371
2,table_under_pick,22,isSafe,1,1,0.0312594,36325,21,14.1234,16,708,0,0.00318306,0.00249477,0,0,0,0,45,14,0.466667,0,0,0,0,0,0
2,table_under_pick,22,qpFixed,1,1,0.0193824,12297,128,12.486,1618,1618,23,-0.000982599,0.00249477,0,0,0.00631624,0,183,109,0.699454,0,0,0,1,0,0
2,table_under_pick,22,qpAdaptive,1,1,0.00634991,3234,41,12.4163,1040,1040,10,-0.00074425,0.00249477,0,0,0.00945193,0.187384,47,30,0.87234,0,0,0,0.812307,0.18522,0.00247372
2,table_under_pick,22,qpFreeGate,1,1,0.0134717,11897,179,12.4771,1656,1656,0,0.00400395,0.00249477,0,0,0.00710284,0,422,162,0.424171,0,0,0,1,0,0
2,table_under_pick,22,qpEnvelope,1,1,0.00642932,2973,38,12.5497,1063,1063,31,-0.00074425,0.00249477,0,0,0.0106554,0.0958628,47,28,0.808511,0,0,0,0.904137,0.0928355,0.00302725
2,table_under_pick,23,isSafe,0,0,0,0,0,0,0,0,0,inf,inf,0,0,0,0,0,0,0,0,0,0,0,0,0
2,table_under_pick,23,qpFixed,0,0,0,0,0,0,0,0,0,inf,inf,0,0,0,0,0,0,0,0,0,0,0,0,0
2,table_under_pick,23,qpAdaptive,0,0,0,0,0,0,0,0,0,inf,inf,0,0,0,0,0,0,0,0,0,0,0,0,0
2,table_under_pick,23,qpFreeGate,0,0,0,0,0,0,0,0,0,inf,inf,0,0,0,0,0,0,0,0,0,0,0,0,0
2,table_under_pick,23,qpEnvelope,0,0,0,0,0,0,0,0,0,inf,inf,0,0,0,0,0,0,0,0,0,0,0,0,0
2,table_under_pick,24,isSafe,0,0,0,0,0,0,0,0,0,inf,inf,0,0,0,0,0,0,0,0,0,0,0,0,0
2,table_under_pick,24,qpFixed,0,0,0,0,0,0,0,0,0,inf,inf,0,0,0,0,0,0,0,0,0,0,0,0,0
2,table_under_pick,24,qpAdaptive,0,0,0,0,0,0,0,0,0,inf,inf,0,0,0,0,0,0,0,0,0,0,0,0,0
2,table_under_pick,24,qpFreeGate,0,0,0,0,0,0,0,0,0,inf,inf,0,0,0,0,0,0,0,0,0,0,0,0,0
2,table_under_pick,24,qpEnvelope,0,0,0,0,0,0,0,0,0,inf,inf,0,0,0,0,0,0,0,0,0,0,0,0,0
2,table_under_pick,25,isSafe,0,0,0,0,0,0,0,0,0,inf,inf,0,0,0,0,0,0,0,0,0,0,0,0,0
2,table_under_pick,25,qpFixed,0,0,0,0,0,0,0,0,0,inf,inf,0,0,0,0,0,0,0,0,0,0,0,0,0
2,table_under_pick,25,qpAdaptive,0,0,0,0,0,0,0,0,0,inf,inf,0,0,0,0,0,0,0,0,0,0,0,0,0
2,table_under_pick,25,qpFreeGate,0,0,0,0,0,0,0,0,0,inf,inf,0,0,0,0,0,0,0,0,0,0,0,0,0
2,table_under_pick,25,qpEnvelope,0,0,0,0,0,0,0,0,0,inf,inf,0,0,0,0,0,0,0,0,0,0,0,0,0
2,table_under_pick,26,isSafe,1,1,0.024514,28508,17,12.1499,14,609,0,0.00150393,0.00249477,0,0,0,0,52,9,0.326923,0,0,0,0,0,0
2,table_under_pick,26,qpFixed,1,1,0.00960096,6185,67,15.004,2026,2026,0,0.000617814,0.00249477,0,0,0.00631423,0,91,47,0.736264,0,0,0,1,0,0
2,table_under_pick,26,qpAdaptive,1,1,0.00805051,3796,41,12.922,994,994,0,0.000135748,0.00249477,0,0,0.00996752,0.0737619,68,28,0.602941,0,0,0,0.926238,0.0698103,0.00395153
2,table_under_pick,26,qpFreeGate,1,1,0.00451781,4130,52,12.5395,1736,1736,0,0.00393067,0.00249477,0,0,0.00632493,0,203,39,0.256158,0,0,0,1,0,0
2,table_under_pick,26,qpEnvelope,1,1,0.00711959,3240,44,14.0362,1048,1048,0,0.00111557,0.00249477,0,0,0.0126064,0.0478395,61,28,0.721311,0,0,0,0.950617,0.0425926,0.00679012
2,table_under_pick,30,isSafe,0,0,0,0,0,0,0,0,0,inf,inf,0,0,0,0,0,0,0,0,0,0,0,0,0
2,table_under_pick,30,qpFixed,0,0,0,0,0,0,0,0,0,inf,inf,0,0,0,0,0,0,0,0,0,0,0,0,0
2,table_under_pick,30,qpAdaptive,0,0,0,0,0,0,0,0,0,inf,inf,0,0,0,0,0,0,0,0,0,0,0,0,0
2,table_under_pick,30,qpFreeGate,0,0,0,0,0,0,0,0,0,inf,inf,0,0,0,0,0,0,0,0,0,0,0,0,0
2,table_under_pick,30,qpEnvelope,0,0,0,0,0,0,0,0,0,inf,inf,0,0,0,0,0,0,0,0,0,0,0,0,0
2,table_under_pick,31,isSafe,1,1,0.0566663,65830,35,17.8276,19,893,1,-0.000693782,0.00249477,0,0,0,0,94,27,0.37234,0,0,0,0,0,0
2,table_under_pick,31,qpFixed,1,1,0.0417959,26040,262,21.2363,2837,2837,0,0.000324144,0.00249477,0,0,0.00608457,0,395,205,0.663291,0,0,0,1,0,0
2,table_under_pick,31,qpAdaptive,1,1,0.0107777,5177,66,17.5206,1362,1362,0,0.000808604,0.00249477,0,0,0.0106478,0.133475,78,44,0.846154,0,0,0,0.866139,0.130578,0.00328376
2,table_under_pick,31,qpFreeGate,1,1,0.00892376,7999,132,14.718,2011,2011,0,0.00417262,0.00249477,0,0,0.00693961,0,440,115,0.3,0,0,0,1,0,0
2,table_under_pick,31,qpEnvelope,1,1,0.0146904,6526,90,16.0481,1298,1298,27,-0.00107957,0.00249477,0,0,0.0105417,0.0635918,95,58,0.947368,0,0,0,0.936102,0.0605271,0.00337113
2,table_under_pick,32,isSafe,0,0,0,0,0,0,0,0,0,inf,inf,0,0,0,0,0,0,0,0,0,0,0,0,0
2,table_under_pick,32,qpFixed,0,0,0,0,0,0,0,0,0,inf,inf,0,0,0,0,0,0,0,0,0,0,0,0,0
2,table_under_pick,32,qpAdaptive,0,0,0,0,0,0,0,0,0,inf,inf,0,0,0,0,0,0,0,0,0,0,0,0,0
2,table_under_pick,32,qpFreeGate,0,0,0,0,0,0,0,0,0,inf,inf,0,0,0,0,0,0,0,0,0,0,0,0,0
2,table_under_pick,32,qpEnvelope,0,0,0,0,0,0,0,0,0,inf,inf,0,0,0,0,0,0,0,0,0,0,0,0,0
2,bookshelf_small,1,isSafe,0,0,0,0,0,0,0,0,0,inf,inf,0,0,0,0,0,0,0,0,0,0,0,0,0
2,bookshelf_small,1,qpFixed,0,0,0,0,0,0,0,0,0,inf,inf,0,0,0,0,0,0,0,0,0,0,0,0,0
2,bookshelf_small,1,qpAdaptive,0,0,0,0,0,0,0,0,0,inf,inf,0,0,0,0,0,0,0,0,0,0,0,0,0
2,bookshelf_small,1,qpFreeGate,0,0,0,0,0,0,0,0,0,inf,inf,0,0,0,0,0,0,0,0,0,0,0,0,0
2,bookshelf_small,1,qpEnvelope,0,0,0,0,0,0,0,0,0,inf,inf,0,0,0,0,0,0,0,0,0,0,0,0,0
2,bookshelf_small,3,isSafe,1,1,0.087404,101721,53,14.6256,16,733,0,4.90429e-05,0.00249477,0,0,0,0,226,47,0.234513,0,0,0,0,0,0
2,bookshelf_small,3,qpFixed,1,1,0.00993148,6463,89,12.74,1874,1874,0,0.0027274,0.00249477,0,0,0.00623024,0,82,47,1.08537,0,0,0,1,0,0
2,bookshelf_small,3,qpAdaptive,1,1,0.0108215,5289,75,12.7158,1100,1100,0,0.00167033,0.00249477,0,0,0.0121331,0.081679,87,47,0.862069,0,0,0,0.917943,0.076574,0.00548308
2,bookshelf_small,3,qpFreeGate,1,1,0.0242589,21285,323,19.5318,2643,2643,0,0.00541417,0.00249477,0,0,0.00692705,0,1212,274,0.266502,0,0,0,1,0,0
2,bookshelf_small,3,qpEnvelope,1,1,0.0106678,4711,67,12.1247,992,992,0,0.000576733,0.00249477,0,0,0.0128712,0.0592231,80,40,0.8375,0,0,0,0.940565,0.0537041,0.00573127
2,bookshelf_small,5,isSafe,0,0,0,0,0,0,0,0,0,inf,inf,0,0,0,0,0,0,0,0,0,0,0,0,0
2,bookshelf_small,5,qpFixed,0,0,0,0,0,0,0,0,0,inf,inf,0,0,0,0,0,0,0,0,0,0,0,0,0
2,bookshelf_small,5,qpAdaptive,0,0,0,0,0,0,0,0,0,inf,inf,0,0,0,0,0,0,0,0,0,0,0,0,0
2,bookshelf_small,5,qpFreeGate,0,0,0,0,0,0,0,0,0,inf,inf,0,0,0,0,0,0,0,0,0,0,0,0,0
2,bookshelf_small,5,qpEnvelope,0,0,0,0,0,0,0,0,0,inf,inf,0,0,0,0,0,0,0,0,0,0,0,0,0
2,bookshelf_small,6,isSafe,0,0,0,0,0,0,0,0,0,inf,inf,0,0,0,0,0,0,0,0,0,0,0,0,0
2,bookshelf_small,6,qpFixed,0,0,0,0,0,0,0,0,0,inf,inf,0,0,0,0,0,0,0,0,0,0,0,0,0
2,bookshelf_small,6,qpAdaptive,0,0,0,0,0,0,0,0,0,inf,inf,0,0,0,0,0,0,0,0,0,0,0,0,0
2,bookshelf_small,6,qpFreeGate,0,0,0,0,0,0,0,0,0,inf,inf,0,0,0,0,0,0,0,0,0,0,0,0,0
2,bookshelf_small,6,qpEnvelope,0,0,0,0,0,0,0,0,0,inf,inf,0,0,0,0,0,0,0,0,0,0,0,0,0
2,bookshelf_small,7,isSafe,1,1,0.0838252,97485,51,15.5656,17,780,18,-0.00436595,0.00249477,0,0,0,0,185,45,0.275676,0,0,0,0,0,0
2,bookshelf_small,7,qpFixed,1,1,0.0288704,16673,156,11.0374,1539,1539,3,-0.000289616,0.00249477,0,0,0.00587921,0,265,108,0.588679,0,0,0,1,0,0
2,bookshelf_small,7,qpAdaptive,1,1,0.0166753,7712,93,11.0124,1231,1231,0,0.000753626,0.00249477,0,0,0.00901163,0.059777,118,57,0.788136,0,0,0,0.939575,0.0577023,0.00272303
2,bookshelf_small,7,qpFreeGate,1,1,0.0125129,10712,150,13.3948,1744,1744,0,0.00372489,0.00249477,0,0,0.0069971,0,455,134,0.32967,0,0,0,1,0,0
2,bookshelf_small,7,qpEnvelope,1,1,0.00813737,3651,50,10.1108,943,943,3,-0.000289616,0.00249477,0,0,0.010683,0.0583402,56,31,0.892857,0,0,0,0.941386,0.0542317,0.00438236
2,bookshelf_small,8,isSafe,0,0,0,0,0,0,0,0,0,inf,inf,0,0,0,0,0,0,0,0,0,0,0,0,0
2,bookshelf_small,8,qpFixed,0,0,0,0,0,0,0,0,0,inf,inf,0,0,0,0,0,0,0,0,0,0,0,0,0
2,bookshelf_small,8,qpAdaptive,0,0,0,0,0,0,0,0,0,inf,inf,0,0,0,0,0,0,0,0,0,0,0,0,0
2,bookshelf_small,8,qpFreeGate,0,0,0,0,0,0,0,0,0,inf,inf,0,0,0,0,0,0,0,0,0,0,0,0,0
2,bookshelf_small,8,qpEnvelope,0,0,0,0,0,0,0,0,0,inf,inf,0,0,0,0,0,0,0,0,0,0,0,0,0
2,bookshelf_small,13,isSafe,1,1,0.686645,796798,399,15.4748,17,775,25,-0.00543331,0.00249477,0,0,0,0,2368,392,0.168497,0,0,0,0,0,0
2,bookshelf_small,13,qpFixed,1,1,0.0066213,4252,55,7.43419,1049,1049,1,-0.000163749,0.00249477,0,0,0.0062751,0,57,34,0.964912,0,0,0,1,0,0
2,bookshelf_small,13,qpAdaptive,1,1,0.00570675,2672,40,10.9274,772,772,1,-0.000115744,0.00249477,0,0,0.0129551,0.0718563,45,24,0.888889,0,0,0,0.928144,0.0651198,0.00673653
2,bookshelf_small,13,qpFreeGate,1,1,0.0836312,71739,1054,14.8672,1962,1962,0,0.00346932,0.00249477,0,0,0.00678135,0,4892,1026,0.215454,0,0,0,1,0,0
2,bookshelf_small,13,qpEnvelope,1,1,0.00578445,2553,40,10.9366,753,753,1,-0.000115744,0.00249477,0,0,0.0139157,0.0301606,45,24,0.888889,0,0,0,0.969839,0.0231101,0.00705053
2,bookshelf_small,14,isSafe,1,1,0.0111748,12959,9,6.4682,8,325,0,0.00129392,0.00249477,0,0,0,0,4,3,2.25,0,0,0,0,0,0
2,bookshelf_small,14,qpFixed,1,1,0.000828593,735,21,5.26256,736,736,2,-5.97806e-05,0.00249477,0,0,0.00715994,0,1,1,21,0,0,0,1,0,0
2,bookshelf_small,14,qpAdaptive,1,1,0.000327845,196,10,5.48915,386,386,0,0.000347628,0.00249477,0,0,0.0280058,0.454082,1,1,10,0,0,0,0.545918,0.433673,0.0204082
2,bookshelf_small,14,qpFreeGate,1,1,0.000916856,885,23,6.3938,836,836,0,0.00662459,0.00249477,0,0,0.0074768,0,12,6,1.91667,0,0,0,1,0,0
2,bookshelf_small,14,qpEnvelope,1,1,0.000302322,109,9,5.48915,341,341,0,0.000347628,0.00249477,0,0,0.0503591,0.302752,1,1,9,0,0,0,0.697248,0.256881,0.0458716
2,bookshelf_small,17,isSafe,1,1,0.0385966,44903,25,11.1545,13,559,0,0.00341163,0.00249477,0,0,0,0,64,19,0.390625,0,0,0,0,0,0
2,bookshelf_small,17,qpFixed,1,1,0.000882295,749,24,5.74095,710,710,0,0.00234189,0.00249477,0,0,0.00799448,0,2,1,12,0,0,0,1,0,0
2,bookshelf_small,17,qpAdaptive,1,1,0.000702669,330,13,5.82708,483,483,6,-0.00112237,0.00249477,0,0,0.0176578,0.139394,1,1,13,0,0,0,0.860606,0.127273,0.0121212
2,bookshelf_small,17,qpFreeGate,1,1,0.00132004,1233,28,6.59601,860,860,0,0.00341163,0.00249477,0,0,0.00738428,0,20,9,1.4,0,0,0,1,0,0
2,bookshelf_small,17,qpEnvelope,1,1,0.000692201,292,13,5.82713,465,465,6,-0.00112237,0.00249477,0,0,0.0199559,0.0890411,1,1,13,0,0,0,0.910959,0.0753425,0.0136986
2,bookshelf_small,18,isSafe,0,0,0,0,0,0,0,0,0,inf,inf,0,0,0,0,0,0,0,0,0,0,0,0,0
2,bookshelf_small,18,qpFixed,0,0,0,0,0,0,0,0,0,inf,inf,0,0,0,0,0,0,0,0,0,0,0,0,0
2,bookshelf_small,18,qpAdaptive,0,0,0,0,0,0,0,0,0,inf,inf,0,0,0,0,0,0,0,0,0,0,0,0,0
2,bookshelf_small,18,qpFreeGate,0,0,0,0,0,0,0,0,0,inf,inf,0,0,0,0,0,0,0,0,0,0,0,0,0
2,bookshelf_small,18,qpEnvelope,0,0,0,0,0,0,0,0,0,inf,inf,0,0,0,0,0,0,0,0,0,0,0,0,0
2,bookshelf_small,20,isSafe,1,1,0.0409747,47650,26,10.7777,12,540,0,0.00441635,0.00249477,0,0,0,0,39,20,0.666667,0,0,0,0,0,0
2,bookshelf_small,20,qpFixed,1,1,0.000795747,528,16,4.31484,529,529,0,0.0017655,0.00249477,0,0,0.00817204,0,1,1,16,0,0,0,1,0,0
2,bookshelf_small,20,qpAdaptive,1,1,0.00126673,595,19,6.42774,547,547,0,0.00188674,0.00249477,0,0,0.0159051,0.127731,3,3,6.33333,0,0,0,0.870588,0.121008,0.00840336
2,bookshelf_small,20,qpFreeGate,1,1,0.00491623,4317,71,7.36576,1019,1019,0,0.00441635,0.00249477,0,0,0.00709082,0,190,59,0.373684,0,0,0,1,0,0
2,bookshelf_small,20,qpEnvelope,1,1,0.00119785,527,18,6.43969,531,531,0,0.00188674,0.00249477,0,0,0.0178267,0.0664137,3,3,6,0,0,0,0.933586,0.0588235,0.00759013
2,bookshelf_small,21,isSafe,1,1,0.00875467,10151,8,5.0731,7,255,0,0.00370496,0.00249477,0,0,0,0,2,1,4,0,0,0,0,0,0
2,bookshelf_small,21,qpFixed,1,1,0.00423275,2729,44,6.41,817,817,0,0.000701062,0.00249477,0,0,0.00673383,0,29,21,1.51724,0,0,0,1,0,0
2,bookshelf_small,21,qpAdaptive,1,1,0.000975478,515,11,5.70581,439,439,0,0.00177233,0.00249477,0,0,0.0136722,0.260194,7,5,1.57143,0,0,0,0.739806,0.252427,0.00776699
2,bookshelf_small,21,qpFreeGate,1,1,0.00155069,1333,25,6.17761,894,894,0,0.00370496,0.00249477,0,0,0.00676364,0,21,11,1.19048,0,0,0,1,0,0
2,bookshelf_small,21,qpEnvelope,1,1,0.000835903,374,11,6.64531,413,413,0,0.00216646,0.00249477,0,0,0.0217044,0.128342,6,5,1.83333,0,0,0,0.871658,0.112299,0.0160428
2,bookshelf_small,23,isSafe,0,0,0,0,0,0,0,0,0,inf,inf,0,0,0,0,0,0,0,0,0,0,0,0,0
2,bookshelf_small,23,qpFixed,0,0,0,0,0,0,0,0,0,inf,inf,0,0,0,0,0,0,0,0,0,0,0,0,0
2,bookshelf_small,23,qpAdaptive,0,0,0,0,0,0,0,0,0,inf,inf,0,0,0,0,0,0,0,0,0,0,0,0,0
2,bookshelf_small,23,qpFreeGate,0,0,0,0,0,0,0,0,0,inf,inf,0,0,0,0,0,0,0,0,0,0,0,0,0
2,bookshelf_small,23,qpEnvelope,0,0,0,0,0,0,0,0,0,inf,inf,0,0,0,0,0,0,0,0,0,0,0,0,0
2,bookshelf_small,24,isSafe,0,0,0,0,0,0,0,0,0,inf,inf,0,0,0,0,0,0,0,0,0,0,0,0,0
2,bookshelf_small,24,qpFixed,0,0,0,0,0,0,0,0,0,inf,inf,0,0,0,0,0,0,0,0,0,0,0,0,0
2,bookshelf_small,24,qpAdaptive,0,0,0,0,0,0,0,0,0,inf,inf,0,0,0,0,0,0,0,0,0,0,0,0,0
2,bookshelf_small,24,qpFreeGate,0,0,0,0,0,0,0,0,0,inf,inf,0,0,0,0,0,0,0,0,0,0,0,0,0
2,bookshelf_small,24,qpEnvelope,0,0,0,0,0,0,0,0,0,inf,inf,0,0,0,0,0,0,0,0,0,0,0,0,0
2,bookshelf_small,25,isSafe,0,0,0,0,0,0,0,0,0,inf,inf,0,0,0,0,0,0,0,0,0,0,0,0,0
2,bookshelf_small,25,qpFixed,0,0,0,0,0,0,0,0,0,inf,inf,0,0,0,0,0,0,0,0,0,0,0,0,0
2,bookshelf_small,25,qpAdaptive,0,0,0,0,0,0,0,0,0,inf,inf,0,0,0,0,0,0,0,0,0,0,0,0,0
2,bookshelf_small,25,qpFreeGate,0,0,0,0,0,0,0,0,0,inf,inf,0,0,0,0,0,0,0,0,0,0,0,0,0
2,bookshelf_small,25,qpEnvelope,0,0,0,0,0,0,0,0,0,inf,inf,0,0,0,0,0,0,0,0,0,0,0,0,0
2,bookshelf_small,27,isSafe,0,0,0,0,0,0,0,0,0,inf,inf,0,0,0,0,0,0,0,0,0,0,0,0,0
2,bookshelf_small,27,qpFixed,0,0,0,0,0,0,0,0,0,inf,inf,0,0,0,0,0,0,0,0,0,0,0,0,0
2,bookshelf_small,27,qpAdaptive,0,0,0,0,0,0,0,0,0,inf,inf,0,0,0,0,0,0,0,0,0,0,0,0,0
2,bookshelf_small,27,qpFreeGate,0,0,0,0,0,0,0,0,0,inf,inf,0,0,0,0,0,0,0,0,0,0,0,0,0
2,bookshelf_small,27,qpEnvelope,0,0,0,0,0,0,0,0,0,inf,inf,0,0,0,0,0,0,0,0,0,0,0,0,0
2,bookshelf_small,28,isSafe,1,1,0.0918479,106813,56,16.259,18,814,4,-0.00125113,0.00249477,0,0,0,0,156,51,0.358974,0,0,0,0,0,0
2,bookshelf_small,28,qpFixed,1,1,0.0218955,12667,110,12.7904,1733,1733,23,-0.00167954,0.00249477,0,0,0.00608238,0,211,96,0.521327,0,0,0,1,0,0
2,bookshelf_small,28,qpAdaptive,1,1,0.0157904,7329,97,18.9415,1446,1446,5,-0.00119483,0.00249477,0,0,0.0110271,0.108337,117,63,0.82906,0,0,0,0.890981,0.104107,0.00491199
2,bookshelf_small,28,qpFreeGate,1,1,0.0100658,8859,138,13.0769,1739,1739,0,0.00434189,0.00249477,0,0,0.007002,0,392,129,0.352041,0,0,0,1,0,0
2,bookshelf_small,28,qpEnvelope,1,1,0.00844743,3639,57,12.5183,966,966,0,0.00115195,0.00249477,0,0,0.0130913,0.0590822,59,36,0.966102,0,0,0,0.939819,0.0533113,0.00687002
2,bookshelf_small,29,isSafe,1,1,0.0861916,100284,52,16.874,18,845,0,0.00276568,0.00249477,0,0,0,0,161,45,0.322981,0,0,0,0,0,0
2,bookshelf_small,29,qpFixed,1,1,0.00340426,2260,39,8.47478,1261,1261,60,-0.00182763,0.00249477,0,0,0.0062212,0,21,15,1.85714,0,0,0,1,0,0
2,bookshelf_small,29,qpAdaptive,1,1,0.00232494,1060,29,9.49334,741,741,103,-0.00182763,0.00249477,0,0,0.0148712,0.127358,16,12,1.8125,0,0,0,0.871698,0.119811,0.00849057
2,bookshelf_small,29,qpFreeGate,1,1,0.0109461,10318,204,13.9823,1859,1859,0,0.00548559,0.00249477,0,0,0.00719585,0,485,183,0.420619,0,0,0,1,0,0
2,bookshelf_small,29,qpEnvelope,1,1,0.00242849,997,33,9.52509,712,712,126,-0.00182763,0.00249477,0,0,0.0158887,0.0471414,16,12,2.0625,0,0,0,0.951856,0.0371113,0.0110331
2,bookshelf_small,31,isSafe,1,1,0.0132117,15333,10,7.65928,9,384,7,-0.00198721,0.00249477,0,0,0,0,5,2,2,0,0,0,0,0,0
2,bookshelf_small,31,qpFixed,1,1,0.0471624,26370,224,9.98946,1208,1208,0,0.000426192,0.00249477,0,0,0.00586321,0,440,173,0.509091,0,0,0,1,0,0
2,bookshelf_small,31,qpAdaptive,1,1,0.0117191,5587,72,11.3748,1106,1106,0,0.00117099,0.00249477,0,0,0.00923539,0.108824,79,44,0.911392,0,0,0,0.890639,0.107034,0.00232683
2,bookshelf_small,31,qpFreeGate,1,1,0.0148763,12786,195,16.5793,2054,2054,0,0.0058869,0.00249477,0,0,0.00719295,0,560,171,0.348214,0,0,0,1,0,0
2,bookshelf_small,31,qpEnvelope,1,1,0.0126042,5476,86,15.6818,1249,1249,0,0.00117097,0.00249477,0,0,0.0112825,0.0662893,79,46,1.08861,0,0,0,0.932432,0.0622717,0.00529584
2,bookshelf_small,34,isSafe,0,0,0,0,0,0,0,0,0,inf,inf,0,0,0,0,0,0,0,0,0,0,0,0,0
2,bookshelf_small,34,qpFixed,0,0,0,0,0,0,0,0,0,inf,inf,0,0,0,0,0,0,0,0,0,0,0,0,0
2,bookshelf_small,34,qpAdaptive,0,0,0,0,0,0,0,0,0,inf,inf,0,0,0,0,0,0,0,0,0,0,0,0,0
2,bookshelf_small,34,qpFreeGate,0,0,0,0,0,0,0,0,0,inf,inf,0,0,0,0,0,0,0,0,0,0,0,0,0
2,bookshelf_small,34,qpEnvelope,0,0,0,0,0,0,0,0,0,inf,inf,0,0,0,0,0,0,0,0,0,0,0,0,0
2,box,1,isSafe,1,1,0.0274903,31977,18,10.9624,12,550,0,0.0473157,0.00249477,0,0,0,0,26,13,0.692308,0,0,0,0,0,0
2,box,1,qpFixed,1,1,0.0373886,22658,222,17.1586,2357,2357,0,0.000689598,0.00249477,0,0,0.00608742,0,352,162,0.630682,0,0,0,1,0,0
2,box,1,qpAdaptive,1,1,0.00595546,2892,50,10.1714,892,892,0,0.00134246,0.00249477,0,0,0.0112305,0.125864,42,27,1.19048,0,0,0,0.871715,0.121715,0.00656985
2,box,1,qpFreeGate,1,1,0.00802059,7119,117,10.2038,1383,1383,0,0.0140866,0.00249477,0,0,0.00721791,0,239,99,0.48954,0,0,0,1,0,0
2,box,1,qpEnvelope,1,1,0.00176252,768,18,6.62688,517,517,0,0.00152548,0.00249477,0,0,0.0130051,0.0794271,8,7,2.25,0,0,0,0.920573,0.0716146,0.0078125
2,box,2,isSafe,1,1,0.0392654,45630,25,8.77183,10,440,0,0.0135444,0.00249477,0,0,0,0,47,18,0.531915,0,0,0,0,0,0
2,box,2,qpFixed,1,1,0.0243973,15445,163,16.6216,2230,2230,0,0.00499693,0.00249477,0,0,0.006061,0,228,112,0.714912,0,0,0,1,0,0
2,box,2,qpAdaptive,1,1,0.00222511,1035,22,7.73799,566,566,3,-0.000102979,0.00249477,0,0,0.0135667,0.14686,13,8,1.69231,0,0,0,0.852174,0.141063,0.00676329
2,box,2,qpFreeGate,1,1,0.0188956,16774,259,10.6409,1444,1444,0,0.00880985,0.00249477,0,0,0.00709604,0,636,234,0.407233,0,0,0,1,0,0
2,box,2,qpEnvelope,1,1,0.00218423,933,21,8.18407,589,589,3,-0.00010996,0.00249477,0,0,0.0156031,0.0943194,13,8,1.61538,0,0,0,0.905681,0.0846731,0.0096463
2,box,3,isSafe,1,1,0.017991,20925,13,8.44755,10,424,0,0.024205,0.00249477,0,0,0,0,18,8,0.722222,0,0,0,0,0,0
2,box,3,qpFixed,1,1,0.00304706,2116,33,6.62323,917,917,0,0.00125942,0.00249477,0,0,0.0066348,0,25,16,1.32,0,0,0,1,0,0
2,box,3,qpAdaptive,1,1,0.00327085,1569,32,8.35871,739,739,0,0.00164503,0.00249477,0,0,0.0119947,0.0936902,17,12,1.88235,0,0,0,0.905672,0.0892288,0.00509879
2,box,3,qpFreeGate,1,1,0.00388727,3443,62,11.5264,1525,1525,0,0.0128806,0.00249477,0,0,0.0069762,0,88,43,0.704545,0,0,0,1,0,0
2,box,3,qpEnvelope,1,1,0.00334564,1487,31,8.414,728,728,0,0.00171553,0.00249477,0,0,0.0123403,0.0497646,17,11,1.82353,0,0,0,0.949563,0.0443847,0.00605245
2,box,4,isSafe,1,1,0.0321707,37398,21,10.6799,12,535,0,0.00383806,0.00249477,0,0,0,0,30,15,0.7,0,0,0,0,0,0
2,box,4,qpFixed,1,1,0.00903382,5883,80,9.09909,1324,1324,0,0.00266165,0.00249477,0,0,0.00626024,0,73,46,1.09589,0,0,0,1,0,0
2,box,4,qpAdaptive,1,1,0.00473995,2272,39,8.44014,647,647,0,0.00303041,0.00249477,0,0,0.0122349,0.0972711,30,19,1.3,0,0,0,0.902289,0.0933099,0.00440141
2,box,4,qpFreeGate,1,1,0.00485617,4195,75,9.76903,1367,1367,0,0.00536331,0.00249477,0,0,0.00703628,0,113,51,0.663717,0,0,0,1,0,0
2,box,4,qpEnvelope,1,1,0.00706922,3141,59,10.2887,821,821,0,0.00119024,0.00249477,0,0,0.0122971,0.0729067,44,26,1.34091,0,0,0,0.924546,0.0687679,0.00668577
2,box,5,isSafe,1,1,0.0451925,52557,29,12.2191,14,612,0,0.00963591,0.00249477,0,0,0,0,62,20,0.467742,0,0,0,0,0,0
2,box,5,qpFixed,1,1,0.00934503,6331,76,12.6536,1700,1700,0,0.0010846,0.00249477,0,0,0.00618036,0,86,48,0.883721,0,0,0,1,0,0
2,box,5,qpAdaptive,1,1,0.00688152,3259,49,7.01699,632,632,19,-0.000475815,0.00249477,0,0,0.011181,0.100338,46,29,1.06522,0,0,0,0.899049,0.0966554,0.0042958
2,box,5,qpFreeGate,1,1,0.010473,9292,138,11.3096,1449,1449,0,0.0130592,0.00249477,0,0,0.00715868,0,231,103,0.597403,0,0,0,1,0,0
2,box,5,qpEnvelope,1,1,0.00340684,1474,27,10.168,809,809,0,4.19139e-05,0.00249477,0,0,0.014871,0.109905,21,13,1.28571,0,0,0,0.890095,0.103121,0.00678426
2,box,6,isSafe,1,1,0.024449,28429,17,8.17704,10,410,0,0.0217515,0.00249477,0,0,0,0,34,13,0.5,0,0,0,0,0,0
2,box,6,qpFixed,1,1,0.00300562,2159,47,6.13947,862,862,0,0.00326112,0.00249477,0,0,0.00650493,0,15,11,3.13333,0,0,0,1,0,0
2,box,6,qpAdaptive,1,1,0.00244318,1101,28,7.79147,769,769,0,0.00103521,0.00249477,0,0,0.0121285,0.0572207,14,11,2,0,0,0,0.942779,0.0508629,0.00635786
2,box,6,qpFreeGate,1,1,0.00550172,4836,93,10.9978,1441,1441,0,0.011533,0.00249477,0,0,0.00715928,0,152,73,0.611842,0,0,0,1,0,0
2,box,6,qpEnvelope,1,1,0.0014814,641,18,9.74536,727,727,4,-0.00036368,0.00249477,0,0,0.0171788,0.124805,7,7,2.57143,0,0,0,0.875195,0.113885,0.0109204
2,box,7,isSafe,1,1,0.109461,127312,66,18.5317,20,928,0,0.00720321,0.00249477,0,0,0,0,167,57,0.39521,0,0,0,0,0,0
2,box,7,qpFixed,1,1,0.0160246,10145,125,11.3054,1517,1517,0,0.00138595,0.00249477,0,0,0.00630094,0,134,84,0.932836,0,0,0,1,0,0
2,box,7,qpAdaptive,1,1,0.00276151,1278,29,8.7027,653,653,0,0.00251217,0.00249477,0,0,0.0140667,0.147887,14,11,2.07143,0,0,0,0.85133,0.141628,0.00704225
2,box,7,qpFreeGate,1,1,0.016326,14388,223,9.03997,1224,1224,0,0.0157868,0.00249477,0,0,0.00725634,0,493,187,0.452333,0,0,0,1,0,0
2,box,7,qpEnvelope,1,1,0.00273925,1160,27,8.74041,634,634,0,0.00255891,0.00249477,0,0,0.0157868,0.0982759,14,11,1.92857,0,0,0,0.9,0.0913793,0.00862069
2,box,8,isSafe,1,1,0.054214,63014,34,11.4583,13,574,0,0.00493632,0.00249477,0,0,0,0,66,27,0.515152,0,0,0,0,0,0
2,box,8,qpFixed,1,1,0.034755,21561,225,17.6896,2341,2341,0,0.00152598,0.00249477,0,0,0.00628513,0,319,188,0.705329,0,0,0,1,0,0
2,box,8,qpAdaptive,1,1,0.0129298,6230,86,8.44952,737,737,0,0.00187826,0.00249477,0,0,0.0103006,0.123917,88,63,0.977273,0,0,0,0.875602,0.121027,0.00337079
2,box,8,qpFreeGate,1,1,0.0251974,21602,337,16.8932,2221,2221,0,0.00954942,0.00249477,0,0,0.0071929,0,803,303,0.419676,0,0,0,1,0,0
2,box,8,qpEnvelope,1,1,0.00271796,1180,28,14.0159,940,940,0,0.00042115,0.00249477,0,0,0.0190836,0.150847,15,12,1.86667,0,0,0,0.849153,0.139831,0.0110169
2,box,9,isSafe,1,1,0.107552,125065,65,15.4383,17,773,0,0.000419033,0.00249477,0,0,0,0,253,56,0.256917,0,0,0,0,0,0
2,box,9,qpFixed,1,1,0.0592842,34459,311,20.7505,2806,2806,0,0.00167662,0.00249477,0,0,0.00583739,0,561,237,0.554367,0,0,0,1,0,0
2,box,9,qpAdaptive,1,1,0.0154384,7185,99,13.7084,1258,1258,0,0.00131623,0.00249477,0,0,0.00966698,0.100209,105,61,0.942857,0,0,0,0.899235,0.0975644,0.00320111
2,box,9,qpFreeGate,1,1,0.0312697,26853,402,15.8373,2136,2136,0,0.00743245,0.00249477,0,0,0.00708052,0,1166,365,0.344768,0,0,0,1,0,0
2,box,9,qpEnvelope,1,1,0.0349267,15669,159,19.3523,1510,1510,0,0.0014598,0.00249477,0,0,0.00910451,0.0370796,271,113,0.586716,0,0,0,0.96292,0.0345268,0.00255281
2,box,10,isSafe,1,1,0.0181561,21110,13,9.54105,11,479,0,0.0252555,0.00249477,0,0,0,0,17,8,0.764706,0,0,0,0,0,0
2,box,10,qpFixed,1,1,0.00827476,5705,71,11.259,1506,1506,0,0.000456845,0.00249477,0,0,0.0065291,0,75,54,0.946667,0,0,0,1,0,0
2,box,10,qpAdaptive,1,1,0.00064891,307,16,4.53669,406,406,0,0.00128501,0.00249477,0,0,0.0155356,0.149837,2,2,8,0,0,0,0.837134,0.143322,0.019544
2,box,10,qpFreeGate,1,1,0.0062507,5486,80,10.8718,1438,1438,0,0.00833259,0.00249477,0,0,0.00699102,0,129,64,0.620155,0,0,0,1,0,0
2,box,10,qpEnvelope,1,1,0.000604385,268,12,4.52089,381,381,0,0.00104054,0.00249477,0,0,0.017743,0.0895522,2,2,6,0,0,0,0.910448,0.0820896,0.00746269
2,box,11,isSafe,1,1,0.0295652,34362,20,10.1372,12,508,0,0.000807498,0.00249477,0,0,0,0,33,16,0.606061,0,0,0,0,0,0
2,box,11,qpFixed,1,1,0.0105728,7091,91,12.564,1652,1652,0,0.00180781,0.00249477,0,0,0.00658375,0,90,64,1.01111,0,0,0,1,0,0
2,box,11,qpAdaptive,1,1,0.00631667,3046,47,13.2318,925,925,0,0.000101749,0.00249477,0,0,0.0115928,0.144452,42,31,1.11905,0,0,0,0.85522,0.140512,0.00426789
2,box,11,qpFreeGate,1,1,0.00783903,6849,111,13.9932,1857,1857,0,0.00800818,0.00249477,0,0,0.00707911,0,184,91,0.603261,0,0,0,1,0,0
2,box,11,qpEnvelope,1,1,0.00497578,2162,40,10.415,983,983,10,-0.00014406,0.00249477,0,0,0.0123063,0.103145,26,20,1.53846,0,0,0,0.896392,0.0989824,0.00462535
2,box,12,isSafe,1,1,0.137557,160048,82,24.8353,26,1243,0,0.00350152,0.00249477,0,0,0,0,233,73,0.351931,0,0,0,0,0,0
2,box,12,qpFixed,1,1,0.0048775,3511,46,8.81573,1192,1192,0,0.00204618,0.00249477,0,0,0.00662231,0,45,28,1.02222,0,0,0,1,0,0
2,box,12,qpAdaptive,1,1,0.00978688,4686,60,10.1012,861,861,0,0.00212683,0.00249477,0,0,0.0105193,0.128895,69,42,0.869565,0,0,0,0.870892,0.126334,0.00277422
2,box,12,qpFreeGate,1,1,0.00778247,6817,110,13.1769,1738,1738,0,0.00874129,0.00249477,0,0,0.007096,0,167,92,0.658683,0,0,0,1,0,0
2,box,12,qpEnvelope,1,1,0.0060869,2744,42,10.3977,897,897,0,0.00174878,0.00249477,0,0,0.0118653,0.076895,38,25,1.10526,0,0,0,0.923105,0.0728863,0.00400875
2,box,13,isSafe,1,1,0.0185159,21497,13,8.73423,10,438,0,0.00291791,0.00249477,0,0,0,0,16,7,0.8125,0,0,0,0,0,0
2,box,13,qpFixed,1,1,0.00847274,5637,82,10.3799,1467,1467,0,0.00086842,0.00249477,0,0,0.00640813,0,68,47,1.20588,0,0,0,1,0,0
2,box,13,qpAdaptive,1,1,0.00583403,2716,45,8.91871,803,803,0,0.00137552,0.00249477,0,0,0.00960857,0.119661,30,22,1.5,0,0,0,0.879971,0.117084,0.00294551
2,box,13,qpFreeGate,1,1,0.0114296,9986,159,13.9387,1848,1848,0,0.00653091,0.00249477,0,0,0.00721286,0,337,130,0.47181,0,0,0,1,0,0
2,box,13,qpEnvelope,1,1,0.0085882,3785,59,11.1279,1003,1003,0,0.002381,0.00249477,0,0,0.0113725,0.0948481,56,34,1.05357,0,0,0,0.904095,0.0908851,0.00501982
2,box,14,isSafe,1,1,0.00801201,9283,7,4.63844,6,233,0,0.004362,0.00249477,0,0,0,0,1,1,7,0,0,0,0,0,0
2,box,14,qpFixed,1,1,0.00240961,1659,32,7.55459,1113,1113,16,-0.000325124,0.00249477,0,0,0.00619409,0,15,10,2.13333,0,0,0,1,0,0
2,box,14,qpAdaptive,1,1,0.00024131,146,9,4.63846,321,321,0,0.00429718,0.00249477,0,0,0.0317703,0.479452,1,1,9,0,0,0,0.520548,0.452055,0.0273973
2,box,14,qpFreeGate,1,1,0.00356602,3107,55,8.75398,1225,1225,0,0.00955982,0.00249477,0,0,0.00708837,0,72,34,0.763889,0,0,0,1,0,0
2,box,14,qpEnvelope,1,1,0.000235135,106,8,4.63846,295,295,0,0.00431453,0.00249477,0,0,0.043759,0.518868,1,1,8,0,0,0,0.481132,0.481132,0.0377358
2,box,15,isSafe,1,1,0.0571606,66542,36,14.202,16,712,0,0.0144513,0.00249477,0,0,0,0,71,29,0.507042,0,0,0,0,0,0
2,box,15,qpFixed,1,1,0.00346614,2439,32,6.76161,920,920,0,0.0011055,0.00249477,0,0,0.00644442,0,33,21,0.969697,0,0,0,1,0,0
2,box,15,qpAdaptive,1,1,0.00287408,1395,25,10.9484,761,761,0,0.0044449,0.00249477,0,0,0.0137653,0.185663,19,13,1.31579,0,0,0,0.814337,0.179211,0.00645161
2,box,15,qpFreeGate,1,1,0.00515155,4574,72,10.218,1311,1311,0,0.00732206,0.00249477,0,0,0.00708316,0,119,62,0.605042,0,0,0,1,0,0
2,box,15,qpEnvelope,1,1,0.00288467,1300,25,11.0896,741,741,0,0.00397941,0.00249477,0,0,0.0148997,0.08,19,11,1.31579,0,0,0,0.92,0.0723077,0.00769231
2,box,16,isSafe,1,1,0.0284183,33051,19,11.4703,13,575,0,0.0520077,0.00249477,0,0,0,0,40,12,0.475,0,0,0,0,0,0
2,box,16,qpFixed,1,1,0.00259449,1855,37,8.12437,1158,1158,0,0.00244888,0.00249477,0,0,0.00657259,0,16,10,2.3125,0,0,0,1,0,0
2,box,16,qpAdaptive,1,1,0.00152825,700,21,9.00085,591,591,0,0.00279179,0.00249477,0,0,0.0198097,0.15,12,8,1.75,0,0,0,0.845714,0.137143,0.0171429
2,box,16,qpFreeGate,1,1,0.00865599,7989,158,11.4572,1535,1535,0,0.00711896,0.00249477,0,0,0.00713777,0,359,131,0.440111,0,0,0,1,0,0
2,box,16,qpEnvelope,1,1,0.000865611,338,14,8.5393,512,512,0,0.00264641,0.00249477,0,0,0.0284056,0.12426,6,4,2.33333,0,0,0,0.872781,0.10355,0.0236686
2,box,17,isSafe,1,1,0.016186,18812,12,8.393,10,421,0,0.00646999,0.00249477,0,0,0,0,12,7,1,0,0,0,0,0,0
2,box,17,qpFixed,1,1,0.00275134,2013,31,7.25689,1014,1014,0,0.00094069,0.00249477,0,0,0.00659647,0,23,17,1.34783,0,0,0,1,0,0
2,box,17,qpAdaptive,1,1,0.00176855,862,18,7.8154,620,620,0,0.00228555,0.00249477,0,0,0.0131783,0.136891,11,7,1.63636,0,0,0,0.861949,0.12993,0.00812065
2,box,17,qpFreeGate,1,1,0.00377116,3334,59,9.92279,1328,1328,0,0.00877491,0.00249477,0,0,0.00720512,0,64,43,0.921875,0,0,0,1,0,0
2,box,17,qpEnvelope,1,1,0.00179718,811,18,7.91852,622,622,0,0.00157465,0.00249477,0,0,0.0141072,0.0678175,11,7,1.63636,0,0,0,0.930949,0.0604192,0.00863132
2,box,18,isSafe,1,1,0.0709679,82501,44,14.1495,16,709,0,0.00302898,0.00249477,0,0,0,0,112,35,0.392857,0,0,0,0,0,0
2,box,18,qpFixed,1,1,0.0127912,7966,91,13.8579,1864,1864,0,0.00293629,0.00249477,0,0,0.0061198,0,112,57,0.8125,0,0,0,1,0,0
2,box,18,qpAdaptive,1,1,0.0191166,9086,102,18.7295,1518,1518,0,0.00343589,0.00249477,0,0,0.00998183,0.0784724,156,72,0.653846,0,0,0,0.921197,0.0751706,0.00363196
2,box,18,qpFreeGate,1,1,0.0075199,6723,105,11.6001,1580,1580,0,0.00728775,0.00249477,0,0,0.00700292,0,190,84,0.552632,0,0,0,1,0,0
2,box,18,qpEnvelope,1,1,0.00597185,2675,51,9.56562,834,834,0,0.00198691,0.00249477,0,0,0.0124369,0.033271,40,28,1.275,0,0,0,0.964112,0.0276636,0.0082243
2,box,19,isSafe,1,1,0.0426166,49575,27,14.7177,16,737,1,-0.000256359,0.00249477,0,0,0,0,83,22,0.325301,0,0,0,0,0,0
2,box,19,qpFixed,1,1,0.00309029,2351,31,7.24577,952,952,0,4.1493e-05,0.00249477,0,0,0.00662484,0,31,22,1,0,0,0,1,0,0
2,box,19,qpAdaptive,1,1,0.00518527,2452,39,9.58798,1016,1016,4,-0.000285891,0.00249477,0,0,0.00933711,0.152936,31,21,1.25806,0,0,0,0.846248,0.150897,0.00285481
2,box,19,qpFreeGate,1,1,0.00336228,2921,42,8.68627,1123,1123,0,0.00774587,0.00249477,0,0,0.0069339,0,71,33,0.591549,0,0,0,1,0,0
2,box,19,qpEnvelope,1,1,0.00625054,2745,39,10.6048,967,967,0,0.00141769,0.00249477,0,0,0.00995113,0.0637523,39,23,1,0,0,0,0.935883,0.0615665,0.00255009
2,box,20,isSafe,1,1,0.0545371,63412,34,9.57015,11,480,0,0.03947,0.00249477,0,0,0,0,109,26,0.311927,0,0,0,0,0,0
2,box,20,qpFixed,1,1,0.00221009,1637,35,5.59694,718,718,0,0.00167913,0.00249477,0,0,0.00720709,0,9,6,3.88889,0,0,0,1,0,0
2,box,20,qpAdaptive,1,1,0.000805625,394,14,7.25949,530,530,0,0.00168481,0.00249477,0,0,0.0208293,0.19797,3,3,4.66667,0,0,0,0.80203,0.182741,0.0152284
2,box,20,qpFreeGate,1,1,0.00202906,1829,35,6.8441,923,923,0,0.0154162,0.00249477,0,0,0.00707192,0,30,16,1.16667,0,0,0,1,0,0
2,box,20,qpEnvelope,1,1,0.000845837,361,14,7.38518,519,519,0,0.0030195,0.00249477,0,0,0.0232096,0.141274,3,3,4.66667,0,0,0,0.858726,0.124654,0.0166205
2,table_pick,1,isSafe,1,1,0.0376043,43721,24,9.79857,11,491,4,-0.0026501,0.00249477,0,0,0,0,61,16,0.393443,0,0,0,0,0,0
2,table_pick,1,qpFixed,1,1,0.00536454,3849,57,10.564,1490,1490,0,0.002188,0.00249477,0,0,0.00652191,0,43,28,1.32558,0,0,0,1,0,0
2,table_pick,1,qpAdaptive,1,1,0.000663835,308,13,7.89547,442,442,0,0.00262264,0.00249477,0,0,0.0358281,0.269481,6,4,2.16667,0,0,0,0.727273,0.24026,0.0324675
2,table_pick,1,qpFreeGate,1,1,0.0138282,12873,241,14.031,1872,1872,0,0.00359862,0.00249477,0,0,0.00708184,0,695,215,0.346763,0,0,0,1,0,0
2,table_pick,1,qpEnvelope,1,1,0.000723162,280,15,7.94828,439,439,0,0.00262264,0.00249477,0,0,0.0395995,0.164286,6,4,2.5,0,0,0,0.828571,0.132143,0.0392857
2,table_pick,2,isSafe,0,0,0,0,0,0,0,0,0,inf,inf,0,0,0,0,0,0,0,0,0,0,0,0,0
2,table_pick,2,qpFixed,0,0,0,0,0,0,0,0,0,inf,inf,0,0,0,0,0,0,0,0,0,0,0,0,0
2,table_pick,2,qpAdaptive,0,0,0,0,0,0,0,0,0,inf,inf,0,0,0,0,0,0,0,0,0,0,0,0,0
2,table_pick,2,qpFreeGate,0,0,0,0,0,0,0,0,0,inf,inf,0,0,0,0,0,0,0,0,0,0,0,0,0
2,table_pick,2,qpEnvelope,0,0,0,0,0,0,0,0,0,inf,inf,0,0,0,0,0,0,0,0,0,0,0,0,0
2,table_pick,3,isSafe,1,1,0.0397285,46172,26,14.0313,16,703,0,0.00356395,0.00249477,0,0,0,0,85,19,0.305882,0,0,0,0,0,0
2,table_pick,3,qpFixed,1,1,0.0140471,8270,86,12.8186,1751,1751,11,-0.00231067,0.00249477,0,0,0.00614368,0,132,60,0.651515,0,0,0,1,0,0
2,table_pick,3,qpAdaptive,1,1,0.0125475,5751,58,9.66245,739,739,0,0.00199776,0.00249477,0,0,0.0109846,0.0676404,111,48,0.522523,0,0,0,0.932012,0.0632933,0.00469484
2,table_pick,3,qpFreeGate,1,1,0.00653379,5948,100,10.9157,1410,1410,0,0.00356395,0.00249477,0,0,0.00706092,0,221,82,0.452489,0,0,0,1,0,0
2,table_pick,3,qpEnvelope,1,1,0.0124532,5394,61,12.3865,839,839,0,0.00123059,0.00249477,0,0,0.0120956,0.0368928,105,49,0.580952,0,0,0,0.962922,0.0315165,0.00556174
2,table_pick,4,isSafe,0,0,0,0,0,0,0,0,0,inf,inf,0,0,0,0,0,0,0,0,0,0,0,0,0
2,table_pick,4,qpFixed,0,0,0,0,0,0,0,0,0,inf,inf,0,0,0,0,0,0,0,0,0,0,0,0,0
2,table_pick,4,qpAdaptive,0,0,0,0,0,0,0,0,0,inf,inf,0,0,0,0,0,0,0,0,0,0,0,0,0
2,table_pick,4,qpFreeGate,0,0,0,0,0,0,0,0,0,inf,inf,0,0,0,0,0,0,0,0,0,0,0,0,0
2,table_pick,4,qpEnvelope,0,0,0,0,0,0,0,0,0,inf,inf,0,0,0,0,0,0,0,0,0,0,0,0,0
2,table_pick,5,isSafe,0,0,0,0,0,0,0,0,0,inf,inf,0,0,0,0,0,0,0,0,0,0,0,0,0
2,table_pick,5,qpFixed,0,0,0,0,0,0,0,0,0,inf,inf,0,0,0,0,0,0,0,0,0,0,0,0,0
2,table_pick,5,qpAdaptive,0,0,0,0,0,0,0,0,0,inf,inf,0,0,0,0,0,0,0,0,0,0,0,0,0
2,table_pick,5,qpFreeGate,0,0,0,0,0,0,0,0,0,inf,inf,0,0,0,0,0,0,0,0,0,0,0,0,0
2,table_pick,5,qpEnvelope,0,0,0,0,0,0,0,0,0,inf,inf,0,0,0,0,0,0,0,0,0,0,0,0,0
2,table_pick,6,isSafe,0,0,0,0,0,0,0,0,0,inf,inf,0,0,0,0,0,0,0,0,0,0,0,0,0
2,table_pick,6,qpFixed,0,0,0,0,0,0,0,0,0,inf,inf,0,0,0,0,0,0,0,0,0,0,0,0,0
2,table_pick,6,qpAdaptive,0,0,0,0,0,0,0,0,0,inf,inf,0,0,0,0,0,0,0,0,0,0,0,0,0
2,table_pick,6,qpFreeGate,0,0,0,0,0,0,0,0,0,inf,inf,0,0,0,0,0,0,0,0,0,0,0,0,0
2,table_pick,6,qpEnvelope,0,0,0,0,0,0,0,0,0,inf,inf,0,0,0,0,0,0,0,0,0,0,0,0,0
2,table_pick,7,isSafe,0,0,0,0,0,0,0,0,0,inf,inf,0,0,0,0,0,0,0,0,0,0,0,0,0
2,table_pick,7,qpFixed,0,0,0,0,0,0,0,0,0,inf,inf,0,0,0,0,0,0,0,0,0,0,0,0,0
2,table_pick,7,qpAdaptive,0,0,0,0,0,0,0,0,0,inf,inf,0,0,0,0,0,0,0,0,0,0,0,0,0
2,table_pick,7,qpFreeGate,0,0,0,0,0,0,0,0,0,inf,inf,0,0,0,0,0,0,0,0,0,0,0,0,0
2,table_pick,7,qpEnvelope,0,0,0,0,0,0,0,0,0,inf,inf,0,0,0,0,0,0,0,0,0,0,0,0,0
2,table_pick,8,isSafe,1,1,0.00868979,10060,8,5.00799,7,252,3,-0.00394768,0.00249477,0,0,0,0,3,2,2.66667,0,0,0,0,0,0
2,table_pick,8,qpFixed,1,1,0.000437493,379,12,2.76395,380,380,0,0.000145391,0.00249477,0,0,0.00729275,0,1,1,12,0,0,0,1,0,0
2,table_pick,8,qpAdaptive,1,1,0.000114906,63,7,4.06301,237,237,1,-6.39095e-05,0.00249477,0,0,0.0644922,0.730159,1,1,7,0,0,0,0.269841,0.666667,0.0634921
2,table_pick,8,qpFreeGate,1,1,0.0123657,11460,226,3.08036,394,394,0,0.00341799,0.00249477,0,0,0.00716376,0,722,218,0.313019,0,0,0,1,0,0
2,table_pick,8,qpEnvelope,1,1,0.00014595,39,7,4.06302,227,227,1,-6.39095e-05,0.00249477,0,0,0.10418,0.615385,1,1,7,0,0,0,0.384615,0.487179,0.128205
2,table_pick,9,isSafe,0,0,0,0,0,0,0,0,0,inf,inf,0,0,0,0,0,0,0,0,0,0,0,0,0
2,table_pick,9,qpFixed,0,0,0,0,0,0,0,0,0,inf,inf,0,0,0,0,0,0,0,0,0,0,0,0,0
2,table_pick,9,qpAdaptive,0,0,0,0,0,0,0,0,0,inf,inf,0,0,0,0,0,0,0,0,0,0,0,0,0
2,table_pick,9,qpFreeGate,0,0,0,0,0,0,0,0,0,inf,inf,0,0,0,0,0,0,0,0,0,0,0,0,0
2,table_pick,9,qpEnvelope,0,0,0,0,0,0,0,0,0,inf,inf,0,0,0,0,0,0,0,0,0,0,0,0,0
2,table_pick,10,isSafe,1,1,0.0144095,16746,11,6.36369,8,320,2,-0.0030036,0.00249477,0,0,0,0,12,6,0.916667,0,0,0,0,0,0
2,table_pick,10,qpFixed,1,1,0.0029109,1986,29,5.65537,827,827,0,0.000556578,0.00249477,0,0,0.00620951,0,24,12,1.20833,0,0,0,1,0,0
2,table_pick,10,qpAdaptive,1,1,0.00340808,1579,34,12.7176,998,998,0,0.000868339,0.00249477,0,0,0.0129503,0.10133,17,12,2,0,0,0,0.898037,0.0949968,0.00696643
2,table_pick,10,qpFreeGate,1,1,0.0102506,9124,163,14.3713,1848,1848,0,0.00399763,0.00249477,0,0,0.00699981,0,484,149,0.336777,0,0,0,1,0,0
2,table_pick,10,qpEnvelope,1,1,0.00233262,999,26,12.5395,857,857,0,0.0007555,0.00249477,0,0,0.0179427,0.0800801,14,9,1.85714,0,0,0,0.917918,0.0700701,0.012012
2,table_pick,11,isSafe,1,1,0.0504408,58584,32,5.13197,7,258,2,-0.00220027,0.00249477,0,0,0,0,86,27,0.372093,0,0,0,0,0,0
2,table_pick,11,qpFixed,1,1,0.00130694,972,26,4.68396,693,693,0,0.000525505,0.00249477,0,0,0.00637474,0,8,5,3.25,0,0,0,1,0,0
2,table_pick,11,qpAdaptive,1,1,0.00115898,530,14,5.01082,408,408,5,-0.00091493,0.00249477,0,0,0.0178573,0.160377,8,6,1.75,0,0,0,0.839623,0.149057,0.0113208
2,table_pick,11,qpFreeGate,1,1,0.00376619,3389,72,5.9998,881,881,0,0.00395106,0.00249477,0,0,0.00702385,0,145,53,0.496552,0,0,0,1,0,0
2,table_pick,11,qpEnvelope,1,1,0.000237455,95,8,4.22233,273,273,0,0.0017908,0.00249477,0,0,0.0444455,0.368421,1,1,8,0,0,0,0.631579,0.326316,0.0421053
2,table_pick,12,isSafe,1,1,0.0219548,25508,15,9.70647,11,487,3,-0.00147828,0.00249477,0,0,0,0,11,6,1.36364,0,0,0,0,0,0
2,table_pick,12,qpFixed,1,1,0.00584755,5524,73,13.2655,1805,1805,0,0.00186471,0.00249477,0,0,0.00648901,0,69,57,1.05797,0,0,0,1,0,0
2,table_pick,12,qpAdaptive,1,1,0.000275507,143,11,7.32409,420,420,0,0.00186471,0.00249477,0,0,0.0526442,0.559441,2,2,5.5,0,0,0,0.440559,0.51049,0.048951
2,table_pick,12,qpFreeGate,1,1,0.00377825,3586,82,10.7087,1495,1495,0,0.0036718,0.00249477,0,0,0.00705677,0,146,61,0.561644,0,0,0,1,0,0
2,table_pick,12,qpEnvelope,1,1,0.000275661,98,10,7.38341,401,401,0,0.00186471,0.00249477,0,0,0.0774229,0.306122,2,2,5,0,0,0,0.693878,0.234694,0.0714286
2,table_pick,13,isSafe,1,1,0.0245032,28516,17,13.2429,15,664,0,0.00382797,0.00249477,0,0,0,0,19,9,0.894737,0,0,0,0,0,0
2,table_pick,13,qpFixed,1,1,0.00780965,6217,82,9.93052,1418,1418,0,0.00146588,0.00249477,0,0,0.00651236,0,77,60,1.06494,0,0,0,1,0,0
2,table_pick,13,qpAdaptive,1,1,0.00983083,4697,64,10.7528,928,928,1,-0.000247522,0.00249477,0,0,0.0103485,0.123483,69,41,0.927536,0,0,0,0.876304,0.120502,0.00319353
2,table_pick,13,qpFreeGate,1,1,0.00501882,4494,66,12.7851,1772,1772,0,0.00382797,0.00249477,0,0,0.00664862,0,97,48,0.680412,0,0,0,1,0,0
2,table_pick,13,qpEnvelope,1,1,0.00458717,2063,39,12.3405,1031,1031,0,0.00260771,0.00249477,0,0,0.0119236,0.0644692,25,19,1.56,0,0,0,0.935046,0.0605914,0.00436258
2,table_pick,14,isSafe,0,0,0,0,0,0,0,0,0,inf,inf,0,0,0,0,0,0,0,0,0,0,0,0,0
2,table_pick,14,qpFixed,0,0,0,0,0,0,0,0,0,inf,inf,0,0,0,0,0,0,0,0,0,0,0,0,0
2,table_pick,14,qpAdaptive,0,0,0,0,0,0,0,0,0,inf,inf,0,0,0,0,0,0,0,0,0,0,0,0,0
2,table_pick,14,qpFreeGate,0,0,0,0,0,0,0,0,0,inf,inf,0,0,0,0,0,0,0,0,0,0,0,0,0
2,table_pick,14,qpEnvelope,0,0,0,0,0,0,0,0,0,inf,inf,0,0,0,0,0,0,0,0,0,0,0,0,0
2,table_pick,15,isSafe,1,1,0.051959,60401,33,7.00496,9,352,1,-7.9562e-05,0.00249477,0,0,0,0,76,27,0.434211,0,0,0,0,0,0
2,table_pick,15,qpFixed,1,1,0.00301692,2762,38,8.9449,1243,1243,0,0.00116839,0.00249477,0,0,0.0063257,0,35,27,1.08571,0,0,0,1,0,0
2,table_pick,15,qpAdaptive,1,1,0.000786895,386,12,5.44787,382,382,0,0.00116839,0.00249477,0,0,0.0212519,0.139896,6,5,2,0,0,0,0.857513,0.124352,0.0181347
2,table_pick,15,qpFreeGate,1,1,0.00562873,5144,93,8.92886,1227,1227,0,0.0035421,0.00249477,0,0,0.00705083,0,260,78,0.357692,0,0,0,1,0,0
2,table_pick,15,qpEnvelope,1,1,0.000410401,170,12,5.1734,345,345,0,0.00116839,0.00249477,0,0,0.0313507,0.217647,2,2,6,0,0,0,0.776471,0.194118,0.0294118
2,table_pick,16,isSafe,1,1,0.00967477,11206,8,2.59369,4,131,1,-0.000868929,0.00249477,0,0,0,0,6,4,1.33333,0,0,0,0,0,0
2,table_pick,16,qpFixed,1,1,0.000718718,547,20,2.28073,348,348,2,-0.00026794,0.00249477,0,0,0.00654587,0,4,3,5,0,0,0,1,0,0
2,table_pick,16,qpAdaptive,1,1,0.000494341,233,9,2.34168,182,182,0,3.92055e-05,0.00249477,0,0,0.0219474,0.141631,4,3,2.25,0,0,0,0.854077,0.128755,0.0171674
2,table_pick,16,qpFreeGate,1,1,0.00502414,4672,97,3.03729,445,445,0,0.00347414,0.00249477,0,0,0.0069761,0,234,86,0.41453,0,0,0,1,0,0
2,table_pick,16,qpEnvelope,1,1,0.00050315,222,13,5.22869,354,354,2,-0.000726772,0.00249477,0,0,0.0334741,0.252252,3,3,4.33333,0,0,0,0.743243,0.225225,0.0315315
2,table_pick,17,isSafe,0,0,0,0,0,0,0,0,0,inf,inf,0,0,0,0,0,0,0,0,0,0,0,0,0
2,table_pick,17,qpFixed,0,0,0,0,0,0,0,0,0,inf,inf,0,0,0,0,0,0,0,0,0,0,0,0,0
2,table_pick,17,qpAdaptive,0,0,0,0,0,0,0,0,0,inf,inf,0,0,0,0,0,0,0,0,0,0,0,0,0
2,table_pick,17,qpFreeGate,0,0,0,0,0,0,0,0,0,inf,inf,0,0,0,0,0,0,0,0,0,0,0,0,0
2,table_pick,17,qpEnvelope,0,0,0,0,0,0,0,0,0,inf,inf,0,0,0,0,0,0,0,0,0,0,0,0,0
2,table_pick,18,isSafe,0,0,0,0,0,0,0,0,0,inf,inf,0,0,0,0,0,0,0,0,0,0,0,0,0
2,table_pick,18,qpFixed,0,0,0,0,0,0,0,0,0,inf,inf,0,0,0,0,0,0,0,0,0,0,0,0,0
2,table_pick,18,qpAdaptive,0,0,0,0,0,0,0,0,0,inf,inf,0,0,0,0,0,0,0,0,0,0,0,0,0
2,table_pick,18,qpFreeGate,0,0,0,0,0,0,0,0,0,inf,inf,0,0,0,0,0,0,0,0,0,0,0,0,0
2,table_pick,18,qpEnvelope,0,0,0,0,0,0,0,0,0,inf,inf,0,0,0,0,0,0,0,0,0,0,0,0,0
2,table_pick,19,isSafe,1,1,0.0261186,30259,18,12.1041,14,607,0,0.000145761,0.00249477,0,0,0,0,35,13,0.514286,0,0,0,0,0,0
2,table_pick,19,qpFixed,1,1,0.00817717,6258,69,12.2557,1619,1619,6,-0.000223241,0.00249477,0,0,0.00653668,0,91,60,0.758242,0,0,0,1,0,0
2,table_pick,19,qpAdaptive,1,1,0.00237849,1107,20,10.7491,750,750,0,0.00233015,0.00249477,0,0,0.0149924,0.200542,17,9,1.17647,0,0,0,0.796748,0.194219,0.00903342
2,table_pick,19,qpFreeGate,1,1,0.00470283,4101,83,11.3005,1534,1534,0,0.00217502,0.00249477,0,0,0.00708797,0,178,69,0.466292,0,0,0,1,0,0
2,table_pick,19,qpEnvelope,1,1,0.00229121,954,19,10.7612,685,685,0,0.00134692,0.00249477,0,0,0.0175816,0.0754717,17,9,1.11765,0,0,0,0.924528,0.0649895,0.0104822
2,table_pick,20,isSafe,1,1,0.0128373,14919,10,2.37843,4,120,1,-9.081e-05,0.00249477,0,0,0,0,10,6,1,0,0,0,0,0,0
2,table_pick,20,qpFixed,1,1,0.000522192,414,17,2.22888,335,335,0,0.000327384,0.00249477,0,0,0.00649638,0,2,2,8.5,0,0,0,1,0,0
2,table_pick,20,qpAdaptive,1,1,0.00011942,62,7,3.59607,219,219,0,0.000362036,0.00249477,0,0,0.0580011,0.596774,1,1,7,0,0,0,0.403226,0.532258,0.0645161
2,table_pick,20,qpFreeGate,1,1,0.0478283,43294,728,4.30423,501,501,0,0.00400553,0.00249477,0,0,0.00690689,0,3157,717,0.230599,0,0,0,1,0,0
2,table_pick,20,qpEnvelope,1,1,0.000139675,48,6,3.59626,213,213,0,0.000362036,0.00249477,0,0,0.074922,0.5,1,1,6,0,0,0,0.5,0.4375,0.0625
2,cage,1,isSafe,1,1,0.321824,374101,190,16.0611,18,805,0,0.0057024,0.00249477,0,0,0,0,898,183,0.211581,0,0,0,0,0,0
2,cage,1,qpFixed,1,1,0.265227,153640,1020,14.6489,1990,1990,0,0.00248688,0.00249477,0,0,0.00548124,0,2828,916,0.360679,0,0,0,1,0,0
2,cage,1,qpAdaptive,1,1,0.047243,21792,209,16.4349,1324,1324,10,-0.000281291,0.00249477,0,0,0.00886659,0.0701634,381,163,0.548556,0,0,0,0.929607,0.0677772,0.00261564
2,cage,1,qpFreeGate,1,1,0.459307,342577,4128,22.3223,3044,3044,0,0.00343308,0.00249477,0,0,0.00669368,0,22801,4038,0.181045,0,0,0,1,0,0
2,cage,1,qpEnvelope,1,1,0.0321652,14370,144,11.8369,733,733,0,0.000394619,0.00249477,0,0,0.00939433,0.0375087,255,109,0.564706,0,0,0,0.962491,0.0346555,0.00285317
2,cage,2,isSafe,1,1,1.58965,1843753,935,16.6161,18,832,0,0.000410446,0.00249477,0,0,0,0,6015,926,0.155445,0,0,0,0,0,0
2,cage,2,qpFixed,1,1,0.216977,126027,864,16.9362,2223,2223,8,-0.00041382,0.00249477,0,0,0.00551174,0,2296,773,0.376307,0,0,0,1,0,0
2,cage,2,qpAdaptive,1,1,0.147607,68246,523,26.9569,2615,2615,0,0.00224878,0.00249477,0,0,0.00853411,0.0670662,1329,453,0.393529,0,0,0,0.932743,0.0645019,0.00275474
2,cage,2,qpFreeGate,1,1,0.221204,174251,2192,23.9257,3134,3134,0,0.00610151,0.00249477,0,0,0.00681098,0,10783,2131,0.203283,0,0,0,1,0,0
2,cage,2,qpEnvelope,1,1,0.120983,53167,439,19.7383,1816,1816,0,0.00169691,0.00249477,0,0,0.00907623,0.0369966,1042,367,0.421305,0,0,0,0.962834,0.0341753,0.00299058
2,cage,3,isSafe,1,1,0.555753,645531,325,23.2243,25,1163,0,0.00163749,0.00249477,0,0,0,0,1739,317,0.186889,0,0,0,0,0,0
2,cage,3,qpFixed,1,1,0.208205,115836,748,13.5608,1812,1812,0,0.001325,0.00249477,0,0,0.00540047,0,2160,679,0.346296,0,0,0,1,0,0
2,cage,3,qpAdaptive,1,1,0.0936001,42470,345,20.286,1756,1756,0,0.00264515,0.00249477,0,0,0.00827954,0.0655992,805,283,0.428571,0,0,0,0.934212,0.0633153,0.00247233
2,cage,3,qpFreeGate,1,1,0.247152,191449,2291,11.6549,1522,1522,0,0.0057827,0.00249477,0,0,0.00675329,0,11896,2245,0.192586,0,0,0,1,0,0
2,cage,3,qpEnvelope,1,1,0.060808,26323,233,18.9912,1756,1756,0,0.000145724,0.00249477,0,0,0.00882159,0.0417506,493,184,0.472617,0,0,0,0.958173,0.0391293,0.00269726
2,cage,4,isSafe,1,1,1.04681,1212584,610,16.069,18,805,0,0.00118746,0.00249477,0,0,0,0,3516,601,0.173493,0,0,0,0,0,0
2,cage,4,qpFixed,1,1,0.317003,183620,1212,22.3734,3195,3195,14,-0.00363769,0.00249477,0,0,0.00535894,0,3389,1079,0.357628,0,0,0,1,0,0
2,cage,4,qpAdaptive,1,1,0.120555,55093,479,25.5571,2362,2362,0,0.000305705,0.00249477,0,0,0.00875335,0.0631115,1025,400,0.467317,0,0,0,0.936616,0.0604433,0.00294048
2,cage,4,qpFreeGate,1,1,0.161861,131733,1662,22.2615,2973,2973,0,0.00549975,0.00249477,0,0,0.00682752,0,7732,1612,0.214951,0,0,0,1,0,0
2,cage,4,qpEnvelope,1,1,0.122486,54187,483,25.6131,2219,2219,0,0.00253873,0.00249477,0,0,0.00907966,0.0344363,1025,385,0.47122,0,0,0,0.965527,0.0313913,0.00308192
2,cage,5,isSafe,1,1,0.796646,925251,466,12.7833,14,641,0,0.00272389,0.00249477,0,0,0,0,2512,457,0.18551,0,0,0,0,0,0
2,cage,5,qpFixed,1,1,0.131248,77659,643,15.7928,2177,2177,4,-9.70156e-05,0.00249477,0,0,0.00575698,0,1305,550,0.49272,0,0,0,1,0,0
2,cage,5,qpAdaptive,1,1,0.0962854,44398,411,23.2605,1877,1877,0,0.00181866,0.00249477,0,0,0.00894534,0.070814,807,327,0.509294,0,0,0,0.928938,0.0681562,0.00290554
2,cage,5,qpFreeGate,1,1,0.162882,130838,1685,22.6412,3003,3003,0,0.00276134,0.00249477,0,0,0.0068666,0,7476,1632,0.225388,0,0,0,1,0,0
2,cage,5,qpEnvelope,1,1,0.30877,133130,961,28.2206,2276,2276,0,0.00204623,0.00249477,0,0,0.00854334,0.0261399,2738,859,0.350986,0,0,0,0.973815,0.0232029,0.00298205
2,cage,6,isSafe,1,1,4.12515,4758555,2452,22.7147,24,1137,0,0.000330696,0.00249477,0,0,0,0,18753,2442,0.130752,0,0,0,0,0,0
2,cage,6,qpFixed,1,1,0.0607181,35758,331,18.3219,2561,2561,0,0.00102178,0.00249477,0,0,0.00590912,0,567,257,0.583774,0,0,0,1,0,0
2,cage,6,qpAdaptive,1,1,0.117633,53831,456,21.6467,2162,2162,0,0.00127945,0.00249477,0,0,0.00835503,0.0711672,993,369,0.459215,0,0,0,0.928591,0.0688637,0.002545
2,cage,6,qpFreeGate,1,1,0.0743342,62428,841,14.5756,1883,1883,0,0.00665963,0.00249477,0,0,0.00696919,0,3229,802,0.260452,0,0,0,1,0,0
2,cage,6,qpEnvelope,1,1,0.0981138,42843,408,20.4974,1834,1834,0,0.00142562,0.00249477,0,0,0.00932988,0.0320239,790,320,0.516456,0,0,0,0.967906,0.0289195,0.00317438
2,cage,7,isSafe,1,1,2.74674,3176412,1619,25.0834,27,1256,3,-0.000879233,0.00249477,0,0,0,0,11634,1610,0.139161,0,0,0,0,0,0
2,cage,7,qpFixed,1,1,0.148228,84691,635,17.4453,2429,2429,0,0.00183794,0.00249477,0,0,0.00569345,0,1487,555,0.427034,0,0,0,1,0,0
2,cage,7,qpAdaptive,1,1,0.14871,67368,545,24.9559,2301,2301,0,0.00170572,0.00249477,0,0,0.00859131,0.0670051,1283,463,0.424786,0,0,0,0.932832,0.0643777,0.00279064
2,cage,7,qpFreeGate,1,1,0.207255,164355,2067,23.2497,3201,3201,0,0.00764226,0.00249477,0,0,0.00679662,0,9773,1994,0.211501,0,0,0,1,0,0
2,cage,7,qpEnvelope,1,1,0.147613,63880,533,27.8202,2686,2686,0,0.00269173,0.00249477,0,0,0.00878407,0.0292267,1239,444,0.430186,0,0,0,0.970758,0.0263463,0.00289606
2,cage,8,isSafe,1,1,2.67243,3084771,1571,30.1549,32,1509,0,0.00278943,0.00249477,0,0,0,0,10981,1562,0.143065,0,0,0,0,0,0
2,cage,8,qpFixed,1,1,0.257653,146905,966,19.1099,2638,2638,0,0.0011231,0.00249477,0,0,0.0053441,0,2717,868,0.355539,0,0,0,1,0,0
2,cage,8,qpAdaptive,1,1,0.0720173,32495,302,16.3477,1917,1917,0,0.000379697,0.00249477,0,0,0.00804047,0.0627173,565,238,0.534513,0,0,0,0.93716,0.0606863,0.00215418
2,cage,8,qpFreeGate,1,1,0.248691,195353,2418,23.3797,3157,3157,0,0.00711739,0.00249477,0,0,0.00676499,0,11892,2356,0.20333,0,0,0,1,0,0
2,cage,8,qpEnvelope,1,1,0.04919,21360,216,12.251,1356,1356,0,1.74924e-06,0.00249477,0,0,0.00879953,0.0345506,371,160,0.58221,0,0,0,0.965356,0.0322097,0.00243446
2,cage,9,isSafe,1,1,2.15329,2492647,1260,21.9152,23,1097,0,0.0005386,0.00249477,0,0,0,0,8822,1250,0.142825,0,0,0,0,0,0
2,cage,9,qpFixed,1,1,0.0783624,45808,371,22.2977,3042,3042,0,0.000599489,0.00249477,0,0,0.00566309,0,782,306,0.474425,0,0,0,1,0,0
2,cage,9,qpAdaptive,1,1,0.0560346,25301,244,18.2443,1509,1509,0,0.00274076,0.00249477,0,0,0.00923943,0.0676653,453,193,0.538631,0,0,0,0.93186,0.0649381,0.00320145
2,cage,9,qpFreeGate,1,1,0.129343,104706,1304,22.2119,2899,2899,0,0.00500222,0.00249477,0,0,0.00682312,0,6028,1253,0.216324,0,0,0,1,0,0
2,cage,9,qpEnvelope,1,1,0.0870872,37685,353,21.075,1621,1621,25,-0.00058045,0.00249477,0,0,0.00938069,0.0314449,712,279,0.495787,0,0,0,0.968422,0.028181,0.00339658
2,cage,10,isSafe,1,1,0.990575,1149272,579,21.1039,23,1057,3,-0.0016601,0.00249477,0,0,0,0,3862,573,0.149922,0,0,0,0,0,0
2,cage,10,qpFixed,1,1,0.381209,216191,1270,15.9273,2257,2257,0,0.00140268,0.00249477,0,0,0.00521938,0,4166,1153,0.304849,0,0,0,1,0,0
2,cage,10,qpAdaptive,1,1,0.242093,110293,766,26.6876,2912,2912,0,0.000386507,0.00249477,0,0,0.00782993,0.0621798,2188,662,0.350091,0,0,0,0.937648,0.0600401,0.00231202
2,cage,10,qpFreeGate,1,1,0.162833,132126,1658,16.3024,2248,2248,0,0.00622921,0.00249477,0,0,0.0068306,0,8181,1598,0.202665,0,0,0,1,0,0
2,cage,10,qpEnvelope,1,1,0.208011,90773,687,18.2601,1452,1452,3,-2.54396e-05,0.00249477,0,0,0.0082178,0.0295132,1805,572,0.380609,0,0,0,0.97041,0.0269904,0.00259989
2,cage,11,isSafe,1,1,2.17267,2514726,1276,19.9278,21,998,1,-0.000440095,0.00249477,0,0,0,0,9186,1267,0.138907,0,0,0,0,0,0
2,cage,11,qpFixed,1,1,0.421905,240398,1393,19.486,2527,2527,0,0.00030558,0.00249477,0,0,0.00521113,0,4631,1295,0.300799,0,0,0,1,0,0
2,cage,11,qpAdaptive,1,1,0.0699344,32301,299,25.0905,2349,2349,0,0.00104422,0.00249477,0,0,0.0089191,0.0766849,573,239,0.521815,0,0,0,0.922975,0.0744559,0.00256958
2,cage,11,qpFreeGate,1,1,0.189303,151102,1910,16.4801,2169,2169,0,0.00741609,0.00249477,0,0,0.0068312,0,9170,1855,0.208288,0,0,0,1,0,0
2,cage,11,qpEnvelope,1,1,0.125064,55521,468,26.0924,2451,2451,4,-0.000102402,0.00249477,0,0,0.00873154,0.0350858,1066,383,0.439024,0,0,0,0.96486,0.0324382,0.00270168
2,cage,12,isSafe,1,1,1.35252,1569093,794,20.3044,22,1017,0,0.000504029,0.00249477,0,0,0,0,4852,786,0.163644,0,0,0,0,0,0
2,cage,12,qpFixed,1,1,0.306232,176889,1155,16.4421,2295,2295,0,0.000374129,0.00249477,0,0,0.00540309,0,3274,1050,0.352779,0,0,0,1,0,0
2,cage,12,qpAdaptive,1,1,0.0413309,19005,201,21.0629,1885,1885,0,0.00277738,0.00249477,0,0,0.00935457,0.0762957,321,151,0.626168,0,0,0,0.923178,0.073507,0.00331492
2,cage,12,qpFreeGate,1,1,0.329908,251725,3185,15.8497,2049,2049,0,0.00492832,0.00249477,0,0,0.0067193,0,16737,3125,0.190297,0,0,0,1,0,0
2,cage,12,qpEnvelope,1,1,0.398473,170887,1171,24.0795,1949,1949,0,0.00103172,0.00249477,0,0,0.0082141,0.0266433,3549,1038,0.329952,0,0,0,0.973292,0.0238871,0.00282058
2,cage,13,isSafe,1,1,3.12335,3608255,1848,24.9539,26,1249,0,0.0020595,0.00249477,0,0,0,0,13406,1841,0.137849,0,0,0,0,0,0
2,cage,13,qpFixed,1,1,0.090734,52222,446,15.737,2110,2110,0,0.0017519,0.00249477,0,0,0.00581444,0,864,366,0.516204,0,0,0,1,0,0
2,cage,13,qpAdaptive,1,1,0.065031,29912,293,20.8236,1750,1750,0,0.00160859,0.00249477,0,0,0.00867181,0.0782629,517,225,0.566731,0,0,0,0.921436,0.0759896,0.00257422
2,cage,13,qpFreeGate,1,1,0.489685,360426,4448,16.8471,2202,2202,0,0.00502216,0.00249477,0,0,0.00666986,0,25065,4377,0.177459,0,0,0,1,0,0
2,cage,13,qpEnvelope,1,1,0.0560023,24276,267,16.7841,1516,1516,0,0.00172486,0.00249477,0,0,0.00927687,0.0459713,407,188,0.65602,0,0,0,0.953946,0.0431702,0.00288351
2,cage,14,isSafe,1,1,0.992108,1149181,578,15.1423,17,759,3,-0.00304457,0.00249477,0,0,0,0,3453,570,0.167391,0,0,0,0,0,0
2,cage,14,qpFixed,1,1,0.0969264,56322,463,17.6212,2459,2459,0,0.00202448,0.00249477,0,0,0.00580491,0,955,370,0.484817,0,0,0,1,0,0
2,cage,14,qpAdaptive,1,1,0.162318,74667,580,25.8472,2306,2306,0,0.000628195,0.00249477,0,0,0.00824972,0.0657854,1435,498,0.404181,0,0,0,0.93404,0.0633747,0.00258481
2,cage,14,qpFreeGate,1,1,0.165993,132957,1638,20.1128,2702,2702,0,0.00756502,0.00249477,0,0,0.00686887,0,7392,1579,0.221591,0,0,0,1,0,0
2,cage,14,qpEnvelope,1,1,0.0521284,23133,231,15.6707,1134,1134,0,0.00249538,0.00249477,0,0,0.00926546,0.0391648,407,179,0.567568,0,0,0,0.960792,0.0365711,0.00263693
2,cage,15,isSafe,1,1,0.965636,1121229,563,28.4583,30,1424,0,0.00445512,0.00249477,0,0,0,0,3217,554,0.175008,0,0,0,0,0,0
2,cage,15,qpFixed,1,1,0.0850666,49206,406,13.7137,1846,1846,3,-0.000195356,0.00249477,0,0,0.00592784,0,831,327,0.488568,0,0,0,1,0,0
2,cage,15,qpAdaptive,1,1,0.0163068,7542,107,14.2055,1253,1253,0,0.00196215,0.00249477,0,0,0.0104751,0.0894988,105,71,1.01905,0,0,0,0.910501,0.086184,0.00331477
2,cage,15,qpFreeGate,1,1,0.173077,139263,1799,20.2115,2640,2640,0,0.00638179,0.00249477,0,0,0.00683324,0,8571,1738,0.209894,0,0,0,1,0,0
2,cage,15,qpEnvelope,1,1,0.0173344,7488,109,14.942,1253,1253,2,-5.3507e-05,0.00249477,0,0,0.0107996,0.0540865,105,69,1.0381,0,0,0,0.94578,0.0504808,0.00373932
2,cage,16,isSafe,1,1,0.190871,222114,114,18.0242,20,903,0,0.00592978,0.00249477,0,0,0,0,533,108,0.213884,0,0,0,0,0,0
2,cage,16,qpFixed,1,1,0.106815,60679,462,19.8237,2717,2717,0,0.00120365,0.00249477,0,0,0.0055382,0,1066,401,0.433396,0,0,0,1,0,0
2,cage,16,qpAdaptive,1,1,0.167243,75487,556,19.3927,1980,1980,0,0.00107932,0.00249477,0,0,0.00780201,0.0570694,1472,484,0.377717,0,0,0,0.942745,0.0549366,0.00231828
2,cage,16,qpFreeGate,1,1,0.0956619,80094,1040,17.8367,2392,2392,0,0.00553128,0.00249477,0,0,0.00687833,0,4572,1005,0.227472,0,0,0,1,0,0
2,cage,16,qpEnvelope,1,1,0.167124,73305,558,12.3174,1335,1335,0,0.000350003,0.00249477,0,0,0.00826458,0.03289,1456,492,0.383242,0,0,0,0.967042,0.0303117,0.00264648
2,cage,17,isSafe,1,1,1.14711,1343236,677,21.8973,23,1096,0,0.000547487,0.00249477,0,0,0,0,4468,670,0.151522,0,0,0,0,0,0
2,cage,17,qpFixed,1,1,0.119012,70553,542,19.6806,2760,2760,0,0.00110879,0.00249477,0,0,0.00554687,0,1227,466,0.441728,0,0,0,1,0,0
2,cage,17,qpAdaptive,1,1,0.0900589,41792,362,18.9362,1889,1889,0,0.000861139,0.00249477,0,0,0.00786472,0.0620693,752,281,0.481383,0,0,0,0.937811,0.060179,0.00200995
2,cage,17,qpFreeGate,1,1,0.103428,86037,1145,20.1958,2699,2699,0,0.00700816,0.00249477,0,0,0.00686221,0,4949,1100,0.23136,0,0,0,1,0,0
2,cage,17,qpEnvelope,1,1,0.048617,21796,203,16.466,1119,1119,0,0.00105345,0.00249477,0,0,0.00910966,0.036704,403,161,0.503722,0,0,0,0.963204,0.0339512,0.00284456
2,cage,18,isSafe,1,1,1.1653,1362102,688,26.0609,28,1305,0,0.00704424,0.00249477,0,0,0,0,4264,681,0.161351,0,0,0,0,0,0
2,cage,18,qpFixed,1,1,0.15412,89987,663,19.4472,2610,2610,0,0.00145775,0.00249477,0,0,0.00558864,0,1595,568,0.415674,0,0,0,1,0,0
2,cage,18,qpAdaptive,1,1,0.161022,74891,575,25.3643,2043,2043,0,0.00264708,0.00249477,0,0,0.00866524,0.0652949,1472,493,0.390625,0,0,0,0.934465,0.0626778,0.00285749
2,cage,18,qpFreeGate,1,1,0.408059,313637,3825,12.2182,1725,1725,0,0.0110859,0.00249477,0,0,0.0066915,0,21102,3754,0.181262,0,0,0,1,0,0
2,cage,18,qpEnvelope,1,1,0.167379,74354,588,25.0526,2162,2162,0,0.00275144,0.00249477,0,0,0.00874128,0.0297899,1474,487,0.398915,0,0,0,0.970183,0.0270328,0.00278398
2,cage,19,isSafe,1,1,1.4554,1701330,860,24.6247,26,1233,0,0.00346819,0.00249477,0,0,0,0,5856,853,0.146858,0,0,0,0,0,0
2,cage,19,qpFixed,1,1,0.308792,178747,1087,22.4674,3157,3157,5,-0.00253691,0.00249477,0,0,0.00530237,0,3394,977,0.320271,0,0,0,1,0,0
2,cage,19,qpAdaptive,1,1,0.167507,76125,583,19.1846,2045,2045,0,0.00106137,0.00249477,0,0,0.00810283,0.0642759,1473,498,0.395791,0,0,0,0.93554,0.0619113,0.00254844
2,cage,19,qpFreeGate,1,1,0.106123,87813,1141,15.4778,2145,2145,0,0.00774045,0.00249477,0,0,0.00692015,0,4842,1093,0.235646,0,0,0,1,0,0
2,cage,19,qpEnvelope,1,1,0.301215,131604,910,21.2785,2023,2023,4,-0.000117443,0.00249477,0,0,0.00831634,0.0286997,2728,808,0.333578,0,0,0,0.971255,0.0259187,0.00282666
2,cage,20,isSafe,1,1,0.675257,789792,398,14.2524,16,714,0,0.00106314,0.00249477,0,0,0,0,2069,390,0.192363,0,0,0,0,0,0
2,cage,20,qpFixed,1,1,0.256752,150332,1038,22.4691,3104,3104,0,0.000264527,0.00249477,0,0,0.00545321,0,2732,920,0.379941,0,0,0,1,0,0
2,cage,20,qpAdaptive,1,1,0.0346527,15954,179,14.546,1227,1227,0,0.0013263,0.00249477,0,0,0.00961554,0.0920145,261,130,0.685824,0,0,0,0.907609,0.0889432,0.00344741
2,cage,20,qpFreeGate,1,1,0.161856,131682,1668,21.1051,2856,2856,0,0.00616588,0.00249477,0,0,0.00689578,0,7135,1602,0.233777,0,0,0,1,0,0
2,cage,20,qpEnvelope,1,1,0.0426675,18895,202,15.1573,1111,1111,1,-0.000173565,0.00249477,0,0,0.00937385,0.0431331,331,154,0.610272,0,0,0,0.956761,0.0398518,0.00338714
